"Statistic:   Number of Acceptances"
"Variables:   Subject Group (Summary Level) , Age Band , Cycle Year"
"Coverage:   All"
"For a list of key definitions and descriptions please refer to the PDF file provided - EOC_data_resource_2016-DR3_013_01.pdf"
 
Cycle Year,Subject Group (Summary Level) , Age Band,Number of Acceptances,
2007 ,"'Group A Medicine and Dentistry' ","'17 and under' ",120
2007 ,"'Group A Medicine and Dentistry' ","'18' ",5395
2007 ,"'Group A Medicine and Dentistry' ","'19' ",1325
2007 ,"'Group A Medicine and Dentistry' ","'20' ",260
2007 ,"'Group A Medicine and Dentistry' ","'21 and over' ",1965
2007 ,"'Group B Subjects allied to Medicine' ","'17 and under' ",260
2007 ,"'Group B Subjects allied to Medicine' ","'18' ",11235
2007 ,"'Group B Subjects allied to Medicine' ","'19' ",4260
2007 ,"'Group B Subjects allied to Medicine' ","'20' ",1630
2007 ,"'Group B Subjects allied to Medicine' ","'21 and over' ",9825
2007 ,"'Group C Biological Sciences' ","'17 and under' ",370
2007 ,"'Group C Biological Sciences' ","'18' ",19235
2007 ,"'Group C Biological Sciences' ","'19' ",5720
2007 ,"'Group C Biological Sciences' ","'20' ",1970
2007 ,"'Group C Biological Sciences' ","'21 and over' ",4895
2007 ,"'Group D Veterinary Sciences, Agriculture and related' ","'17 and under' ",65
2007 ,"'Group D Veterinary Sciences, Agriculture and related' ","'18' ",2050
2007 ,"'Group D Veterinary Sciences, Agriculture and related' ","'19' ",665
2007 ,"'Group D Veterinary Sciences, Agriculture and related' ","'20' ",320
2007 ,"'Group D Veterinary Sciences, Agriculture and related' ","'21 and over' ",1230
2007 ,"'Group F Physical Sciences' ","'17 and under' ",235
2007 ,"'Group F Physical Sciences' ","'18' ",10565
2007 ,"'Group F Physical Sciences' ","'19' ",2205
2007 ,"'Group F Physical Sciences' ","'20' ",690
2007 ,"'Group F Physical Sciences' ","'21 and over' ",1780
2007 ,"'Group G Mathematical Sciences' ","'17 and under' ",130
2007 ,"'Group G Mathematical Sciences' ","'18' ",4125
2007 ,"'Group G Mathematical Sciences' ","'19' ",880
2007 ,"'Group G Mathematical Sciences' ","'20' ",275
2007 ,"'Group G Mathematical Sciences' ","'21 and over' ",420
2007 ,"'Group H Engineering' ","'17 and under' ",590
2007 ,"'Group H Engineering' ","'18' ",9940
2007 ,"'Group H Engineering' ","'19' ",3695
2007 ,"'Group H Engineering' ","'20' ",2000
2007 ,"'Group H Engineering' ","'21 and over' ",4875
2007 ,"'Group I Computer Sciences' ","'17 and under' ",180
2007 ,"'Group I Computer Sciences' ","'18' ",7105
2007 ,"'Group I Computer Sciences' ","'19' ",3400
2007 ,"'Group I Computer Sciences' ","'20' ",1910
2007 ,"'Group I Computer Sciences' ","'21 and over' ",4690
2007 ,"'Group J Technologies' ","'17 and under' ",25
2007 ,"'Group J Technologies' ","'18' ",975
2007 ,"'Group J Technologies' ","'19' ",540
2007 ,"'Group J Technologies' ","'20' ",280
2007 ,"'Group J Technologies' ","'21 and over' ",775
2007 ,"'Group K Architecture, Building and Planning' ","'17 and under' ",150
2007 ,"'Group K Architecture, Building and Planning' ","'18' ",4575
2007 ,"'Group K Architecture, Building and Planning' ","'19' ",1800
2007 ,"'Group K Architecture, Building and Planning' ","'20' ",725
2007 ,"'Group K Architecture, Building and Planning' ","'21 and over' ",2050
2007 ,"'Group L Social Studies' ","'17 and under' ",340
2007 ,"'Group L Social Studies' ","'18' ",13425
2007 ,"'Group L Social Studies' ","'19' ",5180
2007 ,"'Group L Social Studies' ","'20' ",1980
2007 ,"'Group L Social Studies' ","'21 and over' ",9485
2007 ,"'Group M Law' ","'17 and under' ",355
2007 ,"'Group M Law' ","'18' ",10785
2007 ,"'Group M Law' ","'19' ",3110
2007 ,"'Group M Law' ","'20' ",1155
2007 ,"'Group M Law' ","'21 and over' ",3670
2007 ,"'Group N Business and Admin studies' ","'17 and under' ",740
2007 ,"'Group N Business and Admin studies' ","'18' ",22525
2007 ,"'Group N Business and Admin studies' ","'19' ",10555
2007 ,"'Group N Business and Admin studies' ","'20' ",4915
2007 ,"'Group N Business and Admin studies' ","'21 and over' ",10995
2007 ,"'Group P Mass Communication and Documentation' ","'17 and under' ",75
2007 ,"'Group P Mass Communication and Documentation' ","'18' ",4950
2007 ,"'Group P Mass Communication and Documentation' ","'19' ",2060
2007 ,"'Group P Mass Communication and Documentation' ","'20' ",865
2007 ,"'Group P Mass Communication and Documentation' ","'21 and over' ",1530
2007 ,"'Group Q Linguistics, Classics and related' ","'17 and under' ",130
2007 ,"'Group Q Linguistics, Classics and related' ","'18' ",6950
2007 ,"'Group Q Linguistics, Classics and related' ","'19' ",1950
2007 ,"'Group Q Linguistics, Classics and related' ","'20' ",540
2007 ,"'Group Q Linguistics, Classics and related' ","'21 and over' ",1285
2007 ,"'Group R European Languages, Literature and related' ","'17 and under' ",75
2007 ,"'Group R European Languages, Literature and related' ","'18' ",2935
2007 ,"'Group R European Languages, Literature and related' ","'19' ",530
2007 ,"'Group R European Languages, Literature and related' ","'20' ",130
2007 ,"'Group R European Languages, Literature and related' ","'21 and over' ",365
2007 ,"'Group T Non-European Languages, Literature and related' ","'17 and under' ",25
2007 ,"'Group T Non-European Languages, Literature and related' ","'18' ",1120
2007 ,"'Group T Non-European Languages, Literature and related' ","'19' ",265
2007 ,"'Group T Non-European Languages, Literature and related' ","'20' ",85
2007 ,"'Group T Non-European Languages, Literature and related' ","'21 and over' ",210
2007 ,"'Group V History and Philosophical studies' ","'17 and under' ",110
2007 ,"'Group V History and Philosophical studies' ","'18' ",8700
2007 ,"'Group V History and Philosophical studies' ","'19' ",2195
2007 ,"'Group V History and Philosophical studies' ","'20' ",565
2007 ,"'Group V History and Philosophical studies' ","'21 and over' ",1445
2007 ,"'Group W Creative Arts and Design' ","'17 and under' ",180
2007 ,"'Group W Creative Arts and Design' ","'18' ",15770
2007 ,"'Group W Creative Arts and Design' ","'19' ",14405
2007 ,"'Group W Creative Arts and Design' ","'20' ",5115
2007 ,"'Group W Creative Arts and Design' ","'21 and over' ",10420
2007 ,"'Group X Education' ","'17 and under' ",40
2007 ,"'Group X Education' ","'18' ",6125
2007 ,"'Group X Education' ","'19' ",2030
2007 ,"'Group X Education' ","'20' ",930
2007 ,"'Group X Education' ","'21 and over' ",3910
2007 ,"'Y Combined arts' ","'17 and under' ",115
2007 ,"'Y Combined arts' ","'18' ",8440
2007 ,"'Y Combined arts' ","'19' ",2830
2007 ,"'Y Combined arts' ","'20' ",965
2007 ,"'Y Combined arts' ","'21 and over' ",2345
2007 ,"'Y Combined sciences' ","'17 and under' ",130
2007 ,"'Y Combined sciences' ","'18' ",4545
2007 ,"'Y Combined sciences' ","'19' ",1470
2007 ,"'Y Combined sciences' ","'20' ",675
2007 ,"'Y Combined sciences' ","'21 and over' ",1615
2007 ,"'Y Combined social sciences' ","'17 and under' ",100
2007 ,"'Y Combined social sciences' ","'18' ",3460
2007 ,"'Y Combined social sciences' ","'19' ",1485
2007 ,"'Y Combined social sciences' ","'20' ",505
2007 ,"'Y Combined social sciences' ","'21 and over' ",890
2007 ,"'Y Sciences combined with Social Sciences or Arts' ","'17 and under' ",215
2007 ,"'Y Sciences combined with Social Sciences or Arts' ","'18' ",11970
2007 ,"'Y Sciences combined with Social Sciences or Arts' ","'19' ",4640
2007 ,"'Y Sciences combined with Social Sciences or Arts' ","'20' ",1865
2007 ,"'Y Sciences combined with Social Sciences or Arts' ","'21 and over' ",4410
2007 ,"'Y Social Sciences combined with Arts' ","'17 and under' ",185
2007 ,"'Y Social Sciences combined with Arts' ","'18' ",7345
2007 ,"'Y Social Sciences combined with Arts' ","'19' ",2780
2007 ,"'Y Social Sciences combined with Arts' ","'20' ",930
2007 ,"'Y Social Sciences combined with Arts' ","'21 and over' ",1970
2007 ,"'Z General, other combined and unknown' ","'17 and under' ",170
2007 ,"'Z General, other combined and unknown' ","'18' ",2810
2007 ,"'Z General, other combined and unknown' ","'19' ",1120
2007 ,"'Z General, other combined and unknown' ","'20' ",440
2007 ,"'Z General, other combined and unknown' ","'21 and over' ",1410
2008 ,"'Group A Medicine and Dentistry' ","'17 and under' ",165
2008 ,"'Group A Medicine and Dentistry' ","'18' ",5350
2008 ,"'Group A Medicine and Dentistry' ","'19' ",1420
2008 ,"'Group A Medicine and Dentistry' ","'20' ",270
2008 ,"'Group A Medicine and Dentistry' ","'21 and over' ",2055
2008 ,"'Group B Subjects allied to Medicine' ","'17 and under' ",485
2008 ,"'Group B Subjects allied to Medicine' ","'18' ",14240
2008 ,"'Group B Subjects allied to Medicine' ","'19' ",6035
2008 ,"'Group B Subjects allied to Medicine' ","'20' ",2940
2008 ,"'Group B Subjects allied to Medicine' ","'21 and over' ",19370
2008 ,"'Group C Biological Sciences' ","'17 and under' ",305
2008 ,"'Group C Biological Sciences' ","'18' ",20255
2008 ,"'Group C Biological Sciences' ","'19' ",6095
2008 ,"'Group C Biological Sciences' ","'20' ",2245
2008 ,"'Group C Biological Sciences' ","'21 and over' ",5375
2008 ,"'Group D Veterinary Sciences, Agriculture and related' ","'17 and under' ",85
2008 ,"'Group D Veterinary Sciences, Agriculture and related' ","'18' ",2260
2008 ,"'Group D Veterinary Sciences, Agriculture and related' ","'19' ",830
2008 ,"'Group D Veterinary Sciences, Agriculture and related' ","'20' ",345
2008 ,"'Group D Veterinary Sciences, Agriculture and related' ","'21 and over' ",1285
2008 ,"'Group F Physical Sciences' ","'17 and under' ",190
2008 ,"'Group F Physical Sciences' ","'18' ",11010
2008 ,"'Group F Physical Sciences' ","'19' ",2445
2008 ,"'Group F Physical Sciences' ","'20' ",760
2008 ,"'Group F Physical Sciences' ","'21 and over' ",1795
2008 ,"'Group G Mathematical Sciences' ","'17 and under' ",120
2008 ,"'Group G Mathematical Sciences' ","'18' ",4485
2008 ,"'Group G Mathematical Sciences' ","'19' ",1015
2008 ,"'Group G Mathematical Sciences' ","'20' ",345
2008 ,"'Group G Mathematical Sciences' ","'21 and over' ",430
2008 ,"'Group H Engineering' ","'17 and under' ",630
2008 ,"'Group H Engineering' ","'18' ",10765
2008 ,"'Group H Engineering' ","'19' ",4120
2008 ,"'Group H Engineering' ","'20' ",2255
2008 ,"'Group H Engineering' ","'21 and over' ",5170
2008 ,"'Group I Computer Sciences' ","'17 and under' ",180
2008 ,"'Group I Computer Sciences' ","'18' ",7535
2008 ,"'Group I Computer Sciences' ","'19' ",3640
2008 ,"'Group I Computer Sciences' ","'20' ",2100
2008 ,"'Group I Computer Sciences' ","'21 and over' ",5055
2008 ,"'Group J Technologies' ","'17 and under' ",25
2008 ,"'Group J Technologies' ","'18' ",950
2008 ,"'Group J Technologies' ","'19' ",610
2008 ,"'Group J Technologies' ","'20' ",335
2008 ,"'Group J Technologies' ","'21 and over' ",800
2008 ,"'Group K Architecture, Building and Planning' ","'17 and under' ",140
2008 ,"'Group K Architecture, Building and Planning' ","'18' ",4830
2008 ,"'Group K Architecture, Building and Planning' ","'19' ",2095
2008 ,"'Group K Architecture, Building and Planning' ","'20' ",820
2008 ,"'Group K Architecture, Building and Planning' ","'21 and over' ",2355
2008 ,"'Group L Social Studies' ","'17 and under' ",385
2008 ,"'Group L Social Studies' ","'18' ",14660
2008 ,"'Group L Social Studies' ","'19' ",5705
2008 ,"'Group L Social Studies' ","'20' ",2490
2008 ,"'Group L Social Studies' ","'21 and over' ",10320
2008 ,"'Group M Law' ","'17 and under' ",345
2008 ,"'Group M Law' ","'18' ",11325
2008 ,"'Group M Law' ","'19' ",3550
2008 ,"'Group M Law' ","'20' ",1370
2008 ,"'Group M Law' ","'21 and over' ",3890
2008 ,"'Group N Business and Admin studies' ","'17 and under' ",770
2008 ,"'Group N Business and Admin studies' ","'18' ",23930
2008 ,"'Group N Business and Admin studies' ","'19' ",11690
2008 ,"'Group N Business and Admin studies' ","'20' ",6230
2008 ,"'Group N Business and Admin studies' ","'21 and over' ",12345
2008 ,"'Group P Mass Communication and Documentation' ","'17 and under' ",70
2008 ,"'Group P Mass Communication and Documentation' ","'18' ",5195
2008 ,"'Group P Mass Communication and Documentation' ","'19' ",2265
2008 ,"'Group P Mass Communication and Documentation' ","'20' ",980
2008 ,"'Group P Mass Communication and Documentation' ","'21 and over' ",1690
2008 ,"'Group Q Linguistics, Classics and related' ","'17 and under' ",80
2008 ,"'Group Q Linguistics, Classics and related' ","'18' ",7360
2008 ,"'Group Q Linguistics, Classics and related' ","'19' ",2245
2008 ,"'Group Q Linguistics, Classics and related' ","'20' ",625
2008 ,"'Group Q Linguistics, Classics and related' ","'21 and over' ",1325
2008 ,"'Group R European Languages, Literature and related' ","'17 and under' ",70
2008 ,"'Group R European Languages, Literature and related' ","'18' ",3255
2008 ,"'Group R European Languages, Literature and related' ","'19' ",625
2008 ,"'Group R European Languages, Literature and related' ","'20' ",155
2008 ,"'Group R European Languages, Literature and related' ","'21 and over' ",370
2008 ,"'Group T Non-European Languages, Literature and related' ","'17 and under' ",20
2008 ,"'Group T Non-European Languages, Literature and related' ","'18' ",955
2008 ,"'Group T Non-European Languages, Literature and related' ","'19' ",245
2008 ,"'Group T Non-European Languages, Literature and related' ","'20' ",75
2008 ,"'Group T Non-European Languages, Literature and related' ","'21 and over' ",190
2008 ,"'Group V History and Philosophical studies' ","'17 and under' ",85
2008 ,"'Group V History and Philosophical studies' ","'18' ",9235
2008 ,"'Group V History and Philosophical studies' ","'19' ",2460
2008 ,"'Group V History and Philosophical studies' ","'20' ",670
2008 ,"'Group V History and Philosophical studies' ","'21 and over' ",1710
2008 ,"'Group W Creative Arts and Design' ","'17 and under' ",215
2008 ,"'Group W Creative Arts and Design' ","'18' ",16960
2008 ,"'Group W Creative Arts and Design' ","'19' ",14595
2008 ,"'Group W Creative Arts and Design' ","'20' ",5815
2008 ,"'Group W Creative Arts and Design' ","'21 and over' ",11070
2008 ,"'Group X Education' ","'17 and under' ",50
2008 ,"'Group X Education' ","'18' ",6865
2008 ,"'Group X Education' ","'19' ",2265
2008 ,"'Group X Education' ","'20' ",1155
2008 ,"'Group X Education' ","'21 and over' ",4325
2008 ,"'Y Combined arts' ","'17 and under' ",105
2008 ,"'Y Combined arts' ","'18' ",8525
2008 ,"'Y Combined arts' ","'19' ",2825
2008 ,"'Y Combined arts' ","'20' ",1075
2008 ,"'Y Combined arts' ","'21 and over' ",2275
2008 ,"'Y Combined sciences' ","'17 and under' ",120
2008 ,"'Y Combined sciences' ","'18' ",4725
2008 ,"'Y Combined sciences' ","'19' ",1510
2008 ,"'Y Combined sciences' ","'20' ",640
2008 ,"'Y Combined sciences' ","'21 and over' ",1710
2008 ,"'Y Combined social sciences' ","'17 and under' ",105
2008 ,"'Y Combined social sciences' ","'18' ",3600
2008 ,"'Y Combined social sciences' ","'19' ",1645
2008 ,"'Y Combined social sciences' ","'20' ",580
2008 ,"'Y Combined social sciences' ","'21 and over' ",960
2008 ,"'Y Sciences combined with Social Sciences or Arts' ","'17 and under' ",200
2008 ,"'Y Sciences combined with Social Sciences or Arts' ","'18' ",12240
2008 ,"'Y Sciences combined with Social Sciences or Arts' ","'19' ",4845
2008 ,"'Y Sciences combined with Social Sciences or Arts' ","'20' ",2160
2008 ,"'Y Sciences combined with Social Sciences or Arts' ","'21 and over' ",4720
2008 ,"'Y Social Sciences combined with Arts' ","'17 and under' ",185
2008 ,"'Y Social Sciences combined with Arts' ","'18' ",7520
2008 ,"'Y Social Sciences combined with Arts' ","'19' ",2810
2008 ,"'Y Social Sciences combined with Arts' ","'20' ",1040
2008 ,"'Y Social Sciences combined with Arts' ","'21 and over' ",2155
2008 ,"'Z General, other combined and unknown' ","'17 and under' ",110
2008 ,"'Z General, other combined and unknown' ","'18' ",2625
2008 ,"'Z General, other combined and unknown' ","'19' ",1045
2008 ,"'Z General, other combined and unknown' ","'20' ",450
2008 ,"'Z General, other combined and unknown' ","'21 and over' ",1400
2009 ,"'Group A Medicine and Dentistry' ","'17 and under' ",145
2009 ,"'Group A Medicine and Dentistry' ","'18' ",5250
2009 ,"'Group A Medicine and Dentistry' ","'19' ",1450
2009 ,"'Group A Medicine and Dentistry' ","'20' ",285
2009 ,"'Group A Medicine and Dentistry' ","'21 and over' ",2100
2009 ,"'Group B Subjects allied to Medicine' ","'17 and under' ",450
2009 ,"'Group B Subjects allied to Medicine' ","'18' ",14755
2009 ,"'Group B Subjects allied to Medicine' ","'19' ",6600
2009 ,"'Group B Subjects allied to Medicine' ","'20' ",3225
2009 ,"'Group B Subjects allied to Medicine' ","'21 and over' ",23100
2009 ,"'Group C Biological Sciences' ","'17 and under' ",350
2009 ,"'Group C Biological Sciences' ","'18' ",21720
2009 ,"'Group C Biological Sciences' ","'19' ",6740
2009 ,"'Group C Biological Sciences' ","'20' ",2500
2009 ,"'Group C Biological Sciences' ","'21 and over' ",5645
2009 ,"'Group D Veterinary Sciences, Agriculture and related' ","'17 and under' ",90
2009 ,"'Group D Veterinary Sciences, Agriculture and related' ","'18' ",2485
2009 ,"'Group D Veterinary Sciences, Agriculture and related' ","'19' ",915
2009 ,"'Group D Veterinary Sciences, Agriculture and related' ","'20' ",420
2009 ,"'Group D Veterinary Sciences, Agriculture and related' ","'21 and over' ",1555
2009 ,"'Group F Physical Sciences' ","'17 and under' ",205
2009 ,"'Group F Physical Sciences' ","'18' ",11575
2009 ,"'Group F Physical Sciences' ","'19' ",2660
2009 ,"'Group F Physical Sciences' ","'20' ",880
2009 ,"'Group F Physical Sciences' ","'21 and over' ",1965
2009 ,"'Group G Mathematical Sciences' ","'17 and under' ",150
2009 ,"'Group G Mathematical Sciences' ","'18' ",5230
2009 ,"'Group G Mathematical Sciences' ","'19' ",1295
2009 ,"'Group G Mathematical Sciences' ","'20' ",465
2009 ,"'Group G Mathematical Sciences' ","'21 and over' ",565
2009 ,"'Group H Engineering' ","'17 and under' ",695
2009 ,"'Group H Engineering' ","'18' ",11985
2009 ,"'Group H Engineering' ","'19' ",4665
2009 ,"'Group H Engineering' ","'20' ",2445
2009 ,"'Group H Engineering' ","'21 and over' ",5645
2009 ,"'Group I Computer Sciences' ","'17 and under' ",215
2009 ,"'Group I Computer Sciences' ","'18' ",8215
2009 ,"'Group I Computer Sciences' ","'19' ",4175
2009 ,"'Group I Computer Sciences' ","'20' ",2255
2009 ,"'Group I Computer Sciences' ","'21 and over' ",5425
2009 ,"'Group J Technologies' ","'17 and under' ",30
2009 ,"'Group J Technologies' ","'18' ",1150
2009 ,"'Group J Technologies' ","'19' ",710
2009 ,"'Group J Technologies' ","'20' ",375
2009 ,"'Group J Technologies' ","'21 and over' ",815
2009 ,"'Group K Architecture, Building and Planning' ","'17 and under' ",130
2009 ,"'Group K Architecture, Building and Planning' ","'18' ",4610
2009 ,"'Group K Architecture, Building and Planning' ","'19' ",2035
2009 ,"'Group K Architecture, Building and Planning' ","'20' ",915
2009 ,"'Group K Architecture, Building and Planning' ","'21 and over' ",2600
2009 ,"'Group L Social Studies' ","'17 and under' ",420
2009 ,"'Group L Social Studies' ","'18' ",16330
2009 ,"'Group L Social Studies' ","'19' ",6660
2009 ,"'Group L Social Studies' ","'20' ",2520
2009 ,"'Group L Social Studies' ","'21 and over' ",10815
2009 ,"'Group M Law' ","'17 and under' ",370
2009 ,"'Group M Law' ","'18' ",11930
2009 ,"'Group M Law' ","'19' ",3765
2009 ,"'Group M Law' ","'20' ",1525
2009 ,"'Group M Law' ","'21 and over' ",4440
2009 ,"'Group N Business and Admin studies' ","'17 and under' ",745
2009 ,"'Group N Business and Admin studies' ","'18' ",25425
2009 ,"'Group N Business and Admin studies' ","'19' ",12665
2009 ,"'Group N Business and Admin studies' ","'20' ",6575
2009 ,"'Group N Business and Admin studies' ","'21 and over' ",13005
2009 ,"'Group P Mass Communication and Documentation' ","'17 and under' ",70
2009 ,"'Group P Mass Communication and Documentation' ","'18' ",5750
2009 ,"'Group P Mass Communication and Documentation' ","'19' ",2435
2009 ,"'Group P Mass Communication and Documentation' ","'20' ",1035
2009 ,"'Group P Mass Communication and Documentation' ","'21 and over' ",1735
2009 ,"'Group Q Linguistics, Classics and related' ","'17 and under' ",85
2009 ,"'Group Q Linguistics, Classics and related' ","'18' ",8110
2009 ,"'Group Q Linguistics, Classics and related' ","'19' ",2465
2009 ,"'Group Q Linguistics, Classics and related' ","'20' ",690
2009 ,"'Group Q Linguistics, Classics and related' ","'21 and over' ",1520
2009 ,"'Group R European Languages, Literature and related' ","'17 and under' ",75
2009 ,"'Group R European Languages, Literature and related' ","'18' ",3330
2009 ,"'Group R European Languages, Literature and related' ","'19' ",750
2009 ,"'Group R European Languages, Literature and related' ","'20' ",175
2009 ,"'Group R European Languages, Literature and related' ","'21 and over' ",285
2009 ,"'Group T Non-European Languages, Literature and related' ","'17 and under' ",15
2009 ,"'Group T Non-European Languages, Literature and related' ","'18' ",895
2009 ,"'Group T Non-European Languages, Literature and related' ","'19' ",290
2009 ,"'Group T Non-European Languages, Literature and related' ","'20' ",95
2009 ,"'Group T Non-European Languages, Literature and related' ","'21 and over' ",205
2009 ,"'Group V History and Philosophical studies' ","'17 and under' ",90
2009 ,"'Group V History and Philosophical studies' ","'18' ",9655
2009 ,"'Group V History and Philosophical studies' ","'19' ",2625
2009 ,"'Group V History and Philosophical studies' ","'20' ",710
2009 ,"'Group V History and Philosophical studies' ","'21 and over' ",1735
2009 ,"'Group W Creative Arts and Design' ","'17 and under' ",245
2009 ,"'Group W Creative Arts and Design' ","'18' ",18510
2009 ,"'Group W Creative Arts and Design' ","'19' ",15595
2009 ,"'Group W Creative Arts and Design' ","'20' ",6005
2009 ,"'Group W Creative Arts and Design' ","'21 and over' ",11875
2009 ,"'Group X Education' ","'17 and under' ",70
2009 ,"'Group X Education' ","'18' ",7330
2009 ,"'Group X Education' ","'19' ",2560
2009 ,"'Group X Education' ","'20' ",1115
2009 ,"'Group X Education' ","'21 and over' ",4970
2009 ,"'Y Combined arts' ","'17 and under' ",90
2009 ,"'Y Combined arts' ","'18' ",7590
2009 ,"'Y Combined arts' ","'19' ",2765
2009 ,"'Y Combined arts' ","'20' ",955
2009 ,"'Y Combined arts' ","'21 and over' ",2200
2009 ,"'Y Combined sciences' ","'17 and under' ",115
2009 ,"'Y Combined sciences' ","'18' ",4270
2009 ,"'Y Combined sciences' ","'19' ",1565
2009 ,"'Y Combined sciences' ","'20' ",710
2009 ,"'Y Combined sciences' ","'21 and over' ",1710
2009 ,"'Y Combined social sciences' ","'17 and under' ",90
2009 ,"'Y Combined social sciences' ","'18' ",3050
2009 ,"'Y Combined social sciences' ","'19' ",1330
2009 ,"'Y Combined social sciences' ","'20' ",470
2009 ,"'Y Combined social sciences' ","'21 and over' ",800
2009 ,"'Y Sciences combined with Social Sciences or Arts' ","'17 and under' ",165
2009 ,"'Y Sciences combined with Social Sciences or Arts' ","'18' ",10475
2009 ,"'Y Sciences combined with Social Sciences or Arts' ","'19' ",4445
2009 ,"'Y Sciences combined with Social Sciences or Arts' ","'20' ",1945
2009 ,"'Y Sciences combined with Social Sciences or Arts' ","'21 and over' ",4515
2009 ,"'Y Social Sciences combined with Arts' ","'17 and under' ",135
2009 ,"'Y Social Sciences combined with Arts' ","'18' ",6555
2009 ,"'Y Social Sciences combined with Arts' ","'19' ",2655
2009 ,"'Y Social Sciences combined with Arts' ","'20' ",1025
2009 ,"'Y Social Sciences combined with Arts' ","'21 and over' ",2350
2009 ,"'Z General, other combined and unknown' ","'17 and under' ",120
2009 ,"'Z General, other combined and unknown' ","'18' ",2650
2009 ,"'Z General, other combined and unknown' ","'19' ",1115
2009 ,"'Z General, other combined and unknown' ","'20' ",435
2009 ,"'Z General, other combined and unknown' ","'21 and over' ",1430
2010 ,"'Group A Medicine and Dentistry' ","'17 and under' ",130
2010 ,"'Group A Medicine and Dentistry' ","'18' ",5225
2010 ,"'Group A Medicine and Dentistry' ","'19' ",1440
2010 ,"'Group A Medicine and Dentistry' ","'20' ",290
2010 ,"'Group A Medicine and Dentistry' ","'21 and over' ",2165
2010 ,"'Group B Subjects allied to Medicine' ","'17 and under' ",365
2010 ,"'Group B Subjects allied to Medicine' ","'18' ",15305
2010 ,"'Group B Subjects allied to Medicine' ","'19' ",6775
2010 ,"'Group B Subjects allied to Medicine' ","'20' ",3295
2010 ,"'Group B Subjects allied to Medicine' ","'21 and over' ",24150
2010 ,"'Group C Biological Sciences' ","'17 and under' ",325
2010 ,"'Group C Biological Sciences' ","'18' ",22695
2010 ,"'Group C Biological Sciences' ","'19' ",7490
2010 ,"'Group C Biological Sciences' ","'20' ",2645
2010 ,"'Group C Biological Sciences' ","'21 and over' ",5675
2010 ,"'Group D Veterinary Sciences, Agriculture and related' ","'17 and under' ",100
2010 ,"'Group D Veterinary Sciences, Agriculture and related' ","'18' ",2610
2010 ,"'Group D Veterinary Sciences, Agriculture and related' ","'19' ",1025
2010 ,"'Group D Veterinary Sciences, Agriculture and related' ","'20' ",445
2010 ,"'Group D Veterinary Sciences, Agriculture and related' ","'21 and over' ",1595
2010 ,"'Group F Physical Sciences' ","'17 and under' ",205
2010 ,"'Group F Physical Sciences' ","'18' ",12110
2010 ,"'Group F Physical Sciences' ","'19' ",2855
2010 ,"'Group F Physical Sciences' ","'20' ",900
2010 ,"'Group F Physical Sciences' ","'21 and over' ",1935
2010 ,"'Group G Mathematical Sciences' ","'17 and under' ",130
2010 ,"'Group G Mathematical Sciences' ","'18' ",5280
2010 ,"'Group G Mathematical Sciences' ","'19' ",1500
2010 ,"'Group G Mathematical Sciences' ","'20' ",470
2010 ,"'Group G Mathematical Sciences' ","'21 and over' ",545
2010 ,"'Group H Engineering' ","'17 and under' ",610
2010 ,"'Group H Engineering' ","'18' ",12350
2010 ,"'Group H Engineering' ","'19' ",5065
2010 ,"'Group H Engineering' ","'20' ",2605
2010 ,"'Group H Engineering' ","'21 and over' ",5435
2010 ,"'Group I Computer Sciences' ","'17 and under' ",160
2010 ,"'Group I Computer Sciences' ","'18' ",8215
2010 ,"'Group I Computer Sciences' ","'19' ",4575
2010 ,"'Group I Computer Sciences' ","'20' ",2395
2010 ,"'Group I Computer Sciences' ","'21 and over' ",5155
2010 ,"'Group J Technologies' ","'17 and under' ",35
2010 ,"'Group J Technologies' ","'18' ",1240
2010 ,"'Group J Technologies' ","'19' ",650
2010 ,"'Group J Technologies' ","'20' ",390
2010 ,"'Group J Technologies' ","'21 and over' ",925
2010 ,"'Group K Architecture, Building and Planning' ","'17 and under' ",120
2010 ,"'Group K Architecture, Building and Planning' ","'18' ",3980
2010 ,"'Group K Architecture, Building and Planning' ","'19' ",2035
2010 ,"'Group K Architecture, Building and Planning' ","'20' ",875
2010 ,"'Group K Architecture, Building and Planning' ","'21 and over' ",2400
2010 ,"'Group L Social Studies' ","'17 and under' ",430
2010 ,"'Group L Social Studies' ","'18' ",16930
2010 ,"'Group L Social Studies' ","'19' ",7360
2010 ,"'Group L Social Studies' ","'20' ",2610
2010 ,"'Group L Social Studies' ","'21 and over' ",11310
2010 ,"'Group M Law' ","'17 and under' ",360
2010 ,"'Group M Law' ","'18' ",11585
2010 ,"'Group M Law' ","'19' ",3995
2010 ,"'Group M Law' ","'20' ",1580
2010 ,"'Group M Law' ","'21 and over' ",4335
2010 ,"'Group N Business and Admin studies' ","'17 and under' ",755
2010 ,"'Group N Business and Admin studies' ","'18' ",24630
2010 ,"'Group N Business and Admin studies' ","'19' ",13605
2010 ,"'Group N Business and Admin studies' ","'20' ",7050
2010 ,"'Group N Business and Admin studies' ","'21 and over' ",13205
2010 ,"'Group P Mass Communication and Documentation' ","'17 and under' ",60
2010 ,"'Group P Mass Communication and Documentation' ","'18' ",5680
2010 ,"'Group P Mass Communication and Documentation' ","'19' ",2675
2010 ,"'Group P Mass Communication and Documentation' ","'20' ",1025
2010 ,"'Group P Mass Communication and Documentation' ","'21 and over' ",1775
2010 ,"'Group Q Linguistics, Classics and related' ","'17 and under' ",85
2010 ,"'Group Q Linguistics, Classics and related' ","'18' ",8085
2010 ,"'Group Q Linguistics, Classics and related' ","'19' ",2445
2010 ,"'Group Q Linguistics, Classics and related' ","'20' ",670
2010 ,"'Group Q Linguistics, Classics and related' ","'21 and over' ",1375
2010 ,"'Group R European Languages, Literature and related' ","'17 and under' ",70
2010 ,"'Group R European Languages, Literature and related' ","'18' ",3515
2010 ,"'Group R European Languages, Literature and related' ","'19' ",685
2010 ,"'Group R European Languages, Literature and related' ","'20' ",130
2010 ,"'Group R European Languages, Literature and related' ","'21 and over' ",275
2010 ,"'Group T Non-European Languages, Literature and related' ","'17 and under' ",15
2010 ,"'Group T Non-European Languages, Literature and related' ","'18' ",865
2010 ,"'Group T Non-European Languages, Literature and related' ","'19' ",310
2010 ,"'Group T Non-European Languages, Literature and related' ","'20' ",100
2010 ,"'Group T Non-European Languages, Literature and related' ","'21 and over' ",200
2010 ,"'Group V History and Philosophical studies' ","'17 and under' ",90
2010 ,"'Group V History and Philosophical studies' ","'18' ",9605
2010 ,"'Group V History and Philosophical studies' ","'19' ",2870
2010 ,"'Group V History and Philosophical studies' ","'20' ",665
2010 ,"'Group V History and Philosophical studies' ","'21 and over' ",1740
2010 ,"'Group W Creative Arts and Design' ","'17 and under' ",190
2010 ,"'Group W Creative Arts and Design' ","'18' ",18220
2010 ,"'Group W Creative Arts and Design' ","'19' ",15815
2010 ,"'Group W Creative Arts and Design' ","'20' ",5955
2010 ,"'Group W Creative Arts and Design' ","'21 and over' ",11375
2010 ,"'Group X Education' ","'17 and under' ",35
2010 ,"'Group X Education' ","'18' ",7370
2010 ,"'Group X Education' ","'19' ",2675
2010 ,"'Group X Education' ","'20' ",1230
2010 ,"'Group X Education' ","'21 and over' ",5030
2010 ,"'Y Combined arts' ","'17 and under' ",85
2010 ,"'Y Combined arts' ","'18' ",7565
2010 ,"'Y Combined arts' ","'19' ",2840
2010 ,"'Y Combined arts' ","'20' ",890
2010 ,"'Y Combined arts' ","'21 and over' ",1895
2010 ,"'Y Combined sciences' ","'17 and under' ",125
2010 ,"'Y Combined sciences' ","'18' ",4280
2010 ,"'Y Combined sciences' ","'19' ",1735
2010 ,"'Y Combined sciences' ","'20' ",720
2010 ,"'Y Combined sciences' ","'21 and over' ",1710
2010 ,"'Y Combined social sciences' ","'17 and under' ",80
2010 ,"'Y Combined social sciences' ","'18' ",2920
2010 ,"'Y Combined social sciences' ","'19' ",1455
2010 ,"'Y Combined social sciences' ","'20' ",515
2010 ,"'Y Combined social sciences' ","'21 and over' ",830
2010 ,"'Y Sciences combined with Social Sciences or Arts' ","'17 and under' ",130
2010 ,"'Y Sciences combined with Social Sciences or Arts' ","'18' ",10220
2010 ,"'Y Sciences combined with Social Sciences or Arts' ","'19' ",4655
2010 ,"'Y Sciences combined with Social Sciences or Arts' ","'20' ",1930
2010 ,"'Y Sciences combined with Social Sciences or Arts' ","'21 and over' ",4315
2010 ,"'Y Social Sciences combined with Arts' ","'17 and under' ",135
2010 ,"'Y Social Sciences combined with Arts' ","'18' ",6220
2010 ,"'Y Social Sciences combined with Arts' ","'19' ",2775
2010 ,"'Y Social Sciences combined with Arts' ","'20' ",1010
2010 ,"'Y Social Sciences combined with Arts' ","'21 and over' ",2210
2010 ,"'Z General, other combined and unknown' ","'17 and under' ",105
2010 ,"'Z General, other combined and unknown' ","'18' ",2235
2010 ,"'Z General, other combined and unknown' ","'19' ",890
2010 ,"'Z General, other combined and unknown' ","'20' ",360
2010 ,"'Z General, other combined and unknown' ","'21 and over' ",965
2011 ,"'Group A Medicine and Dentistry' ","'17 and under' ",110
2011 ,"'Group A Medicine and Dentistry' ","'18' ",4970
2011 ,"'Group A Medicine and Dentistry' ","'19' ",1465
2011 ,"'Group A Medicine and Dentistry' ","'20' ",275
2011 ,"'Group A Medicine and Dentistry' ","'21 and over' ",2250
2011 ,"'Group B Subjects allied to Medicine' ","'17 and under' ",300
2011 ,"'Group B Subjects allied to Medicine' ","'18' ",15125
2011 ,"'Group B Subjects allied to Medicine' ","'19' ",7290
2011 ,"'Group B Subjects allied to Medicine' ","'20' ",3085
2011 ,"'Group B Subjects allied to Medicine' ","'21 and over' ",22155
2011 ,"'Group C Biological Sciences' ","'17 and under' ",330
2011 ,"'Group C Biological Sciences' ","'18' ",23010
2011 ,"'Group C Biological Sciences' ","'19' ",8455
2011 ,"'Group C Biological Sciences' ","'20' ",2675
2011 ,"'Group C Biological Sciences' ","'21 and over' ",5670
2011 ,"'Group D Veterinary Sciences, Agriculture and related' ","'17 and under' ",60
2011 ,"'Group D Veterinary Sciences, Agriculture and related' ","'18' ",2790
2011 ,"'Group D Veterinary Sciences, Agriculture and related' ","'19' ",1215
2011 ,"'Group D Veterinary Sciences, Agriculture and related' ","'20' ",500
2011 ,"'Group D Veterinary Sciences, Agriculture and related' ","'21 and over' ",1550
2011 ,"'Group F Physical Sciences' ","'17 and under' ",210
2011 ,"'Group F Physical Sciences' ","'18' ",12505
2011 ,"'Group F Physical Sciences' ","'19' ",3135
2011 ,"'Group F Physical Sciences' ","'20' ",850
2011 ,"'Group F Physical Sciences' ","'21 and over' ",1740
2011 ,"'Group G Mathematical Sciences' ","'17 and under' ",140
2011 ,"'Group G Mathematical Sciences' ","'18' ",5645
2011 ,"'Group G Mathematical Sciences' ","'19' ",1540
2011 ,"'Group G Mathematical Sciences' ","'20' ",470
2011 ,"'Group G Mathematical Sciences' ","'21 and over' ",565
2011 ,"'Group H Engineering' ","'17 and under' ",570
2011 ,"'Group H Engineering' ","'18' ",12590
2011 ,"'Group H Engineering' ","'19' ",5290
2011 ,"'Group H Engineering' ","'20' ",2360
2011 ,"'Group H Engineering' ","'21 and over' ",5190
2011 ,"'Group I Computer Sciences' ","'17 and under' ",175
2011 ,"'Group I Computer Sciences' ","'18' ",8455
2011 ,"'Group I Computer Sciences' ","'19' ",4585
2011 ,"'Group I Computer Sciences' ","'20' ",2330
2011 ,"'Group I Computer Sciences' ","'21 and over' ",4880
2011 ,"'Group J Technologies' ","'17 and under' ",25
2011 ,"'Group J Technologies' ","'18' ",1175
2011 ,"'Group J Technologies' ","'19' ",570
2011 ,"'Group J Technologies' ","'20' ",340
2011 ,"'Group J Technologies' ","'21 and over' ",705
2011 ,"'Group K Architecture, Building and Planning' ","'17 and under' ",90
2011 ,"'Group K Architecture, Building and Planning' ","'18' ",3865
2011 ,"'Group K Architecture, Building and Planning' ","'19' ",1955
2011 ,"'Group K Architecture, Building and Planning' ","'20' ",860
2011 ,"'Group K Architecture, Building and Planning' ","'21 and over' ",2185
2011 ,"'Group L Social Studies' ","'17 and under' ",415
2011 ,"'Group L Social Studies' ","'18' ",17610
2011 ,"'Group L Social Studies' ","'19' ",7770
2011 ,"'Group L Social Studies' ","'20' ",2700
2011 ,"'Group L Social Studies' ","'21 and over' ",11435
2011 ,"'Group M Law' ","'17 and under' ",360
2011 ,"'Group M Law' ","'18' ",11775
2011 ,"'Group M Law' ","'19' ",4375
2011 ,"'Group M Law' ","'20' ",1730
2011 ,"'Group M Law' ","'21 and over' ",4475
2011 ,"'Group N Business and Admin studies' ","'17 and under' ",745
2011 ,"'Group N Business and Admin studies' ","'18' ",25930
2011 ,"'Group N Business and Admin studies' ","'19' ",14655
2011 ,"'Group N Business and Admin studies' ","'20' ",7090
2011 ,"'Group N Business and Admin studies' ","'21 and over' ",12685
2011 ,"'Group P Mass Communication and Documentation' ","'17 and under' ",80
2011 ,"'Group P Mass Communication and Documentation' ","'18' ",6050
2011 ,"'Group P Mass Communication and Documentation' ","'19' ",2785
2011 ,"'Group P Mass Communication and Documentation' ","'20' ",1190
2011 ,"'Group P Mass Communication and Documentation' ","'21 and over' ",1685
2011 ,"'Group Q Linguistics, Classics and related' ","'17 and under' ",90
2011 ,"'Group Q Linguistics, Classics and related' ","'18' ",8035
2011 ,"'Group Q Linguistics, Classics and related' ","'19' ",2450
2011 ,"'Group Q Linguistics, Classics and related' ","'20' ",705
2011 ,"'Group Q Linguistics, Classics and related' ","'21 and over' ",1350
2011 ,"'Group R European Languages, Literature and related' ","'17 and under' ",75
2011 ,"'Group R European Languages, Literature and related' ","'18' ",3325
2011 ,"'Group R European Languages, Literature and related' ","'19' ",790
2011 ,"'Group R European Languages, Literature and related' ","'20' ",140
2011 ,"'Group R European Languages, Literature and related' ","'21 and over' ",240
2011 ,"'Group T Non-European Languages, Literature and related' ","'17 and under' ",10
2011 ,"'Group T Non-European Languages, Literature and related' ","'18' ",870
2011 ,"'Group T Non-European Languages, Literature and related' ","'19' ",295
2011 ,"'Group T Non-European Languages, Literature and related' ","'20' ",90
2011 ,"'Group T Non-European Languages, Literature and related' ","'21 and over' ",170
2011 ,"'Group V History and Philosophical studies' ","'17 and under' ",90
2011 ,"'Group V History and Philosophical studies' ","'18' ",9930
2011 ,"'Group V History and Philosophical studies' ","'19' ",2820
2011 ,"'Group V History and Philosophical studies' ","'20' ",680
2011 ,"'Group V History and Philosophical studies' ","'21 and over' ",1545
2011 ,"'Group W Creative Arts and Design' ","'17 and under' ",205
2011 ,"'Group W Creative Arts and Design' ","'18' ",19640
2011 ,"'Group W Creative Arts and Design' ","'19' ",16305
2011 ,"'Group W Creative Arts and Design' ","'20' ",6275
2011 ,"'Group W Creative Arts and Design' ","'21 and over' ",10635
2011 ,"'Group X Education' ","'17 and under' ",25
2011 ,"'Group X Education' ","'18' ",7900
2011 ,"'Group X Education' ","'19' ",2920
2011 ,"'Group X Education' ","'20' ",1245
2011 ,"'Group X Education' ","'21 and over' ",4875
2011 ,"'Y Combined arts' ","'17 and under' ",95
2011 ,"'Y Combined arts' ","'18' ",7460
2011 ,"'Y Combined arts' ","'19' ",2755
2011 ,"'Y Combined arts' ","'20' ",880
2011 ,"'Y Combined arts' ","'21 and over' ",1655
2011 ,"'Y Combined sciences' ","'17 and under' ",105
2011 ,"'Y Combined sciences' ","'18' ",4480
2011 ,"'Y Combined sciences' ","'19' ",1915
2011 ,"'Y Combined sciences' ","'20' ",730
2011 ,"'Y Combined sciences' ","'21 and over' ",1630
2011 ,"'Y Combined social sciences' ","'17 and under' ",90
2011 ,"'Y Combined social sciences' ","'18' ",2830
2011 ,"'Y Combined social sciences' ","'19' ",1365
2011 ,"'Y Combined social sciences' ","'20' ",475
2011 ,"'Y Combined social sciences' ","'21 and over' ",820
2011 ,"'Y Sciences combined with Social Sciences or Arts' ","'17 and under' ",160
2011 ,"'Y Sciences combined with Social Sciences or Arts' ","'18' ",9985
2011 ,"'Y Sciences combined with Social Sciences or Arts' ","'19' ",4620
2011 ,"'Y Sciences combined with Social Sciences or Arts' ","'20' ",1790
2011 ,"'Y Sciences combined with Social Sciences or Arts' ","'21 and over' ",3870
2011 ,"'Y Social Sciences combined with Arts' ","'17 and under' ",145
2011 ,"'Y Social Sciences combined with Arts' ","'18' ",6225
2011 ,"'Y Social Sciences combined with Arts' ","'19' ",2790
2011 ,"'Y Social Sciences combined with Arts' ","'20' ",930
2011 ,"'Y Social Sciences combined with Arts' ","'21 and over' ",2100
2011 ,"'Z General, other combined and unknown' ","'17 and under' ",80
2011 ,"'Z General, other combined and unknown' ","'18' ",2330
2011 ,"'Z General, other combined and unknown' ","'19' ",965
2011 ,"'Z General, other combined and unknown' ","'20' ",335
2011 ,"'Z General, other combined and unknown' ","'21 and over' ",885
2012 ,"'Group A Medicine and Dentistry' ","'17 and under' ",125
2012 ,"'Group A Medicine and Dentistry' ","'18' ",5175
2012 ,"'Group A Medicine and Dentistry' ","'19' ",1495
2012 ,"'Group A Medicine and Dentistry' ","'20' ",265
2012 ,"'Group A Medicine and Dentistry' ","'21 and over' ",2020
2012 ,"'Group B Subjects allied to Medicine' ","'17 and under' ",285
2012 ,"'Group B Subjects allied to Medicine' ","'18' ",14840
2012 ,"'Group B Subjects allied to Medicine' ","'19' ",7010
2012 ,"'Group B Subjects allied to Medicine' ","'20' ",3160
2012 ,"'Group B Subjects allied to Medicine' ","'21 and over' ",21320
2012 ,"'Group C Biological Sciences' ","'17 and under' ",330
2012 ,"'Group C Biological Sciences' ","'18' ",23335
2012 ,"'Group C Biological Sciences' ","'19' ",7700
2012 ,"'Group C Biological Sciences' ","'20' ",2735
2012 ,"'Group C Biological Sciences' ","'21 and over' ",5525
2012 ,"'Group D Veterinary Sciences, Agriculture and related' ","'17 and under' ",80
2012 ,"'Group D Veterinary Sciences, Agriculture and related' ","'18' ",2695
2012 ,"'Group D Veterinary Sciences, Agriculture and related' ","'19' ",1105
2012 ,"'Group D Veterinary Sciences, Agriculture and related' ","'20' ",470
2012 ,"'Group D Veterinary Sciences, Agriculture and related' ","'21 and over' ",1425
2012 ,"'Group F Physical Sciences' ","'17 and under' ",170
2012 ,"'Group F Physical Sciences' ","'18' ",12690
2012 ,"'Group F Physical Sciences' ","'19' ",2980
2012 ,"'Group F Physical Sciences' ","'20' ",835
2012 ,"'Group F Physical Sciences' ","'21 and over' ",1595
2012 ,"'Group G Mathematical Sciences' ","'17 and under' ",145
2012 ,"'Group G Mathematical Sciences' ","'18' ",5615
2012 ,"'Group G Mathematical Sciences' ","'19' ",1425
2012 ,"'Group G Mathematical Sciences' ","'20' ",410
2012 ,"'Group G Mathematical Sciences' ","'21 and over' ",500
2012 ,"'Group H Engineering' ","'17 and under' ",605
2012 ,"'Group H Engineering' ","'18' ",12680
2012 ,"'Group H Engineering' ","'19' ",4760
2012 ,"'Group H Engineering' ","'20' ",2405
2012 ,"'Group H Engineering' ","'21 and over' ",4845
2012 ,"'Group I Computer Sciences' ","'17 and under' ",175
2012 ,"'Group I Computer Sciences' ","'18' ",8105
2012 ,"'Group I Computer Sciences' ","'19' ",4165
2012 ,"'Group I Computer Sciences' ","'20' ",2330
2012 ,"'Group I Computer Sciences' ","'21 and over' ",4575
2012 ,"'Group J Technologies' ","'17 and under' ",15
2012 ,"'Group J Technologies' ","'18' ",970
2012 ,"'Group J Technologies' ","'19' ",435
2012 ,"'Group J Technologies' ","'20' ",280
2012 ,"'Group J Technologies' ","'21 and over' ",645
2012 ,"'Group K Architecture, Building and Planning' ","'17 and under' ",105
2012 ,"'Group K Architecture, Building and Planning' ","'18' ",3495
2012 ,"'Group K Architecture, Building and Planning' ","'19' ",1555
2012 ,"'Group K Architecture, Building and Planning' ","'20' ",720
2012 ,"'Group K Architecture, Building and Planning' ","'21 and over' ",1675
2012 ,"'Group L Social Studies' ","'17 and under' ",460
2012 ,"'Group L Social Studies' ","'18' ",17205
2012 ,"'Group L Social Studies' ","'19' ",6730
2012 ,"'Group L Social Studies' ","'20' ",2555
2012 ,"'Group L Social Studies' ","'21 and over' ",10880
2012 ,"'Group M Law' ","'17 and under' ",445
2012 ,"'Group M Law' ","'18' ",11715
2012 ,"'Group M Law' ","'19' ",3950
2012 ,"'Group M Law' ","'20' ",1665
2012 ,"'Group M Law' ","'21 and over' ",4305
2012 ,"'Group N Business and Admin studies' ","'17 and under' ",785
2012 ,"'Group N Business and Admin studies' ","'18' ",25105
2012 ,"'Group N Business and Admin studies' ","'19' ",12925
2012 ,"'Group N Business and Admin studies' ","'20' ",6605
2012 ,"'Group N Business and Admin studies' ","'21 and over' ",12170
2012 ,"'Group P Mass Communication and Documentation' ","'17 and under' ",75
2012 ,"'Group P Mass Communication and Documentation' ","'18' ",5485
2012 ,"'Group P Mass Communication and Documentation' ","'19' ",2300
2012 ,"'Group P Mass Communication and Documentation' ","'20' ",1050
2012 ,"'Group P Mass Communication and Documentation' ","'21 and over' ",1685
2012 ,"'Group Q Linguistics, Classics and related' ","'17 and under' ",80
2012 ,"'Group Q Linguistics, Classics and related' ","'18' ",8270
2012 ,"'Group Q Linguistics, Classics and related' ","'19' ",1920
2012 ,"'Group Q Linguistics, Classics and related' ","'20' ",520
2012 ,"'Group Q Linguistics, Classics and related' ","'21 and over' ",1240
2012 ,"'Group R European Languages, Literature and related' ","'17 and under' ",70
2012 ,"'Group R European Languages, Literature and related' ","'18' ",3105
2012 ,"'Group R European Languages, Literature and related' ","'19' ",595
2012 ,"'Group R European Languages, Literature and related' ","'20' ",115
2012 ,"'Group R European Languages, Literature and related' ","'21 and over' ",185
2012 ,"'Group T Non-European Languages, Literature and related' ","'17 and under' ",10
2012 ,"'Group T Non-European Languages, Literature and related' ","'18' ",800
2012 ,"'Group T Non-European Languages, Literature and related' ","'19' ",215
2012 ,"'Group T Non-European Languages, Literature and related' ","'20' ",65
2012 ,"'Group T Non-European Languages, Literature and related' ","'21 and over' ",140
2012 ,"'Group V History and Philosophical studies' ","'17 and under' ",75
2012 ,"'Group V History and Philosophical studies' ","'18' ",9855
2012 ,"'Group V History and Philosophical studies' ","'19' ",2290
2012 ,"'Group V History and Philosophical studies' ","'20' ",525
2012 ,"'Group V History and Philosophical studies' ","'21 and over' ",1415
2012 ,"'Group W Creative Arts and Design' ","'17 and under' ",205
2012 ,"'Group W Creative Arts and Design' ","'18' ",18565
2012 ,"'Group W Creative Arts and Design' ","'19' ",13940
2012 ,"'Group W Creative Arts and Design' ","'20' ",5435
2012 ,"'Group W Creative Arts and Design' ","'21 and over' ",9590
2012 ,"'Group X Education' ","'17 and under' ",35
2012 ,"'Group X Education' ","'18' ",8245
2012 ,"'Group X Education' ","'19' ",2910
2012 ,"'Group X Education' ","'20' ",1270
2012 ,"'Group X Education' ","'21 and over' ",4435
2012 ,"'Y Combined arts' ","'17 and under' ",90
2012 ,"'Y Combined arts' ","'18' ",6785
2012 ,"'Y Combined arts' ","'19' ",2125
2012 ,"'Y Combined arts' ","'20' ",715
2012 ,"'Y Combined arts' ","'21 and over' ",1440
2012 ,"'Y Combined sciences' ","'17 and under' ",100
2012 ,"'Y Combined sciences' ","'18' ",4195
2012 ,"'Y Combined sciences' ","'19' ",1700
2012 ,"'Y Combined sciences' ","'20' ",660
2012 ,"'Y Combined sciences' ","'21 and over' ",1520
2012 ,"'Y Combined social sciences' ","'17 and under' ",85
2012 ,"'Y Combined social sciences' ","'18' ",2700
2012 ,"'Y Combined social sciences' ","'19' ",1175
2012 ,"'Y Combined social sciences' ","'20' ",430
2012 ,"'Y Combined social sciences' ","'21 and over' ",710
2012 ,"'Y Sciences combined with Social Sciences or Arts' ","'17 and under' ",140
2012 ,"'Y Sciences combined with Social Sciences or Arts' ","'18' ",8665
2012 ,"'Y Sciences combined with Social Sciences or Arts' ","'19' ",3650
2012 ,"'Y Sciences combined with Social Sciences or Arts' ","'20' ",1620
2012 ,"'Y Sciences combined with Social Sciences or Arts' ","'21 and over' ",3460
2012 ,"'Y Social Sciences combined with Arts' ","'17 and under' ",155
2012 ,"'Y Social Sciences combined with Arts' ","'18' ",5845
2012 ,"'Y Social Sciences combined with Arts' ","'19' ",2195
2012 ,"'Y Social Sciences combined with Arts' ","'20' ",835
2012 ,"'Y Social Sciences combined with Arts' ","'21 and over' ",1595
2012 ,"'Z General, other combined and unknown' ","'17 and under' ",160
2012 ,"'Z General, other combined and unknown' ","'18' ",3530
2012 ,"'Z General, other combined and unknown' ","'19' ",1165
2012 ,"'Z General, other combined and unknown' ","'20' ",410
2012 ,"'Z General, other combined and unknown' ","'21 and over' ",820
2013 ,"'Group A Medicine and Dentistry' ","'17 and under' ",90
2013 ,"'Group A Medicine and Dentistry' ","'18' ",4970
2013 ,"'Group A Medicine and Dentistry' ","'19' ",1535
2013 ,"'Group A Medicine and Dentistry' ","'20' ",215
2013 ,"'Group A Medicine and Dentistry' ","'21 and over' ",1950
2013 ,"'Group B Subjects allied to Medicine' ","'17 and under' ",290
2013 ,"'Group B Subjects allied to Medicine' ","'18' ",15135
2013 ,"'Group B Subjects allied to Medicine' ","'19' ",8310
2013 ,"'Group B Subjects allied to Medicine' ","'20' ",3465
2013 ,"'Group B Subjects allied to Medicine' ","'21 and over' ",22270
2013 ,"'Group C Biological Sciences' ","'17 and under' ",380
2013 ,"'Group C Biological Sciences' ","'18' ",24715
2013 ,"'Group C Biological Sciences' ","'19' ",9500
2013 ,"'Group C Biological Sciences' ","'20' ",3275
2013 ,"'Group C Biological Sciences' ","'21 and over' ",6550
2013 ,"'Group D Veterinary Sciences, Agriculture and related' ","'17 and under' ",70
2013 ,"'Group D Veterinary Sciences, Agriculture and related' ","'18' ",2880
2013 ,"'Group D Veterinary Sciences, Agriculture and related' ","'19' ",1300
2013 ,"'Group D Veterinary Sciences, Agriculture and related' ","'20' ",605
2013 ,"'Group D Veterinary Sciences, Agriculture and related' ","'21 and over' ",1585
2013 ,"'Group F Physical Sciences' ","'17 and under' ",220
2013 ,"'Group F Physical Sciences' ","'18' ",13240
2013 ,"'Group F Physical Sciences' ","'19' ",3420
2013 ,"'Group F Physical Sciences' ","'20' ",820
2013 ,"'Group F Physical Sciences' ","'21 and over' ",1625
2013 ,"'Group G Mathematical Sciences' ","'17 and under' ",140
2013 ,"'Group G Mathematical Sciences' ","'18' ",5805
2013 ,"'Group G Mathematical Sciences' ","'19' ",1540
2013 ,"'Group G Mathematical Sciences' ","'20' ",470
2013 ,"'Group G Mathematical Sciences' ","'21 and over' ",515
2013 ,"'Group H Engineering' ","'17 and under' ",685
2013 ,"'Group H Engineering' ","'18' ",13660
2013 ,"'Group H Engineering' ","'19' ",5535
2013 ,"'Group H Engineering' ","'20' ",2430
2013 ,"'Group H Engineering' ","'21 and over' ",4850
2013 ,"'Group I Computer Sciences' ","'17 and under' ",200
2013 ,"'Group I Computer Sciences' ","'18' ",9270
2013 ,"'Group I Computer Sciences' ","'19' ",4785
2013 ,"'Group I Computer Sciences' ","'20' ",2475
2013 ,"'Group I Computer Sciences' ","'21 and over' ",4980
2013 ,"'Group J Technologies' ","'17 and under' ",20
2013 ,"'Group J Technologies' ","'18' ",1030
2013 ,"'Group J Technologies' ","'19' ",600
2013 ,"'Group J Technologies' ","'20' ",285
2013 ,"'Group J Technologies' ","'21 and over' ",625
2013 ,"'Group K Architecture, Building and Planning' ","'17 and under' ",100
2013 ,"'Group K Architecture, Building and Planning' ","'18' ",3305
2013 ,"'Group K Architecture, Building and Planning' ","'19' ",1795
2013 ,"'Group K Architecture, Building and Planning' ","'20' ",710
2013 ,"'Group K Architecture, Building and Planning' ","'21 and over' ",1815
2013 ,"'Group L Social Studies' ","'17 and under' ",490
2013 ,"'Group L Social Studies' ","'18' ",18640
2013 ,"'Group L Social Studies' ","'19' ",7525
2013 ,"'Group L Social Studies' ","'20' ",2830
2013 ,"'Group L Social Studies' ","'21 and over' ",11445
2013 ,"'Group M Law' ","'17 and under' ",465
2013 ,"'Group M Law' ","'18' ",12350
2013 ,"'Group M Law' ","'19' ",4515
2013 ,"'Group M Law' ","'20' ",1785
2013 ,"'Group M Law' ","'21 and over' ",4620
2013 ,"'Group N Business and Admin studies' ","'17 and under' ",900
2013 ,"'Group N Business and Admin studies' ","'18' ",25985
2013 ,"'Group N Business and Admin studies' ","'19' ",14480
2013 ,"'Group N Business and Admin studies' ","'20' ",7075
2013 ,"'Group N Business and Admin studies' ","'21 and over' ",12545
2013 ,"'Group P Mass Communication and Documentation' ","'17 and under' ",100
2013 ,"'Group P Mass Communication and Documentation' ","'18' ",5955
2013 ,"'Group P Mass Communication and Documentation' ","'19' ",2680
2013 ,"'Group P Mass Communication and Documentation' ","'20' ",1265
2013 ,"'Group P Mass Communication and Documentation' ","'21 and over' ",1845
2013 ,"'Group Q Linguistics, Classics and related' ","'17 and under' ",85
2013 ,"'Group Q Linguistics, Classics and related' ","'18' ",8400
2013 ,"'Group Q Linguistics, Classics and related' ","'19' ",2220
2013 ,"'Group Q Linguistics, Classics and related' ","'20' ",530
2013 ,"'Group Q Linguistics, Classics and related' ","'21 and over' ",1220
2013 ,"'Group R European Languages, Literature and related' ","'17 and under' ",60
2013 ,"'Group R European Languages, Literature and related' ","'18' ",2910
2013 ,"'Group R European Languages, Literature and related' ","'19' ",695
2013 ,"'Group R European Languages, Literature and related' ","'20' ",140
2013 ,"'Group R European Languages, Literature and related' ","'21 and over' ",200
2013 ,"'Group T Non-European Languages, Literature and related' ","'17 and under' ",10
2013 ,"'Group T Non-European Languages, Literature and related' ","'18' ",730
2013 ,"'Group T Non-European Languages, Literature and related' ","'19' ",280
2013 ,"'Group T Non-European Languages, Literature and related' ","'20' ",70
2013 ,"'Group T Non-European Languages, Literature and related' ","'21 and over' ",165
2013 ,"'Group V History and Philosophical studies' ","'17 and under' ",60
2013 ,"'Group V History and Philosophical studies' ","'18' ",10060
2013 ,"'Group V History and Philosophical studies' ","'19' ",2695
2013 ,"'Group V History and Philosophical studies' ","'20' ",600
2013 ,"'Group V History and Philosophical studies' ","'21 and over' ",1515
2013 ,"'Group W Creative Arts and Design' ","'17 and under' ",285
2013 ,"'Group W Creative Arts and Design' ","'18' ",19400
2013 ,"'Group W Creative Arts and Design' ","'19' ",15490
2013 ,"'Group W Creative Arts and Design' ","'20' ",5945
2013 ,"'Group W Creative Arts and Design' ","'21 and over' ",10520
2013 ,"'Group X Education' ","'17 and under' ",35
2013 ,"'Group X Education' ","'18' ",8115
2013 ,"'Group X Education' ","'19' ",3250
2013 ,"'Group X Education' ","'20' ",1330
2013 ,"'Group X Education' ","'21 and over' ",5125
2013 ,"'Y Combined arts' ","'17 and under' ",60
2013 ,"'Y Combined arts' ","'18' ",6530
2013 ,"'Y Combined arts' ","'19' ",2195
2013 ,"'Y Combined arts' ","'20' ",710
2013 ,"'Y Combined arts' ","'21 and over' ",1430
2013 ,"'Y Combined sciences' ","'17 and under' ",115
2013 ,"'Y Combined sciences' ","'18' ",4405
2013 ,"'Y Combined sciences' ","'19' ",1790
2013 ,"'Y Combined sciences' ","'20' ",605
2013 ,"'Y Combined sciences' ","'21 and over' ",1470
2013 ,"'Y Combined social sciences' ","'17 and under' ",80
2013 ,"'Y Combined social sciences' ","'18' ",2720
2013 ,"'Y Combined social sciences' ","'19' ",1295
2013 ,"'Y Combined social sciences' ","'20' ",395
2013 ,"'Y Combined social sciences' ","'21 and over' ",690
2013 ,"'Y Sciences combined with Social Sciences or Arts' ","'17 and under' ",125
2013 ,"'Y Sciences combined with Social Sciences or Arts' ","'18' ",8675
2013 ,"'Y Sciences combined with Social Sciences or Arts' ","'19' ",3820
2013 ,"'Y Sciences combined with Social Sciences or Arts' ","'20' ",1580
2013 ,"'Y Sciences combined with Social Sciences or Arts' ","'21 and over' ",3205
2013 ,"'Y Social Sciences combined with Arts' ","'17 and under' ",135
2013 ,"'Y Social Sciences combined with Arts' ","'18' ",5685
2013 ,"'Y Social Sciences combined with Arts' ","'19' ",2475
2013 ,"'Y Social Sciences combined with Arts' ","'20' ",855
2013 ,"'Y Social Sciences combined with Arts' ","'21 and over' ",1890
2013 ,"'Z General, other combined and unknown' ","'17 and under' ",145
2013 ,"'Z General, other combined and unknown' ","'18' ",3865
2013 ,"'Z General, other combined and unknown' ","'19' ",1435
2013 ,"'Z General, other combined and unknown' ","'20' ",485
2013 ,"'Z General, other combined and unknown' ","'21 and over' ",1025
2014 ,"'Group A Medicine and Dentistry' ","'17 and under' ",110
2014 ,"'Group A Medicine and Dentistry' ","'18' ",4895
2014 ,"'Group A Medicine and Dentistry' ","'19' ",1520
2014 ,"'Group A Medicine and Dentistry' ","'20' ",250
2014 ,"'Group A Medicine and Dentistry' ","'21 and over' ",2140
2014 ,"'Group B Subjects allied to Medicine' ","'17 and under' ",300
2014 ,"'Group B Subjects allied to Medicine' ","'18' ",15290
2014 ,"'Group B Subjects allied to Medicine' ","'19' ",8310
2014 ,"'Group B Subjects allied to Medicine' ","'20' ",3780
2014 ,"'Group B Subjects allied to Medicine' ","'21 and over' ",24720
2014 ,"'Group C Biological Sciences' ","'17 and under' ",465
2014 ,"'Group C Biological Sciences' ","'18' ",26965
2014 ,"'Group C Biological Sciences' ","'19' ",10145
2014 ,"'Group C Biological Sciences' ","'20' ",3830
2014 ,"'Group C Biological Sciences' ","'21 and over' ",7410
2014 ,"'Group D Veterinary Sciences, Agriculture and related' ","'17 and under' ",70
2014 ,"'Group D Veterinary Sciences, Agriculture and related' ","'18' ",2830
2014 ,"'Group D Veterinary Sciences, Agriculture and related' ","'19' ",1500
2014 ,"'Group D Veterinary Sciences, Agriculture and related' ","'20' ",640
2014 ,"'Group D Veterinary Sciences, Agriculture and related' ","'21 and over' ",1705
2014 ,"'Group F Physical Sciences' ","'17 and under' ",255
2014 ,"'Group F Physical Sciences' ","'18' ",13495
2014 ,"'Group F Physical Sciences' ","'19' ",3630
2014 ,"'Group F Physical Sciences' ","'20' ",970
2014 ,"'Group F Physical Sciences' ","'21 and over' ",1570
2014 ,"'Group G Mathematical Sciences' ","'17 and under' ",165
2014 ,"'Group G Mathematical Sciences' ","'18' ",5770
2014 ,"'Group G Mathematical Sciences' ","'19' ",1540
2014 ,"'Group G Mathematical Sciences' ","'20' ",455
2014 ,"'Group G Mathematical Sciences' ","'21 and over' ",540
2014 ,"'Group H Engineering' ","'17 and under' ",720
2014 ,"'Group H Engineering' ","'18' ",14520
2014 ,"'Group H Engineering' ","'19' ",6030
2014 ,"'Group H Engineering' ","'20' ",2710
2014 ,"'Group H Engineering' ","'21 and over' ",5125
2014 ,"'Group I Computer Sciences' ","'17 and under' ",185
2014 ,"'Group I Computer Sciences' ","'18' ",10215
2014 ,"'Group I Computer Sciences' ","'19' ",5275
2014 ,"'Group I Computer Sciences' ","'20' ",2705
2014 ,"'Group I Computer Sciences' ","'21 and over' ",5210
2014 ,"'Group J Technologies' ","'17 and under' ",25
2014 ,"'Group J Technologies' ","'18' ",1045
2014 ,"'Group J Technologies' ","'19' ",555
2014 ,"'Group J Technologies' ","'20' ",340
2014 ,"'Group J Technologies' ","'21 and over' ",620
2014 ,"'Group K Architecture, Building and Planning' ","'17 and under' ",115
2014 ,"'Group K Architecture, Building and Planning' ","'18' ",3340
2014 ,"'Group K Architecture, Building and Planning' ","'19' ",1795
2014 ,"'Group K Architecture, Building and Planning' ","'20' ",755
2014 ,"'Group K Architecture, Building and Planning' ","'21 and over' ",1685
2014 ,"'Group L Social Studies' ","'17 and under' ",515
2014 ,"'Group L Social Studies' ","'18' ",19690
2014 ,"'Group L Social Studies' ","'19' ",8100
2014 ,"'Group L Social Studies' ","'20' ",3085
2014 ,"'Group L Social Studies' ","'21 and over' ",11935
2014 ,"'Group M Law' ","'17 and under' ",445
2014 ,"'Group M Law' ","'18' ",12080
2014 ,"'Group M Law' ","'19' ",4480
2014 ,"'Group M Law' ","'20' ",1940
2014 ,"'Group M Law' ","'21 and over' ",4745
2014 ,"'Group N Business and Admin studies' ","'17 and under' ",930
2014 ,"'Group N Business and Admin studies' ","'18' ",26900
2014 ,"'Group N Business and Admin studies' ","'19' ",14800
2014 ,"'Group N Business and Admin studies' ","'20' ",7180
2014 ,"'Group N Business and Admin studies' ","'21 and over' ",13860
2014 ,"'Group P Mass Communication and Documentation' ","'17 and under' ",100
2014 ,"'Group P Mass Communication and Documentation' ","'18' ",6520
2014 ,"'Group P Mass Communication and Documentation' ","'19' ",2885
2014 ,"'Group P Mass Communication and Documentation' ","'20' ",1275
2014 ,"'Group P Mass Communication and Documentation' ","'21 and over' ",1935
2014 ,"'Group Q Linguistics, Classics and related' ","'17 and under' ",105
2014 ,"'Group Q Linguistics, Classics and related' ","'18' ",8315
2014 ,"'Group Q Linguistics, Classics and related' ","'19' ",2180
2014 ,"'Group Q Linguistics, Classics and related' ","'20' ",655
2014 ,"'Group Q Linguistics, Classics and related' ","'21 and over' ",1270
2014 ,"'Group R European Languages, Literature and related' ","'17 and under' ",60
2014 ,"'Group R European Languages, Literature and related' ","'18' ",2795
2014 ,"'Group R European Languages, Literature and related' ","'19' ",615
2014 ,"'Group R European Languages, Literature and related' ","'20' ",115
2014 ,"'Group R European Languages, Literature and related' ","'21 and over' ",195
2014 ,"'Group T Non-European Languages, Literature and related' ","'17 and under' ",10
2014 ,"'Group T Non-European Languages, Literature and related' ","'18' ",640
2014 ,"'Group T Non-European Languages, Literature and related' ","'19' ",225
2014 ,"'Group T Non-European Languages, Literature and related' ","'20' ",65
2014 ,"'Group T Non-European Languages, Literature and related' ","'21 and over' ",175
2014 ,"'Group V History and Philosophical studies' ","'17 and under' ",75
2014 ,"'Group V History and Philosophical studies' ","'18' ",10375
2014 ,"'Group V History and Philosophical studies' ","'19' ",2705
2014 ,"'Group V History and Philosophical studies' ","'20' ",645
2014 ,"'Group V History and Philosophical studies' ","'21 and over' ",1485
2014 ,"'Group W Creative Arts and Design' ","'17 and under' ",330
2014 ,"'Group W Creative Arts and Design' ","'18' ",20745
2014 ,"'Group W Creative Arts and Design' ","'19' ",15740
2014 ,"'Group W Creative Arts and Design' ","'20' ",6030
2014 ,"'Group W Creative Arts and Design' ","'21 and over' ",10480
2014 ,"'Group X Education' ","'17 and under' ",30
2014 ,"'Group X Education' ","'18' ",8215
2014 ,"'Group X Education' ","'19' ",3280
2014 ,"'Group X Education' ","'20' ",1520
2014 ,"'Group X Education' ","'21 and over' ",5390
2014 ,"'Y Combined arts' ","'17 and under' ",85
2014 ,"'Y Combined arts' ","'18' ",6280
2014 ,"'Y Combined arts' ","'19' ",2195
2014 ,"'Y Combined arts' ","'20' ",725
2014 ,"'Y Combined arts' ","'21 and over' ",1290
2014 ,"'Y Combined sciences' ","'17 and under' ",130
2014 ,"'Y Combined sciences' ","'18' ",4300
2014 ,"'Y Combined sciences' ","'19' ",1780
2014 ,"'Y Combined sciences' ","'20' ",655
2014 ,"'Y Combined sciences' ","'21 and over' ",1430
2014 ,"'Y Combined social sciences' ","'17 and under' ",100
2014 ,"'Y Combined social sciences' ","'18' ",2805
2014 ,"'Y Combined social sciences' ","'19' ",1225
2014 ,"'Y Combined social sciences' ","'20' ",425
2014 ,"'Y Combined social sciences' ","'21 and over' ",650
2014 ,"'Y Sciences combined with Social Sciences or Arts' ","'17 and under' ",130
2014 ,"'Y Sciences combined with Social Sciences or Arts' ","'18' ",7695
2014 ,"'Y Sciences combined with Social Sciences or Arts' ","'19' ",3260
2014 ,"'Y Sciences combined with Social Sciences or Arts' ","'20' ",1365
2014 ,"'Y Sciences combined with Social Sciences or Arts' ","'21 and over' ",2740
2014 ,"'Y Social Sciences combined with Arts' ","'17 and under' ",170
2014 ,"'Y Social Sciences combined with Arts' ","'18' ",5535
2014 ,"'Y Social Sciences combined with Arts' ","'19' ",2265
2014 ,"'Y Social Sciences combined with Arts' ","'20' ",770
2014 ,"'Y Social Sciences combined with Arts' ","'21 and over' ",1400
2014 ,"'Z General, other combined and unknown' ","'17 and under' ",150
2014 ,"'Z General, other combined and unknown' ","'18' ",3720
2014 ,"'Z General, other combined and unknown' ","'19' ",1460
2014 ,"'Z General, other combined and unknown' ","'20' ",430
2014 ,"'Z General, other combined and unknown' ","'21 and over' ",1095
2015 ,"'Group A Medicine and Dentistry' ","'17 and under' ",125
2015 ,"'Group A Medicine and Dentistry' ","'18' ",4810
2015 ,"'Group A Medicine and Dentistry' ","'19' ",1425
2015 ,"'Group A Medicine and Dentistry' ","'20' ",285
2015 ,"'Group A Medicine and Dentistry' ","'21 and over' ",2320
2015 ,"'Group B Subjects allied to Medicine' ","'17 and under' ",275
2015 ,"'Group B Subjects allied to Medicine' ","'18' ",15835
2015 ,"'Group B Subjects allied to Medicine' ","'19' ",8435
2015 ,"'Group B Subjects allied to Medicine' ","'20' ",3850
2015 ,"'Group B Subjects allied to Medicine' ","'21 and over' ",25145
2015 ,"'Group C Biological Sciences' ","'17 and under' ",460
2015 ,"'Group C Biological Sciences' ","'18' ",29295
2015 ,"'Group C Biological Sciences' ","'19' ",10885
2015 ,"'Group C Biological Sciences' ","'20' ",3880
2015 ,"'Group C Biological Sciences' ","'21 and over' ",7730
2015 ,"'Group D Veterinary Sciences, Agriculture and related' ","'17 and under' ",90
2015 ,"'Group D Veterinary Sciences, Agriculture and related' ","'18' ",3180
2015 ,"'Group D Veterinary Sciences, Agriculture and related' ","'19' ",1650
2015 ,"'Group D Veterinary Sciences, Agriculture and related' ","'20' ",710
2015 ,"'Group D Veterinary Sciences, Agriculture and related' ","'21 and over' ",1915
2015 ,"'Group F Physical Sciences' ","'17 and under' ",230
2015 ,"'Group F Physical Sciences' ","'18' ",14200
2015 ,"'Group F Physical Sciences' ","'19' ",3865
2015 ,"'Group F Physical Sciences' ","'20' ",990
2015 ,"'Group F Physical Sciences' ","'21 and over' ",1660
2015 ,"'Group G Mathematical Sciences' ","'17 and under' ",165
2015 ,"'Group G Mathematical Sciences' ","'18' ",5990
2015 ,"'Group G Mathematical Sciences' ","'19' ",1610
2015 ,"'Group G Mathematical Sciences' ","'20' ",450
2015 ,"'Group G Mathematical Sciences' ","'21 and over' ",515
2015 ,"'Group H Engineering' ","'17 and under' ",785
2015 ,"'Group H Engineering' ","'18' ",15680
2015 ,"'Group H Engineering' ","'19' ",6595
2015 ,"'Group H Engineering' ","'20' ",2770
2015 ,"'Group H Engineering' ","'21 and over' ",5020
2015 ,"'Group I Computer Sciences' ","'17 and under' ",300
2015 ,"'Group I Computer Sciences' ","'18' ",11420
2015 ,"'Group I Computer Sciences' ","'19' ",5895
2015 ,"'Group I Computer Sciences' ","'20' ",2850
2015 ,"'Group I Computer Sciences' ","'21 and over' ",5480
2015 ,"'Group J Technologies' ","'17 and under' ",30
2015 ,"'Group J Technologies' ","'18' ",985
2015 ,"'Group J Technologies' ","'19' ",505
2015 ,"'Group J Technologies' ","'20' ",305
2015 ,"'Group J Technologies' ","'21 and over' ",555
2015 ,"'Group K Architecture, Building and Planning' ","'17 and under' ",135
2015 ,"'Group K Architecture, Building and Planning' ","'18' ",3640
2015 ,"'Group K Architecture, Building and Planning' ","'19' ",1885
2015 ,"'Group K Architecture, Building and Planning' ","'20' ",770
2015 ,"'Group K Architecture, Building and Planning' ","'21 and over' ",1910
2015 ,"'Group L Social Studies' ","'17 and under' ",520
2015 ,"'Group L Social Studies' ","'18' ",22050
2015 ,"'Group L Social Studies' ","'19' ",8640
2015 ,"'Group L Social Studies' ","'20' ",3095
2015 ,"'Group L Social Studies' ","'21 and over' ",12270
2015 ,"'Group M Law' ","'17 and under' ",470
2015 ,"'Group M Law' ","'18' ",12940
2015 ,"'Group M Law' ","'19' ",4660
2015 ,"'Group M Law' ","'20' ",1770
2015 ,"'Group M Law' ","'21 and over' ",4455
2015 ,"'Group N Business and Admin studies' ","'17 and under' ",1035
2015 ,"'Group N Business and Admin studies' ","'18' ",28695
2015 ,"'Group N Business and Admin studies' ","'19' ",15665
2015 ,"'Group N Business and Admin studies' ","'20' ",6815
2015 ,"'Group N Business and Admin studies' ","'21 and over' ",14300
2015 ,"'Group P Mass Communication and Documentation' ","'17 and under' ",130
2015 ,"'Group P Mass Communication and Documentation' ","'18' ",6885
2015 ,"'Group P Mass Communication and Documentation' ","'19' ",3035
2015 ,"'Group P Mass Communication and Documentation' ","'20' ",1265
2015 ,"'Group P Mass Communication and Documentation' ","'21 and over' ",1720
2015 ,"'Group Q Linguistics, Classics and related' ","'17 and under' ",100
2015 ,"'Group Q Linguistics, Classics and related' ","'18' ",8435
2015 ,"'Group Q Linguistics, Classics and related' ","'19' ",2245
2015 ,"'Group Q Linguistics, Classics and related' ","'20' ",580
2015 ,"'Group Q Linguistics, Classics and related' ","'21 and over' ",1215
2015 ,"'Group R European Languages, Literature and related' ","'17 and under' ",70
2015 ,"'Group R European Languages, Literature and related' ","'18' ",2865
2015 ,"'Group R European Languages, Literature and related' ","'19' ",570
2015 ,"'Group R European Languages, Literature and related' ","'20' ",120
2015 ,"'Group R European Languages, Literature and related' ","'21 and over' ",195
2015 ,"'Group T Non-European Languages, Literature and related' ","'17 and under' ",15
2015 ,"'Group T Non-European Languages, Literature and related' ","'18' ",750
2015 ,"'Group T Non-European Languages, Literature and related' ","'19' ",255
2015 ,"'Group T Non-European Languages, Literature and related' ","'20' ",80
2015 ,"'Group T Non-European Languages, Literature and related' ","'21 and over' ",165
2015 ,"'Group V History and Philosophical studies' ","'17 and under' ",85
2015 ,"'Group V History and Philosophical studies' ","'18' ",10730
2015 ,"'Group V History and Philosophical studies' ","'19' ",2635
2015 ,"'Group V History and Philosophical studies' ","'20' ",685
2015 ,"'Group V History and Philosophical studies' ","'21 and over' ",1360
2015 ,"'Group W Creative Arts and Design' ","'17 and under' ",395
2015 ,"'Group W Creative Arts and Design' ","'18' ",22300
2015 ,"'Group W Creative Arts and Design' ","'19' ",15965
2015 ,"'Group W Creative Arts and Design' ","'20' ",5975
2015 ,"'Group W Creative Arts and Design' ","'21 and over' ",10790
2015 ,"'Group X Education' ","'17 and under' ",35
2015 ,"'Group X Education' ","'18' ",8070
2015 ,"'Group X Education' ","'19' ",3210
2015 ,"'Group X Education' ","'20' ",1460
2015 ,"'Group X Education' ","'21 and over' ",7655
2015 ,"'Y Combined arts' ","'17 and under' ",70
2015 ,"'Y Combined arts' ","'18' ",6155
2015 ,"'Y Combined arts' ","'19' ",1910
2015 ,"'Y Combined arts' ","'20' ",625
2015 ,"'Y Combined arts' ","'21 and over' ",1190
2015 ,"'Y Combined sciences' ","'17 and under' ",155
2015 ,"'Y Combined sciences' ","'18' ",3965
2015 ,"'Y Combined sciences' ","'19' ",1565
2015 ,"'Y Combined sciences' ","'20' ",525
2015 ,"'Y Combined sciences' ","'21 and over' ",1185
2015 ,"'Y Combined social sciences' ","'17 and under' ",95
2015 ,"'Y Combined social sciences' ","'18' ",3030
2015 ,"'Y Combined social sciences' ","'19' ",1305
2015 ,"'Y Combined social sciences' ","'20' ",435
2015 ,"'Y Combined social sciences' ","'21 and over' ",790
2015 ,"'Y Sciences combined with Social Sciences or Arts' ","'17 and under' ",130
2015 ,"'Y Sciences combined with Social Sciences or Arts' ","'18' ",6655
2015 ,"'Y Sciences combined with Social Sciences or Arts' ","'19' ",2825
2015 ,"'Y Sciences combined with Social Sciences or Arts' ","'20' ",1090
2015 ,"'Y Sciences combined with Social Sciences or Arts' ","'21 and over' ",2475
2015 ,"'Y Social Sciences combined with Arts' ","'17 and under' ",135
2015 ,"'Y Social Sciences combined with Arts' ","'18' ",5600
2015 ,"'Y Social Sciences combined with Arts' ","'19' ",2205
2015 ,"'Y Social Sciences combined with Arts' ","'20' ",730
2015 ,"'Y Social Sciences combined with Arts' ","'21 and over' ",1565
2015 ,"'Z General, other combined and unknown' ","'17 and under' ",215
2015 ,"'Z General, other combined and unknown' ","'18' ",4115
2015 ,"'Z General, other combined and unknown' ","'19' ",1405
2015 ,"'Z General, other combined and unknown' ","'20' ",415
2015 ,"'Z General, other combined and unknown' ","'21 and over' ",780
2016 ,"'Group A Medicine and Dentistry' ","'17 and under' ",115
2016 ,"'Group A Medicine and Dentistry' ","'18' ",5140
2016 ,"'Group A Medicine and Dentistry' ","'19' ",1310
2016 ,"'Group A Medicine and Dentistry' ","'20' ",305
2016 ,"'Group A Medicine and Dentistry' ","'21 and over' ",2260
2016 ,"'Group B Subjects allied to Medicine' ","'17 and under' ",290
2016 ,"'Group B Subjects allied to Medicine' ","'18' ",16410
2016 ,"'Group B Subjects allied to Medicine' ","'19' ",8775
2016 ,"'Group B Subjects allied to Medicine' ","'20' ",3790
2016 ,"'Group B Subjects allied to Medicine' ","'21 and over' ",26190
2016 ,"'Group C Biological Sciences' ","'17 and under' ",515
2016 ,"'Group C Biological Sciences' ","'18' ",30810
2016 ,"'Group C Biological Sciences' ","'19' ",11115
2016 ,"'Group C Biological Sciences' ","'20' ",4040
2016 ,"'Group C Biological Sciences' ","'21 and over' ",7715
2016 ,"'Group D Veterinary Sciences, Agriculture and related' ","'17 and under' ",85
2016 ,"'Group D Veterinary Sciences, Agriculture and related' ","'18' ",3135
2016 ,"'Group D Veterinary Sciences, Agriculture and related' ","'19' ",1445
2016 ,"'Group D Veterinary Sciences, Agriculture and related' ","'20' ",650
2016 ,"'Group D Veterinary Sciences, Agriculture and related' ","'21 and over' ",1835
2016 ,"'Group F Physical Sciences' ","'17 and under' ",260
2016 ,"'Group F Physical Sciences' ","'18' ",13445
2016 ,"'Group F Physical Sciences' ","'19' ",3950
2016 ,"'Group F Physical Sciences' ","'20' ",980
2016 ,"'Group F Physical Sciences' ","'21 and over' ",1580
2016 ,"'Group G Mathematical Sciences' ","'17 and under' ",205
2016 ,"'Group G Mathematical Sciences' ","'18' ",6250
2016 ,"'Group G Mathematical Sciences' ","'19' ",1665
2016 ,"'Group G Mathematical Sciences' ","'20' ",450
2016 ,"'Group G Mathematical Sciences' ","'21 and over' ",505
2016 ,"'Group H Engineering' ","'17 and under' ",800
2016 ,"'Group H Engineering' ","'18' ",15955
2016 ,"'Group H Engineering' ","'19' ",6535
2016 ,"'Group H Engineering' ","'20' ",2805
2016 ,"'Group H Engineering' ","'21 and over' ",4685
2016 ,"'Group I Computer Sciences' ","'17 and under' ",300
2016 ,"'Group I Computer Sciences' ","'18' ",11815
2016 ,"'Group I Computer Sciences' ","'19' ",6385
2016 ,"'Group I Computer Sciences' ","'20' ",2830
2016 ,"'Group I Computer Sciences' ","'21 and over' ",5515
2016 ,"'Group J Technologies' ","'17 and under' ",30
2016 ,"'Group J Technologies' ","'18' ",835
2016 ,"'Group J Technologies' ","'19' ",450
2016 ,"'Group J Technologies' ","'20' ",250
2016 ,"'Group J Technologies' ","'21 and over' ",600
2016 ,"'Group K Architecture, Building and Planning' ","'17 and under' ",125
2016 ,"'Group K Architecture, Building and Planning' ","'18' ",3985
2016 ,"'Group K Architecture, Building and Planning' ","'19' ",2005
2016 ,"'Group K Architecture, Building and Planning' ","'20' ",720
2016 ,"'Group K Architecture, Building and Planning' ","'21 and over' ",1745
2016 ,"'Group L Social Studies' ","'17 and under' ",535
2016 ,"'Group L Social Studies' ","'18' ",23390
2016 ,"'Group L Social Studies' ","'19' ",9070
2016 ,"'Group L Social Studies' ","'20' ",3020
2016 ,"'Group L Social Studies' ","'21 and over' ",11920
2016 ,"'Group M Law' ","'17 and under' ",500
2016 ,"'Group M Law' ","'18' ",13775
2016 ,"'Group M Law' ","'19' ",4735
2016 ,"'Group M Law' ","'20' ",1710
2016 ,"'Group M Law' ","'21 and over' ",4335
2016 ,"'Group N Business and Admin studies' ","'17 and under' ",995
2016 ,"'Group N Business and Admin studies' ","'18' ",30545
2016 ,"'Group N Business and Admin studies' ","'19' ",15825
2016 ,"'Group N Business and Admin studies' ","'20' ",6740
2016 ,"'Group N Business and Admin studies' ","'21 and over' ",13555
2016 ,"'Group P Mass Communication and Documentation' ","'17 and under' ",135
2016 ,"'Group P Mass Communication and Documentation' ","'18' ",7220
2016 ,"'Group P Mass Communication and Documentation' ","'19' ",3200
2016 ,"'Group P Mass Communication and Documentation' ","'20' ",1360
2016 ,"'Group P Mass Communication and Documentation' ","'21 and over' ",1720
2016 ,"'Group Q Linguistics, Classics and related' ","'17 and under' ",115
2016 ,"'Group Q Linguistics, Classics and related' ","'18' ",8245
2016 ,"'Group Q Linguistics, Classics and related' ","'19' ",2220
2016 ,"'Group Q Linguistics, Classics and related' ","'20' ",575
2016 ,"'Group Q Linguistics, Classics and related' ","'21 and over' ",1090
2016 ,"'Group R European Languages, Literature and related' ","'17 and under' ",70
2016 ,"'Group R European Languages, Literature and related' ","'18' ",2600
2016 ,"'Group R European Languages, Literature and related' ","'19' ",565
2016 ,"'Group R European Languages, Literature and related' ","'20' ",110
2016 ,"'Group R European Languages, Literature and related' ","'21 and over' ",160
2016 ,"'Group T Non-European Languages, Literature and related' ","'17 and under' ",15
2016 ,"'Group T Non-European Languages, Literature and related' ","'18' ",680
2016 ,"'Group T Non-European Languages, Literature and related' ","'19' ",230
2016 ,"'Group T Non-European Languages, Literature and related' ","'20' ",65
2016 ,"'Group T Non-European Languages, Literature and related' ","'21 and over' ",155
2016 ,"'Group V History and Philosophical studies' ","'17 and under' ",80
2016 ,"'Group V History and Philosophical studies' ","'18' ",10820
2016 ,"'Group V History and Philosophical studies' ","'19' ",2810
2016 ,"'Group V History and Philosophical studies' ","'20' ",635
2016 ,"'Group V History and Philosophical studies' ","'21 and over' ",1350
2016 ,"'Group W Creative Arts and Design' ","'17 and under' ",420
2016 ,"'Group W Creative Arts and Design' ","'18' ",22295
2016 ,"'Group W Creative Arts and Design' ","'19' ",15555
2016 ,"'Group W Creative Arts and Design' ","'20' ",5935
2016 ,"'Group W Creative Arts and Design' ","'21 and over' ",10280
2016 ,"'Group X Education' ","'17 and under' ",30
2016 ,"'Group X Education' ","'18' ",7730
2016 ,"'Group X Education' ","'19' ",3205
2016 ,"'Group X Education' ","'20' ",1400
2016 ,"'Group X Education' ","'21 and over' ",7805
2016 ,"'Y Combined arts' ","'17 and under' ",85
2016 ,"'Y Combined arts' ","'18' ",5745
2016 ,"'Y Combined arts' ","'19' ",1840
2016 ,"'Y Combined arts' ","'20' ",595
2016 ,"'Y Combined arts' ","'21 and over' ",1085
2016 ,"'Y Combined sciences' ","'17 and under' ",135
2016 ,"'Y Combined sciences' ","'18' ",3610
2016 ,"'Y Combined sciences' ","'19' ",1480
2016 ,"'Y Combined sciences' ","'20' ",490
2016 ,"'Y Combined sciences' ","'21 and over' ",1110
2016 ,"'Y Combined social sciences' ","'17 and under' ",120
2016 ,"'Y Combined social sciences' ","'18' ",3060
2016 ,"'Y Combined social sciences' ","'19' ",1320
2016 ,"'Y Combined social sciences' ","'20' ",410
2016 ,"'Y Combined social sciences' ","'21 and over' ",630
2016 ,"'Y Sciences combined with Social Sciences or Arts' ","'17 and under' ",135
2016 ,"'Y Sciences combined with Social Sciences or Arts' ","'18' ",5950
2016 ,"'Y Sciences combined with Social Sciences or Arts' ","'19' ",2590
2016 ,"'Y Sciences combined with Social Sciences or Arts' ","'20' ",985
2016 ,"'Y Sciences combined with Social Sciences or Arts' ","'21 and over' ",2360
2016 ,"'Y Social Sciences combined with Arts' ","'17 and under' ",140
2016 ,"'Y Social Sciences combined with Arts' ","'18' ",5470
2016 ,"'Y Social Sciences combined with Arts' ","'19' ",2170
2016 ,"'Y Social Sciences combined with Arts' ","'20' ",670
2016 ,"'Y Social Sciences combined with Arts' ","'21 and over' ",1295
2016 ,"'Z General, other combined and unknown' ","'17 and under' ",215
2016 ,"'Z General, other combined and unknown' ","'18' ",4005
2016 ,"'Z General, other combined and unknown' ","'19' ",1395
2016 ,"'Z General, other combined and unknown' ","'20' ",375
2016 ,"'Z General, other combined and unknown' ","'21 and over' ",605
