"Statistic:   Number of Applications"
"Variables:   Subject Group (Summary Level) , Provider Country 2016 , Cycle Year"
"Coverage:   Applications through the main scheme"
"For a list of key definitions and descriptions please refer to the PDF file provided - EOC_data_resource_2016-DR3_025_03.pdf"
 
Cycle Year,Subject Group (Summary Level) , Provider Country 2016,Number of Applications,
2007 ,"'Group A Medicine and Dentistry' ","'England' ",69645
2007 ,"'Group A Medicine and Dentistry' ","'Northern Ireland' ",1115
2007 ,"'Group A Medicine and Dentistry' ","'Scotland' ",8795
2007 ,"'Group A Medicine and Dentistry' ","'Wales' ",3950
2007 ,"'Group B Subjects allied to Medicine' ","'England' ",153335
2007 ,"'Group B Subjects allied to Medicine' ","'Northern Ireland' ",6260
2007 ,"'Group B Subjects allied to Medicine' ","'Scotland' ",15310
2007 ,"'Group B Subjects allied to Medicine' ","'Wales' ",12245
2007 ,"'Group C Biological Sciences' ","'England' ",153060
2007 ,"'Group C Biological Sciences' ","'Northern Ireland' ",3550
2007 ,"'Group C Biological Sciences' ","'Scotland' ",19410
2007 ,"'Group C Biological Sciences' ","'Wales' ",11535
2007 ,"'Group D Veterinary Sciences, Agriculture and related' ","'England' ",14735
2007 ,"'Group D Veterinary Sciences, Agriculture and related' ","'Northern Ireland' ",470
2007 ,"'Group D Veterinary Sciences, Agriculture and related' ","'Scotland' ",2435
2007 ,"'Group D Veterinary Sciences, Agriculture and related' ","'Wales' ",780
2007 ,"'Group F Physical Sciences' ","'England' ",69260
2007 ,"'Group F Physical Sciences' ","'Northern Ireland' ",1810
2007 ,"'Group F Physical Sciences' ","'Scotland' ",9700
2007 ,"'Group F Physical Sciences' ","'Wales' ",4670
2007 ,"'Group G Mathematical Sciences' ","'England' ",30710
2007 ,"'Group G Mathematical Sciences' ","'Northern Ireland' ",530
2007 ,"'Group G Mathematical Sciences' ","'Scotland' ",3010
2007 ,"'Group G Mathematical Sciences' ","'Wales' ",1150
2007 ,"'Group H Engineering' ","'England' ",91885
2007 ,"'Group H Engineering' ","'Northern Ireland' ",2740
2007 ,"'Group H Engineering' ","'Scotland' ",13630
2007 ,"'Group H Engineering' ","'Wales' ",4910
2007 ,"'Group I Computer Sciences' ","'England' ",66880
2007 ,"'Group I Computer Sciences' ","'Northern Ireland' ",3475
2007 ,"'Group I Computer Sciences' ","'Scotland' ",6195
2007 ,"'Group I Computer Sciences' ","'Wales' ",3175
2007 ,"'Group J Technologies' ","'England' ",9275
2007 ,"'Group J Technologies' ","'Northern Ireland' ",295
2007 ,"'Group J Technologies' ","'Scotland' ",535
2007 ,"'Group J Technologies' ","'Wales' ",665
2007 ,"'Group K Architecture, Building and Planning' ","'England' ",38450
2007 ,"'Group K Architecture, Building and Planning' ","'Northern Ireland' ",3850
2007 ,"'Group K Architecture, Building and Planning' ","'Scotland' ",6980
2007 ,"'Group K Architecture, Building and Planning' ","'Wales' ",1645
2007 ,"'Group L Social Studies' ","'England' ",159840
2007 ,"'Group L Social Studies' ","'Northern Ireland' ",7835
2007 ,"'Group L Social Studies' ","'Scotland' ",16695
2007 ,"'Group L Social Studies' ","'Wales' ",6640
2007 ,"'Group M Law' ","'England' ",95855
2007 ,"'Group M Law' ","'Northern Ireland' ",2965
2007 ,"'Group M Law' ","'Scotland' ",7470
2007 ,"'Group M Law' ","'Wales' ",4370
2007 ,"'Group N Business and Admin studies' ","'England' ",240665
2007 ,"'Group N Business and Admin studies' ","'Northern Ireland' ",6730
2007 ,"'Group N Business and Admin studies' ","'Scotland' ",22535
2007 ,"'Group N Business and Admin studies' ","'Wales' ",10040
2007 ,"'Group P Mass Communication and Documentation' ","'England' ",44415
2007 ,"'Group P Mass Communication and Documentation' ","'Northern Ireland' ",1540
2007 ,"'Group P Mass Communication and Documentation' ","'Scotland' ",2600
2007 ,"'Group P Mass Communication and Documentation' ","'Wales' ",2215
2007 ,"'Group Q Linguistics, Classics and related' ","'England' ",57455
2007 ,"'Group Q Linguistics, Classics and related' ","'Northern Ireland' ",1690
2007 ,"'Group Q Linguistics, Classics and related' ","'Scotland' ",6095
2007 ,"'Group Q Linguistics, Classics and related' ","'Wales' ",3560
2007 ,"'Group R European Languages, Literature and related' ","'England' ",20455
2007 ,"'Group R European Languages, Literature and related' ","'Northern Ireland' ",565
2007 ,"'Group R European Languages, Literature and related' ","'Scotland' ",2595
2007 ,"'Group R European Languages, Literature and related' ","'Wales' ",1275
2007 ,"'Group T Non-European Languages, Literature and related' ","'England' ",7435
2007 ,"'Group T Non-European Languages, Literature and related' ","'Northern Ireland' ",75
2007 ,"'Group T Non-European Languages, Literature and related' ","'Scotland' ",1310
2007 ,"'Group T Non-European Languages, Literature and related' ","'Wales' ",125
2007 ,"'Group V History and Philosophical studies' ","'England' ",64730
2007 ,"'Group V History and Philosophical studies' ","'Northern Ireland' ",1750
2007 ,"'Group V History and Philosophical studies' ","'Scotland' ",8070
2007 ,"'Group V History and Philosophical studies' ","'Wales' ",4645
2007 ,"'Group W Creative Arts and Design' ","'England' ",204385
2007 ,"'Group W Creative Arts and Design' ","'Northern Ireland' ",2390
2007 ,"'Group W Creative Arts and Design' ","'Scotland' ",12860
2007 ,"'Group W Creative Arts and Design' ","'Wales' ",8920
2007 ,"'Group X Education' ","'England' ",57080
2007 ,"'Group X Education' ","'Northern Ireland' ",660
2007 ,"'Group X Education' ","'Scotland' ",9245
2007 ,"'Group X Education' ","'Wales' ",5160
2007 ,"'Y Combined arts' ","'England' ",69310
2007 ,"'Y Combined arts' ","'Northern Ireland' ",1885
2007 ,"'Y Combined arts' ","'Scotland' ",7045
2007 ,"'Y Combined arts' ","'Wales' ",4265
2007 ,"'Y Combined sciences' ","'England' ",35735
2007 ,"'Y Combined sciences' ","'Northern Ireland' ",965
2007 ,"'Y Combined sciences' ","'Scotland' ",4825
2007 ,"'Y Combined sciences' ","'Wales' ",2095
2007 ,"'Y Combined social sciences' ","'England' ",34170
2007 ,"'Y Combined social sciences' ","'Northern Ireland' ",785
2007 ,"'Y Combined social sciences' ","'Scotland' ",4395
2007 ,"'Y Combined social sciences' ","'Wales' ",1995
2007 ,"'Y Sciences combined with Social Sciences or Arts' ","'England' ",103680
2007 ,"'Y Sciences combined with Social Sciences or Arts' ","'Northern Ireland' ",1680
2007 ,"'Y Sciences combined with Social Sciences or Arts' ","'Scotland' ",12020
2007 ,"'Y Sciences combined with Social Sciences or Arts' ","'Wales' ",4650
2007 ,"'Y Social Sciences combined with Arts' ","'England' ",63300
2007 ,"'Y Social Sciences combined with Arts' ","'Northern Ireland' ",1700
2007 ,"'Y Social Sciences combined with Arts' ","'Scotland' ",9545
2007 ,"'Y Social Sciences combined with Arts' ","'Wales' ",3240
2007 ,"'Z General, other combined and unknown' ","'England' ",17430
2007 ,"'Z General, other combined and unknown' ","'Scotland' ",2890
2007 ,"'Z General, other combined and unknown' ","'Wales' ",450
2008 ,"'Group A Medicine and Dentistry' ","'England' ",66915
2008 ,"'Group A Medicine and Dentistry' ","'Northern Ireland' ",875
2008 ,"'Group A Medicine and Dentistry' ","'Scotland' ",8420
2008 ,"'Group A Medicine and Dentistry' ","'Wales' ",3600
2008 ,"'Group B Subjects allied to Medicine' ","'England' ",184130
2008 ,"'Group B Subjects allied to Medicine' ","'Northern Ireland' ",5535
2008 ,"'Group B Subjects allied to Medicine' ","'Scotland' ",13310
2008 ,"'Group B Subjects allied to Medicine' ","'Wales' ",10630
2008 ,"'Group C Biological Sciences' ","'England' ",136320
2008 ,"'Group C Biological Sciences' ","'Northern Ireland' ",2875
2008 ,"'Group C Biological Sciences' ","'Scotland' ",17310
2008 ,"'Group C Biological Sciences' ","'Wales' ",10245
2008 ,"'Group D Veterinary Sciences, Agriculture and related' ","'England' ",15275
2008 ,"'Group D Veterinary Sciences, Agriculture and related' ","'Northern Ireland' ",420
2008 ,"'Group D Veterinary Sciences, Agriculture and related' ","'Scotland' ",2440
2008 ,"'Group D Veterinary Sciences, Agriculture and related' ","'Wales' ",665
2008 ,"'Group F Physical Sciences' ","'England' ",61565
2008 ,"'Group F Physical Sciences' ","'Northern Ireland' ",1465
2008 ,"'Group F Physical Sciences' ","'Scotland' ",8865
2008 ,"'Group F Physical Sciences' ","'Wales' ",4085
2008 ,"'Group G Mathematical Sciences' ","'England' ",28935
2008 ,"'Group G Mathematical Sciences' ","'Northern Ireland' ",390
2008 ,"'Group G Mathematical Sciences' ","'Scotland' ",2920
2008 ,"'Group G Mathematical Sciences' ","'Wales' ",1035
2008 ,"'Group H Engineering' ","'England' ",84425
2008 ,"'Group H Engineering' ","'Northern Ireland' ",2535
2008 ,"'Group H Engineering' ","'Scotland' ",13650
2008 ,"'Group H Engineering' ","'Wales' ",4430
2008 ,"'Group I Computer Sciences' ","'England' ",59490
2008 ,"'Group I Computer Sciences' ","'Northern Ireland' ",2970
2008 ,"'Group I Computer Sciences' ","'Scotland' ",5670
2008 ,"'Group I Computer Sciences' ","'Wales' ",2990
2008 ,"'Group J Technologies' ","'England' ",8705
2008 ,"'Group J Technologies' ","'Northern Ireland' ",255
2008 ,"'Group J Technologies' ","'Scotland' ",525
2008 ,"'Group J Technologies' ","'Wales' ",555
2008 ,"'Group K Architecture, Building and Planning' ","'England' ",37425
2008 ,"'Group K Architecture, Building and Planning' ","'Northern Ireland' ",3365
2008 ,"'Group K Architecture, Building and Planning' ","'Scotland' ",6905
2008 ,"'Group K Architecture, Building and Planning' ","'Wales' ",1530
2008 ,"'Group L Social Studies' ","'England' ",151210
2008 ,"'Group L Social Studies' ","'Northern Ireland' ",6010
2008 ,"'Group L Social Studies' ","'Scotland' ",16130
2008 ,"'Group L Social Studies' ","'Wales' ",5980
2008 ,"'Group M Law' ","'England' ",88305
2008 ,"'Group M Law' ","'Northern Ireland' ",2480
2008 ,"'Group M Law' ","'Scotland' ",6855
2008 ,"'Group M Law' ","'Wales' ",3760
2008 ,"'Group N Business and Admin studies' ","'England' ",225080
2008 ,"'Group N Business and Admin studies' ","'Northern Ireland' ",6170
2008 ,"'Group N Business and Admin studies' ","'Scotland' ",21010
2008 ,"'Group N Business and Admin studies' ","'Wales' ",8875
2008 ,"'Group P Mass Communication and Documentation' ","'England' ",40890
2008 ,"'Group P Mass Communication and Documentation' ","'Northern Ireland' ",1350
2008 ,"'Group P Mass Communication and Documentation' ","'Scotland' ",2430
2008 ,"'Group P Mass Communication and Documentation' ","'Wales' ",2070
2008 ,"'Group Q Linguistics, Classics and related' ","'England' ",52130
2008 ,"'Group Q Linguistics, Classics and related' ","'Northern Ireland' ",1375
2008 ,"'Group Q Linguistics, Classics and related' ","'Scotland' ",5630
2008 ,"'Group Q Linguistics, Classics and related' ","'Wales' ",3035
2008 ,"'Group R European Languages, Literature and related' ","'England' ",18840
2008 ,"'Group R European Languages, Literature and related' ","'Northern Ireland' ",425
2008 ,"'Group R European Languages, Literature and related' ","'Scotland' ",2625
2008 ,"'Group R European Languages, Literature and related' ","'Wales' ",990
2008 ,"'Group T Non-European Languages, Literature and related' ","'England' ",5975
2008 ,"'Group T Non-European Languages, Literature and related' ","'Northern Ireland' ",35
2008 ,"'Group T Non-European Languages, Literature and related' ","'Scotland' ",1160
2008 ,"'Group T Non-European Languages, Literature and related' ","'Wales' ",90
2008 ,"'Group V History and Philosophical studies' ","'England' ",58810
2008 ,"'Group V History and Philosophical studies' ","'Northern Ireland' ",1465
2008 ,"'Group V History and Philosophical studies' ","'Scotland' ",8120
2008 ,"'Group V History and Philosophical studies' ","'Wales' ",3915
2008 ,"'Group W Creative Arts and Design' ","'England' ",188970
2008 ,"'Group W Creative Arts and Design' ","'Northern Ireland' ",2530
2008 ,"'Group W Creative Arts and Design' ","'Scotland' ",12435
2008 ,"'Group W Creative Arts and Design' ","'Wales' ",8795
2008 ,"'Group X Education' ","'England' ",54155
2008 ,"'Group X Education' ","'Northern Ireland' ",520
2008 ,"'Group X Education' ","'Scotland' ",7615
2008 ,"'Group X Education' ","'Wales' ",3875
2008 ,"'Y Combined arts' ","'England' ",58820
2008 ,"'Y Combined arts' ","'Northern Ireland' ",1285
2008 ,"'Y Combined arts' ","'Scotland' ",6575
2008 ,"'Y Combined arts' ","'Wales' ",3670
2008 ,"'Y Combined sciences' ","'England' ",31205
2008 ,"'Y Combined sciences' ","'Northern Ireland' ",735
2008 ,"'Y Combined sciences' ","'Scotland' ",4205
2008 ,"'Y Combined sciences' ","'Wales' ",1550
2008 ,"'Y Combined social sciences' ","'England' ",30290
2008 ,"'Y Combined social sciences' ","'Northern Ireland' ",545
2008 ,"'Y Combined social sciences' ","'Scotland' ",4110
2008 ,"'Y Combined social sciences' ","'Wales' ",1480
2008 ,"'Y Sciences combined with Social Sciences or Arts' ","'England' ",93120
2008 ,"'Y Sciences combined with Social Sciences or Arts' ","'Northern Ireland' ",1210
2008 ,"'Y Sciences combined with Social Sciences or Arts' ","'Scotland' ",11255
2008 ,"'Y Sciences combined with Social Sciences or Arts' ","'Wales' ",4280
2008 ,"'Y Social Sciences combined with Arts' ","'England' ",55050
2008 ,"'Y Social Sciences combined with Arts' ","'Northern Ireland' ",1220
2008 ,"'Y Social Sciences combined with Arts' ","'Scotland' ",9025
2008 ,"'Y Social Sciences combined with Arts' ","'Wales' ",2815
2008 ,"'Z General, other combined and unknown' ","'England' ",16530
2008 ,"'Z General, other combined and unknown' ","'Scotland' ",495
2008 ,"'Z General, other combined and unknown' ","'Wales' ",395
2009 ,"'Group A Medicine and Dentistry' ","'England' ",69175
2009 ,"'Group A Medicine and Dentistry' ","'Northern Ireland' ",960
2009 ,"'Group A Medicine and Dentistry' ","'Scotland' ",7870
2009 ,"'Group A Medicine and Dentistry' ","'Wales' ",3795
2009 ,"'Group B Subjects allied to Medicine' ","'England' ",214760
2009 ,"'Group B Subjects allied to Medicine' ","'Northern Ireland' ",6150
2009 ,"'Group B Subjects allied to Medicine' ","'Scotland' ",13460
2009 ,"'Group B Subjects allied to Medicine' ","'Wales' ",11835
2009 ,"'Group C Biological Sciences' ","'England' ",151045
2009 ,"'Group C Biological Sciences' ","'Northern Ireland' ",3295
2009 ,"'Group C Biological Sciences' ","'Scotland' ",20600
2009 ,"'Group C Biological Sciences' ","'Wales' ",11505
2009 ,"'Group D Veterinary Sciences, Agriculture and related' ","'England' ",17545
2009 ,"'Group D Veterinary Sciences, Agriculture and related' ","'Northern Ireland' ",590
2009 ,"'Group D Veterinary Sciences, Agriculture and related' ","'Scotland' ",2505
2009 ,"'Group D Veterinary Sciences, Agriculture and related' ","'Wales' ",715
2009 ,"'Group F Physical Sciences' ","'England' ",65370
2009 ,"'Group F Physical Sciences' ","'Northern Ireland' ",1625
2009 ,"'Group F Physical Sciences' ","'Scotland' ",10075
2009 ,"'Group F Physical Sciences' ","'Wales' ",4540
2009 ,"'Group G Mathematical Sciences' ","'England' ",35490
2009 ,"'Group G Mathematical Sciences' ","'Northern Ireland' ",455
2009 ,"'Group G Mathematical Sciences' ","'Scotland' ",3600
2009 ,"'Group G Mathematical Sciences' ","'Wales' ",1255
2009 ,"'Group H Engineering' ","'England' ",98620
2009 ,"'Group H Engineering' ","'Northern Ireland' ",3225
2009 ,"'Group H Engineering' ","'Scotland' ",15835
2009 ,"'Group H Engineering' ","'Wales' ",5100
2009 ,"'Group I Computer Sciences' ","'England' ",66980
2009 ,"'Group I Computer Sciences' ","'Northern Ireland' ",3305
2009 ,"'Group I Computer Sciences' ","'Scotland' ",6195
2009 ,"'Group I Computer Sciences' ","'Wales' ",3405
2009 ,"'Group J Technologies' ","'England' ",9920
2009 ,"'Group J Technologies' ","'Northern Ireland' ",275
2009 ,"'Group J Technologies' ","'Scotland' ",495
2009 ,"'Group J Technologies' ","'Wales' ",800
2009 ,"'Group K Architecture, Building and Planning' ","'England' ",39620
2009 ,"'Group K Architecture, Building and Planning' ","'Northern Ireland' ",2760
2009 ,"'Group K Architecture, Building and Planning' ","'Scotland' ",6415
2009 ,"'Group K Architecture, Building and Planning' ","'Wales' ",1695
2009 ,"'Group L Social Studies' ","'England' ",173735
2009 ,"'Group L Social Studies' ","'Northern Ireland' ",6665
2009 ,"'Group L Social Studies' ","'Scotland' ",17630
2009 ,"'Group L Social Studies' ","'Wales' ",6905
2009 ,"'Group M Law' ","'England' ",96175
2009 ,"'Group M Law' ","'Northern Ireland' ",2695
2009 ,"'Group M Law' ","'Scotland' ",7670
2009 ,"'Group M Law' ","'Wales' ",4340
2009 ,"'Group N Business and Admin studies' ","'England' ",244450
2009 ,"'Group N Business and Admin studies' ","'Northern Ireland' ",7165
2009 ,"'Group N Business and Admin studies' ","'Scotland' ",22685
2009 ,"'Group N Business and Admin studies' ","'Wales' ",10240
2009 ,"'Group P Mass Communication and Documentation' ","'England' ",46505
2009 ,"'Group P Mass Communication and Documentation' ","'Northern Ireland' ",1695
2009 ,"'Group P Mass Communication and Documentation' ","'Scotland' ",2700
2009 ,"'Group P Mass Communication and Documentation' ","'Wales' ",2205
2009 ,"'Group Q Linguistics, Classics and related' ","'England' ",59185
2009 ,"'Group Q Linguistics, Classics and related' ","'Northern Ireland' ",1335
2009 ,"'Group Q Linguistics, Classics and related' ","'Scotland' ",6190
2009 ,"'Group Q Linguistics, Classics and related' ","'Wales' ",3325
2009 ,"'Group R European Languages, Literature and related' ","'England' ",20170
2009 ,"'Group R European Languages, Literature and related' ","'Northern Ireland' ",420
2009 ,"'Group R European Languages, Literature and related' ","'Scotland' ",2780
2009 ,"'Group R European Languages, Literature and related' ","'Wales' ",1045
2009 ,"'Group T Non-European Languages, Literature and related' ","'England' ",6450
2009 ,"'Group T Non-European Languages, Literature and related' ","'Northern Ireland' ",25
2009 ,"'Group T Non-European Languages, Literature and related' ","'Scotland' ",1230
2009 ,"'Group T Non-European Languages, Literature and related' ","'Wales' ",115
2009 ,"'Group V History and Philosophical studies' ","'England' ",65040
2009 ,"'Group V History and Philosophical studies' ","'Northern Ireland' ",1475
2009 ,"'Group V History and Philosophical studies' ","'Scotland' ",8320
2009 ,"'Group V History and Philosophical studies' ","'Wales' ",4405
2009 ,"'Group W Creative Arts and Design' ","'England' ",210375
2009 ,"'Group W Creative Arts and Design' ","'Northern Ireland' ",2645
2009 ,"'Group W Creative Arts and Design' ","'Scotland' ",12720
2009 ,"'Group W Creative Arts and Design' ","'Wales' ",9765
2009 ,"'Group X Education' ","'England' ",63415
2009 ,"'Group X Education' ","'Northern Ireland' ",945
2009 ,"'Group X Education' ","'Scotland' ",6785
2009 ,"'Group X Education' ","'Wales' ",3805
2009 ,"'Y Combined arts' ","'England' ",55530
2009 ,"'Y Combined arts' ","'Northern Ireland' ",915
2009 ,"'Y Combined arts' ","'Scotland' ",6850
2009 ,"'Y Combined arts' ","'Wales' ",3550
2009 ,"'Y Combined sciences' ","'England' ",30710
2009 ,"'Y Combined sciences' ","'Northern Ireland' ",695
2009 ,"'Y Combined sciences' ","'Scotland' ",3985
2009 ,"'Y Combined sciences' ","'Wales' ",1415
2009 ,"'Y Combined social sciences' ","'England' ",27890
2009 ,"'Y Combined social sciences' ","'Northern Ireland' ",335
2009 ,"'Y Combined social sciences' ","'Scotland' ",4025
2009 ,"'Y Combined social sciences' ","'Wales' ",1465
2009 ,"'Y Sciences combined with Social Sciences or Arts' ","'England' ",84425
2009 ,"'Y Sciences combined with Social Sciences or Arts' ","'Northern Ireland' ",725
2009 ,"'Y Sciences combined with Social Sciences or Arts' ","'Scotland' ",11560
2009 ,"'Y Sciences combined with Social Sciences or Arts' ","'Wales' ",3970
2009 ,"'Y Social Sciences combined with Arts' ","'England' ",51230
2009 ,"'Y Social Sciences combined with Arts' ","'Northern Ireland' ",690
2009 ,"'Y Social Sciences combined with Arts' ","'Scotland' ",8170
2009 ,"'Y Social Sciences combined with Arts' ","'Wales' ",2370
2009 ,"'Z General, other combined and unknown' ","'England' ",17695
2009 ,"'Z General, other combined and unknown' ","'Scotland' ",570
2009 ,"'Z General, other combined and unknown' ","'Wales' ",375
2010 ,"'Group A Medicine and Dentistry' ","'England' ",77020
2010 ,"'Group A Medicine and Dentistry' ","'Northern Ireland' ",1065
2010 ,"'Group A Medicine and Dentistry' ","'Scotland' ",10885
2010 ,"'Group A Medicine and Dentistry' ","'Wales' ",4265
2010 ,"'Group B Subjects allied to Medicine' ","'England' ",276075
2010 ,"'Group B Subjects allied to Medicine' ","'Northern Ireland' ",7280
2010 ,"'Group B Subjects allied to Medicine' ","'Scotland' ",29690
2010 ,"'Group B Subjects allied to Medicine' ","'Wales' ",13845
2010 ,"'Group C Biological Sciences' ","'England' ",176840
2010 ,"'Group C Biological Sciences' ","'Northern Ireland' ",3965
2010 ,"'Group C Biological Sciences' ","'Scotland' ",22430
2010 ,"'Group C Biological Sciences' ","'Wales' ",13005
2010 ,"'Group D Veterinary Sciences, Agriculture and related' ","'England' ",21105
2010 ,"'Group D Veterinary Sciences, Agriculture and related' ","'Northern Ireland' ",645
2010 ,"'Group D Veterinary Sciences, Agriculture and related' ","'Scotland' ",2920
2010 ,"'Group D Veterinary Sciences, Agriculture and related' ","'Wales' ",900
2010 ,"'Group F Physical Sciences' ","'England' ",74695
2010 ,"'Group F Physical Sciences' ","'Northern Ireland' ",1700
2010 ,"'Group F Physical Sciences' ","'Scotland' ",10935
2010 ,"'Group F Physical Sciences' ","'Wales' ",4860
2010 ,"'Group G Mathematical Sciences' ","'England' ",38495
2010 ,"'Group G Mathematical Sciences' ","'Northern Ireland' ",445
2010 ,"'Group G Mathematical Sciences' ","'Scotland' ",3870
2010 ,"'Group G Mathematical Sciences' ","'Wales' ",1380
2010 ,"'Group H Engineering' ","'England' ",108315
2010 ,"'Group H Engineering' ","'Northern Ireland' ",3490
2010 ,"'Group H Engineering' ","'Scotland' ",17125
2010 ,"'Group H Engineering' ","'Wales' ",5790
2010 ,"'Group I Computer Sciences' ","'England' ",75195
2010 ,"'Group I Computer Sciences' ","'Northern Ireland' ",4325
2010 ,"'Group I Computer Sciences' ","'Scotland' ",7580
2010 ,"'Group I Computer Sciences' ","'Wales' ",3155
2010 ,"'Group J Technologies' ","'England' ",10645
2010 ,"'Group J Technologies' ","'Northern Ireland' ",370
2010 ,"'Group J Technologies' ","'Scotland' ",710
2010 ,"'Group J Technologies' ","'Wales' ",880
2010 ,"'Group K Architecture, Building and Planning' ","'England' ",40135
2010 ,"'Group K Architecture, Building and Planning' ","'Northern Ireland' ",2320
2010 ,"'Group K Architecture, Building and Planning' ","'Scotland' ",6065
2010 ,"'Group K Architecture, Building and Planning' ","'Wales' ",1550
2010 ,"'Group L Social Studies' ","'England' ",202235
2010 ,"'Group L Social Studies' ","'Northern Ireland' ",7485
2010 ,"'Group L Social Studies' ","'Scotland' ",19840
2010 ,"'Group L Social Studies' ","'Wales' ",7570
2010 ,"'Group M Law' ","'England' ",101380
2010 ,"'Group M Law' ","'Northern Ireland' ",2620
2010 ,"'Group M Law' ","'Scotland' ",8785
2010 ,"'Group M Law' ","'Wales' ",4235
2010 ,"'Group N Business and Admin studies' ","'England' ",266925
2010 ,"'Group N Business and Admin studies' ","'Northern Ireland' ",7135
2010 ,"'Group N Business and Admin studies' ","'Scotland' ",26075
2010 ,"'Group N Business and Admin studies' ","'Wales' ",9860
2010 ,"'Group P Mass Communication and Documentation' ","'England' ",51255
2010 ,"'Group P Mass Communication and Documentation' ","'Northern Ireland' ",1785
2010 ,"'Group P Mass Communication and Documentation' ","'Scotland' ",3695
2010 ,"'Group P Mass Communication and Documentation' ","'Wales' ",1970
2010 ,"'Group Q Linguistics, Classics and related' ","'England' ",63145
2010 ,"'Group Q Linguistics, Classics and related' ","'Northern Ireland' ",1680
2010 ,"'Group Q Linguistics, Classics and related' ","'Scotland' ",6490
2010 ,"'Group Q Linguistics, Classics and related' ","'Wales' ",3160
2010 ,"'Group R European Languages, Literature and related' ","'England' ",21180
2010 ,"'Group R European Languages, Literature and related' ","'Northern Ireland' ",450
2010 ,"'Group R European Languages, Literature and related' ","'Scotland' ",2960
2010 ,"'Group R European Languages, Literature and related' ","'Wales' ",1125
2010 ,"'Group T Non-European Languages, Literature and related' ","'England' ",7210
2010 ,"'Group T Non-European Languages, Literature and related' ","'Northern Ireland' ",10
2010 ,"'Group T Non-European Languages, Literature and related' ","'Scotland' ",1055
2010 ,"'Group T Non-European Languages, Literature and related' ","'Wales' ",145
2010 ,"'Group V History and Philosophical studies' ","'England' ",69575
2010 ,"'Group V History and Philosophical studies' ","'Northern Ireland' ",1760
2010 ,"'Group V History and Philosophical studies' ","'Scotland' ",8760
2010 ,"'Group V History and Philosophical studies' ","'Wales' ",4550
2010 ,"'Group W Creative Arts and Design' ","'England' ",255735
2010 ,"'Group W Creative Arts and Design' ","'Northern Ireland' ",3020
2010 ,"'Group W Creative Arts and Design' ","'Scotland' ",17125
2010 ,"'Group W Creative Arts and Design' ","'Wales' ",10925
2010 ,"'Group X Education' ","'England' ",75350
2010 ,"'Group X Education' ","'Northern Ireland' ",1275
2010 ,"'Group X Education' ","'Scotland' ",6970
2010 ,"'Group X Education' ","'Wales' ",4115
2010 ,"'Y Combined arts' ","'England' ",60685
2010 ,"'Y Combined arts' ","'Northern Ireland' ",1030
2010 ,"'Y Combined arts' ","'Scotland' ",7040
2010 ,"'Y Combined arts' ","'Wales' ",3350
2010 ,"'Y Combined sciences' ","'England' ",34145
2010 ,"'Y Combined sciences' ","'Northern Ireland' ",790
2010 ,"'Y Combined sciences' ","'Scotland' ",4435
2010 ,"'Y Combined sciences' ","'Wales' ",1370
2010 ,"'Y Combined social sciences' ","'England' ",29680
2010 ,"'Y Combined social sciences' ","'Northern Ireland' ",325
2010 ,"'Y Combined social sciences' ","'Scotland' ",3860
2010 ,"'Y Combined social sciences' ","'Wales' ",1445
2010 ,"'Y Sciences combined with Social Sciences or Arts' ","'England' ",93300
2010 ,"'Y Sciences combined with Social Sciences or Arts' ","'Northern Ireland' ",580
2010 ,"'Y Sciences combined with Social Sciences or Arts' ","'Scotland' ",12395
2010 ,"'Y Sciences combined with Social Sciences or Arts' ","'Wales' ",3780
2010 ,"'Y Social Sciences combined with Arts' ","'England' ",55335
2010 ,"'Y Social Sciences combined with Arts' ","'Northern Ireland' ",880
2010 ,"'Y Social Sciences combined with Arts' ","'Scotland' ",8285
2010 ,"'Y Social Sciences combined with Arts' ","'Wales' ",2195
2010 ,"'Z General, other combined and unknown' ","'England' ",18065
2010 ,"'Z General, other combined and unknown' ","'Scotland' ",465
2010 ,"'Z General, other combined and unknown' ","'Wales' ",460
2011 ,"'Group A Medicine and Dentistry' ","'England' ",80135
2011 ,"'Group A Medicine and Dentistry' ","'Northern Ireland' ",1015
2011 ,"'Group A Medicine and Dentistry' ","'Scotland' ",11085
2011 ,"'Group A Medicine and Dentistry' ","'Wales' ",4220
2011 ,"'Group B Subjects allied to Medicine' ","'England' ",311770
2011 ,"'Group B Subjects allied to Medicine' ","'Northern Ireland' ",8065
2011 ,"'Group B Subjects allied to Medicine' ","'Scotland' ",32460
2011 ,"'Group B Subjects allied to Medicine' ","'Wales' ",15810
2011 ,"'Group C Biological Sciences' ","'England' ",188075
2011 ,"'Group C Biological Sciences' ","'Northern Ireland' ",3805
2011 ,"'Group C Biological Sciences' ","'Scotland' ",23345
2011 ,"'Group C Biological Sciences' ","'Wales' ",13270
2011 ,"'Group D Veterinary Sciences, Agriculture and related' ","'England' ",23060
2011 ,"'Group D Veterinary Sciences, Agriculture and related' ","'Northern Ireland' ",760
2011 ,"'Group D Veterinary Sciences, Agriculture and related' ","'Scotland' ",3225
2011 ,"'Group D Veterinary Sciences, Agriculture and related' ","'Wales' ",1035
2011 ,"'Group F Physical Sciences' ","'England' ",81315
2011 ,"'Group F Physical Sciences' ","'Northern Ireland' ",1875
2011 ,"'Group F Physical Sciences' ","'Scotland' ",10780
2011 ,"'Group F Physical Sciences' ","'Wales' ",5470
2011 ,"'Group G Mathematical Sciences' ","'England' ",40055
2011 ,"'Group G Mathematical Sciences' ","'Northern Ireland' ",485
2011 ,"'Group G Mathematical Sciences' ","'Scotland' ",3845
2011 ,"'Group G Mathematical Sciences' ","'Wales' ",1245
2011 ,"'Group H Engineering' ","'England' ",114170
2011 ,"'Group H Engineering' ","'Northern Ireland' ",3055
2011 ,"'Group H Engineering' ","'Scotland' ",18475
2011 ,"'Group H Engineering' ","'Wales' ",5135
2011 ,"'Group I Computer Sciences' ","'England' ",80365
2011 ,"'Group I Computer Sciences' ","'Northern Ireland' ",4500
2011 ,"'Group I Computer Sciences' ","'Scotland' ",8990
2011 ,"'Group I Computer Sciences' ","'Wales' ",3250
2011 ,"'Group J Technologies' ","'England' ",10475
2011 ,"'Group J Technologies' ","'Northern Ireland' ",270
2011 ,"'Group J Technologies' ","'Scotland' ",770
2011 ,"'Group J Technologies' ","'Wales' ",600
2011 ,"'Group K Architecture, Building and Planning' ","'England' ",40320
2011 ,"'Group K Architecture, Building and Planning' ","'Northern Ireland' ",2075
2011 ,"'Group K Architecture, Building and Planning' ","'Scotland' ",5640
2011 ,"'Group K Architecture, Building and Planning' ","'Wales' ",1520
2011 ,"'Group L Social Studies' ","'England' ",208120
2011 ,"'Group L Social Studies' ","'Northern Ireland' ",7535
2011 ,"'Group L Social Studies' ","'Scotland' ",19960
2011 ,"'Group L Social Studies' ","'Wales' ",7590
2011 ,"'Group M Law' ","'England' ",106955
2011 ,"'Group M Law' ","'Northern Ireland' ",2420
2011 ,"'Group M Law' ","'Scotland' ",8855
2011 ,"'Group M Law' ","'Wales' ",4625
2011 ,"'Group N Business and Admin studies' ","'England' ",283455
2011 ,"'Group N Business and Admin studies' ","'Northern Ireland' ",7310
2011 ,"'Group N Business and Admin studies' ","'Scotland' ",29125
2011 ,"'Group N Business and Admin studies' ","'Wales' ",10315
2011 ,"'Group P Mass Communication and Documentation' ","'England' ",54880
2011 ,"'Group P Mass Communication and Documentation' ","'Northern Ireland' ",1950
2011 ,"'Group P Mass Communication and Documentation' ","'Scotland' ",4015
2011 ,"'Group P Mass Communication and Documentation' ","'Wales' ",1925
2011 ,"'Group Q Linguistics, Classics and related' ","'England' ",61375
2011 ,"'Group Q Linguistics, Classics and related' ","'Northern Ireland' ",1720
2011 ,"'Group Q Linguistics, Classics and related' ","'Scotland' ",5380
2011 ,"'Group Q Linguistics, Classics and related' ","'Wales' ",3030
2011 ,"'Group R European Languages, Literature and related' ","'England' ",21110
2011 ,"'Group R European Languages, Literature and related' ","'Northern Ireland' ",450
2011 ,"'Group R European Languages, Literature and related' ","'Scotland' ",2730
2011 ,"'Group R European Languages, Literature and related' ","'Wales' ",1195
2011 ,"'Group T Non-European Languages, Literature and related' ","'England' ",7425
2011 ,"'Group T Non-European Languages, Literature and related' ","'Northern Ireland' ",15
2011 ,"'Group T Non-European Languages, Literature and related' ","'Scotland' ",865
2011 ,"'Group T Non-European Languages, Literature and related' ","'Wales' ",135
2011 ,"'Group V History and Philosophical studies' ","'England' ",69735
2011 ,"'Group V History and Philosophical studies' ","'Northern Ireland' ",1900
2011 ,"'Group V History and Philosophical studies' ","'Scotland' ",7260
2011 ,"'Group V History and Philosophical studies' ","'Wales' ",4290
2011 ,"'Group W Creative Arts and Design' ","'England' ",268720
2011 ,"'Group W Creative Arts and Design' ","'Northern Ireland' ",3005
2011 ,"'Group W Creative Arts and Design' ","'Scotland' ",19420
2011 ,"'Group W Creative Arts and Design' ","'Wales' ",10810
2011 ,"'Group X Education' ","'England' ",81340
2011 ,"'Group X Education' ","'Northern Ireland' ",1250
2011 ,"'Group X Education' ","'Scotland' ",6945
2011 ,"'Group X Education' ","'Wales' ",4740
2011 ,"'Y Combined arts' ","'England' ",59945
2011 ,"'Y Combined arts' ","'Northern Ireland' ",1070
2011 ,"'Y Combined arts' ","'Scotland' ",6235
2011 ,"'Y Combined arts' ","'Wales' ",3160
2011 ,"'Y Combined sciences' ","'England' ",35525
2011 ,"'Y Combined sciences' ","'Northern Ireland' ",805
2011 ,"'Y Combined sciences' ","'Scotland' ",4675
2011 ,"'Y Combined sciences' ","'Wales' ",1780
2011 ,"'Y Combined social sciences' ","'England' ",28510
2011 ,"'Y Combined social sciences' ","'Northern Ireland' ",375
2011 ,"'Y Combined social sciences' ","'Scotland' ",3740
2011 ,"'Y Combined social sciences' ","'Wales' ",1515
2011 ,"'Y Sciences combined with Social Sciences or Arts' ","'England' ",89235
2011 ,"'Y Sciences combined with Social Sciences or Arts' ","'Northern Ireland' ",580
2011 ,"'Y Sciences combined with Social Sciences or Arts' ","'Scotland' ",12510
2011 ,"'Y Sciences combined with Social Sciences or Arts' ","'Wales' ",3590
2011 ,"'Y Social Sciences combined with Arts' ","'England' ",54560
2011 ,"'Y Social Sciences combined with Arts' ","'Northern Ireland' ",885
2011 ,"'Y Social Sciences combined with Arts' ","'Scotland' ",7325
2011 ,"'Y Social Sciences combined with Arts' ","'Wales' ",2100
2011 ,"'Z General, other combined and unknown' ","'England' ",18220
2011 ,"'Z General, other combined and unknown' ","'Northern Ireland' ",25
2011 ,"'Z General, other combined and unknown' ","'Scotland' ",420
2011 ,"'Z General, other combined and unknown' ","'Wales' ",535
2012 ,"'Group A Medicine and Dentistry' ","'England' ",77895
2012 ,"'Group A Medicine and Dentistry' ","'Northern Ireland' ",1140
2012 ,"'Group A Medicine and Dentistry' ","'Scotland' ",11025
2012 ,"'Group A Medicine and Dentistry' ","'Wales' ",3885
2012 ,"'Group B Subjects allied to Medicine' ","'England' ",312885
2012 ,"'Group B Subjects allied to Medicine' ","'Northern Ireland' ",7895
2012 ,"'Group B Subjects allied to Medicine' ","'Scotland' ",31745
2012 ,"'Group B Subjects allied to Medicine' ","'Wales' ",15750
2012 ,"'Group C Biological Sciences' ","'England' ",176500
2012 ,"'Group C Biological Sciences' ","'Northern Ireland' ",4020
2012 ,"'Group C Biological Sciences' ","'Scotland' ",25705
2012 ,"'Group C Biological Sciences' ","'Wales' ",11965
2012 ,"'Group D Veterinary Sciences, Agriculture and related' ","'England' ",21850
2012 ,"'Group D Veterinary Sciences, Agriculture and related' ","'Northern Ireland' ",820
2012 ,"'Group D Veterinary Sciences, Agriculture and related' ","'Scotland' ",3395
2012 ,"'Group D Veterinary Sciences, Agriculture and related' ","'Wales' ",945
2012 ,"'Group F Physical Sciences' ","'England' ",79360
2012 ,"'Group F Physical Sciences' ","'Northern Ireland' ",2260
2012 ,"'Group F Physical Sciences' ","'Scotland' ",12015
2012 ,"'Group F Physical Sciences' ","'Wales' ",4870
2012 ,"'Group G Mathematical Sciences' ","'England' ",38490
2012 ,"'Group G Mathematical Sciences' ","'Northern Ireland' ",520
2012 ,"'Group G Mathematical Sciences' ","'Scotland' ",4265
2012 ,"'Group G Mathematical Sciences' ","'Wales' ",1185
2012 ,"'Group H Engineering' ","'England' ",109255
2012 ,"'Group H Engineering' ","'Northern Ireland' ",3600
2012 ,"'Group H Engineering' ","'Scotland' ",19630
2012 ,"'Group H Engineering' ","'Wales' ",4805
2012 ,"'Group I Computer Sciences' ","'England' ",72040
2012 ,"'Group I Computer Sciences' ","'Northern Ireland' ",4820
2012 ,"'Group I Computer Sciences' ","'Scotland' ",9815
2012 ,"'Group I Computer Sciences' ","'Wales' ",3255
2012 ,"'Group J Technologies' ","'England' ",8015
2012 ,"'Group J Technologies' ","'Northern Ireland' ",345
2012 ,"'Group J Technologies' ","'Scotland' ",1050
2012 ,"'Group J Technologies' ","'Wales' ",575
2012 ,"'Group K Architecture, Building and Planning' ","'England' ",32965
2012 ,"'Group K Architecture, Building and Planning' ","'Northern Ireland' ",1820
2012 ,"'Group K Architecture, Building and Planning' ","'Scotland' ",5330
2012 ,"'Group K Architecture, Building and Planning' ","'Wales' ",1335
2012 ,"'Group L Social Studies' ","'England' ",179055
2012 ,"'Group L Social Studies' ","'Northern Ireland' ",7445
2012 ,"'Group L Social Studies' ","'Scotland' ",21385
2012 ,"'Group L Social Studies' ","'Wales' ",7370
2012 ,"'Group M Law' ","'England' ",102815
2012 ,"'Group M Law' ","'Northern Ireland' ",2415
2012 ,"'Group M Law' ","'Scotland' ",8645
2012 ,"'Group M Law' ","'Wales' ",3955
2012 ,"'Group N Business and Admin studies' ","'England' ",263725
2012 ,"'Group N Business and Admin studies' ","'Northern Ireland' ",7620
2012 ,"'Group N Business and Admin studies' ","'Scotland' ",30555
2012 ,"'Group N Business and Admin studies' ","'Wales' ",9280
2012 ,"'Group P Mass Communication and Documentation' ","'England' ",46145
2012 ,"'Group P Mass Communication and Documentation' ","'Northern Ireland' ",1945
2012 ,"'Group P Mass Communication and Documentation' ","'Scotland' ",4190
2012 ,"'Group P Mass Communication and Documentation' ","'Wales' ",1515
2012 ,"'Group Q Linguistics, Classics and related' ","'England' ",55430
2012 ,"'Group Q Linguistics, Classics and related' ","'Northern Ireland' ",1640
2012 ,"'Group Q Linguistics, Classics and related' ","'Scotland' ",5915
2012 ,"'Group Q Linguistics, Classics and related' ","'Wales' ",2725
2012 ,"'Group R European Languages, Literature and related' ","'England' ",17645
2012 ,"'Group R European Languages, Literature and related' ","'Northern Ireland' ",425
2012 ,"'Group R European Languages, Literature and related' ","'Scotland' ",3440
2012 ,"'Group R European Languages, Literature and related' ","'Wales' ",995
2012 ,"'Group T Non-European Languages, Literature and related' ","'England' ",6200
2012 ,"'Group T Non-European Languages, Literature and related' ","'Scotland' ",420
2012 ,"'Group T Non-European Languages, Literature and related' ","'Wales' ",80
2012 ,"'Group V History and Philosophical studies' ","'England' ",64070
2012 ,"'Group V History and Philosophical studies' ","'Northern Ireland' ",1775
2012 ,"'Group V History and Philosophical studies' ","'Scotland' ",7550
2012 ,"'Group V History and Philosophical studies' ","'Wales' ",3835
2012 ,"'Group W Creative Arts and Design' ","'England' ",223735
2012 ,"'Group W Creative Arts and Design' ","'Northern Ireland' ",3145
2012 ,"'Group W Creative Arts and Design' ","'Scotland' ",18245
2012 ,"'Group W Creative Arts and Design' ","'Wales' ",7705
2012 ,"'Group X Education' ","'England' ",73745
2012 ,"'Group X Education' ","'Northern Ireland' ",1220
2012 ,"'Group X Education' ","'Scotland' ",6770
2012 ,"'Group X Education' ","'Wales' ",4255
2012 ,"'Y Combined arts' ","'England' ",49420
2012 ,"'Y Combined arts' ","'Northern Ireland' ",855
2012 ,"'Y Combined arts' ","'Scotland' ",5880
2012 ,"'Y Combined arts' ","'Wales' ",2730
2012 ,"'Y Combined sciences' ","'England' ",31555
2012 ,"'Y Combined sciences' ","'Northern Ireland' ",1075
2012 ,"'Y Combined sciences' ","'Scotland' ",4650
2012 ,"'Y Combined sciences' ","'Wales' ",1610
2012 ,"'Y Combined social sciences' ","'England' ",24320
2012 ,"'Y Combined social sciences' ","'Northern Ireland' ",340
2012 ,"'Y Combined social sciences' ","'Scotland' ",4085
2012 ,"'Y Combined social sciences' ","'Wales' ",1355
2012 ,"'Y Sciences combined with Social Sciences or Arts' ","'England' ",72295
2012 ,"'Y Sciences combined with Social Sciences or Arts' ","'Northern Ireland' ",390
2012 ,"'Y Sciences combined with Social Sciences or Arts' ","'Scotland' ",11845
2012 ,"'Y Sciences combined with Social Sciences or Arts' ","'Wales' ",2945
2012 ,"'Y Social Sciences combined with Arts' ","'England' ",46545
2012 ,"'Y Social Sciences combined with Arts' ","'Northern Ireland' ",840
2012 ,"'Y Social Sciences combined with Arts' ","'Scotland' ",6760
2012 ,"'Y Social Sciences combined with Arts' ","'Wales' ",1750
2012 ,"'Z General, other combined and unknown' ","'England' ",23405
2012 ,"'Z General, other combined and unknown' ","'Northern Ireland' ",195
2012 ,"'Z General, other combined and unknown' ","'Scotland' ",2000
2012 ,"'Z General, other combined and unknown' ","'Wales' ",1350
2013 ,"'Group A Medicine and Dentistry' ","'England' ",78795
2013 ,"'Group A Medicine and Dentistry' ","'Northern Ireland' ",1220
2013 ,"'Group A Medicine and Dentistry' ","'Scotland' ",10995
2013 ,"'Group A Medicine and Dentistry' ","'Wales' ",4030
2013 ,"'Group B Subjects allied to Medicine' ","'England' ",322630
2013 ,"'Group B Subjects allied to Medicine' ","'Northern Ireland' ",12405
2013 ,"'Group B Subjects allied to Medicine' ","'Scotland' ",32770
2013 ,"'Group B Subjects allied to Medicine' ","'Wales' ",15895
2013 ,"'Group C Biological Sciences' ","'England' ",189255
2013 ,"'Group C Biological Sciences' ","'Northern Ireland' ",3815
2013 ,"'Group C Biological Sciences' ","'Scotland' ",28815
2013 ,"'Group C Biological Sciences' ","'Wales' ",13100
2013 ,"'Group D Veterinary Sciences, Agriculture and related' ","'England' ",23780
2013 ,"'Group D Veterinary Sciences, Agriculture and related' ","'Northern Ireland' ",905
2013 ,"'Group D Veterinary Sciences, Agriculture and related' ","'Scotland' ",3610
2013 ,"'Group D Veterinary Sciences, Agriculture and related' ","'Wales' ",970
2013 ,"'Group F Physical Sciences' ","'England' ",83980
2013 ,"'Group F Physical Sciences' ","'Northern Ireland' ",2135
2013 ,"'Group F Physical Sciences' ","'Scotland' ",13265
2013 ,"'Group F Physical Sciences' ","'Wales' ",5285
2013 ,"'Group G Mathematical Sciences' ","'England' ",39365
2013 ,"'Group G Mathematical Sciences' ","'Northern Ireland' ",605
2013 ,"'Group G Mathematical Sciences' ","'Scotland' ",4565
2013 ,"'Group G Mathematical Sciences' ","'Wales' ",1375
2013 ,"'Group H Engineering' ","'England' ",115820
2013 ,"'Group H Engineering' ","'Northern Ireland' ",3750
2013 ,"'Group H Engineering' ","'Scotland' ",20835
2013 ,"'Group H Engineering' ","'Wales' ",5940
2013 ,"'Group I Computer Sciences' ","'England' ",79185
2013 ,"'Group I Computer Sciences' ","'Northern Ireland' ",5655
2013 ,"'Group I Computer Sciences' ","'Scotland' ",11140
2013 ,"'Group I Computer Sciences' ","'Wales' ",3720
2013 ,"'Group J Technologies' ","'England' ",7860
2013 ,"'Group J Technologies' ","'Northern Ireland' ",340
2013 ,"'Group J Technologies' ","'Scotland' ",1225
2013 ,"'Group J Technologies' ","'Wales' ",580
2013 ,"'Group K Architecture, Building and Planning' ","'England' ",32010
2013 ,"'Group K Architecture, Building and Planning' ","'Northern Ireland' ",1570
2013 ,"'Group K Architecture, Building and Planning' ","'Scotland' ",5375
2013 ,"'Group K Architecture, Building and Planning' ","'Wales' ",1255
2013 ,"'Group L Social Studies' ","'England' ",182550
2013 ,"'Group L Social Studies' ","'Northern Ireland' ",6205
2013 ,"'Group L Social Studies' ","'Scotland' ",22055
2013 ,"'Group L Social Studies' ","'Wales' ",7975
2013 ,"'Group M Law' ","'England' ",108715
2013 ,"'Group M Law' ","'Northern Ireland' ",2245
2013 ,"'Group M Law' ","'Scotland' ",8265
2013 ,"'Group M Law' ","'Wales' ",4595
2013 ,"'Group N Business and Admin studies' ","'England' ",269670
2013 ,"'Group N Business and Admin studies' ","'Northern Ireland' ",7605
2013 ,"'Group N Business and Admin studies' ","'Scotland' ",29990
2013 ,"'Group N Business and Admin studies' ","'Wales' ",9485
2013 ,"'Group P Mass Communication and Documentation' ","'England' ",50065
2013 ,"'Group P Mass Communication and Documentation' ","'Northern Ireland' ",1580
2013 ,"'Group P Mass Communication and Documentation' ","'Scotland' ",4770
2013 ,"'Group P Mass Communication and Documentation' ","'Wales' ",1565
2013 ,"'Group Q Linguistics, Classics and related' ","'England' ",55225
2013 ,"'Group Q Linguistics, Classics and related' ","'Northern Ireland' ",1355
2013 ,"'Group Q Linguistics, Classics and related' ","'Scotland' ",6110
2013 ,"'Group Q Linguistics, Classics and related' ","'Wales' ",3020
2013 ,"'Group R European Languages, Literature and related' ","'England' ",16365
2013 ,"'Group R European Languages, Literature and related' ","'Northern Ireland' ",425
2013 ,"'Group R European Languages, Literature and related' ","'Scotland' ",3610
2013 ,"'Group R European Languages, Literature and related' ","'Wales' ",865
2013 ,"'Group T Non-European Languages, Literature and related' ","'England' ",5810
2013 ,"'Group T Non-European Languages, Literature and related' ","'Scotland' ",355
2013 ,"'Group T Non-European Languages, Literature and related' ","'Wales' ",100
2013 ,"'Group V History and Philosophical studies' ","'England' ",65100
2013 ,"'Group V History and Philosophical studies' ","'Northern Ireland' ",1625
2013 ,"'Group V History and Philosophical studies' ","'Scotland' ",8065
2013 ,"'Group V History and Philosophical studies' ","'Wales' ",4095
2013 ,"'Group W Creative Arts and Design' ","'England' ",228850
2013 ,"'Group W Creative Arts and Design' ","'Northern Ireland' ",3090
2013 ,"'Group W Creative Arts and Design' ","'Scotland' ",19285
2013 ,"'Group W Creative Arts and Design' ","'Wales' ",7300
2013 ,"'Group X Education' ","'England' ",71750
2013 ,"'Group X Education' ","'Northern Ireland' ",1150
2013 ,"'Group X Education' ","'Scotland' ",6880
2013 ,"'Group X Education' ","'Wales' ",3815
2013 ,"'Y Combined arts' ","'England' ",46370
2013 ,"'Y Combined arts' ","'Northern Ireland' ",840
2013 ,"'Y Combined arts' ","'Scotland' ",6440
2013 ,"'Y Combined arts' ","'Wales' ",2625
2013 ,"'Y Combined sciences' ","'England' ",31860
2013 ,"'Y Combined sciences' ","'Northern Ireland' ",1170
2013 ,"'Y Combined sciences' ","'Scotland' ",4780
2013 ,"'Y Combined sciences' ","'Wales' ",1595
2013 ,"'Y Combined social sciences' ","'England' ",23355
2013 ,"'Y Combined social sciences' ","'Northern Ireland' ",405
2013 ,"'Y Combined social sciences' ","'Scotland' ",4265
2013 ,"'Y Combined social sciences' ","'Wales' ",1355
2013 ,"'Y Sciences combined with Social Sciences or Arts' ","'England' ",66990
2013 ,"'Y Sciences combined with Social Sciences or Arts' ","'Northern Ireland' ",390
2013 ,"'Y Sciences combined with Social Sciences or Arts' ","'Scotland' ",11370
2013 ,"'Y Sciences combined with Social Sciences or Arts' ","'Wales' ",2460
2013 ,"'Y Social Sciences combined with Arts' ","'England' ",45405
2013 ,"'Y Social Sciences combined with Arts' ","'Northern Ireland' ",975
2013 ,"'Y Social Sciences combined with Arts' ","'Scotland' ",7005
2013 ,"'Y Social Sciences combined with Arts' ","'Wales' ",1800
2013 ,"'Z General, other combined and unknown' ","'England' ",25245
2013 ,"'Z General, other combined and unknown' ","'Northern Ireland' ",150
2013 ,"'Z General, other combined and unknown' ","'Scotland' ",2305
2013 ,"'Z General, other combined and unknown' ","'Wales' ",1300
2014 ,"'Group A Medicine and Dentistry' ","'England' ",78950
2014 ,"'Group A Medicine and Dentistry' ","'Northern Ireland' ",1435
2014 ,"'Group A Medicine and Dentistry' ","'Scotland' ",12665
2014 ,"'Group A Medicine and Dentistry' ","'Wales' ",4515
2014 ,"'Group B Subjects allied to Medicine' ","'England' ",337700
2014 ,"'Group B Subjects allied to Medicine' ","'Northern Ireland' ",11560
2014 ,"'Group B Subjects allied to Medicine' ","'Scotland' ",34620
2014 ,"'Group B Subjects allied to Medicine' ","'Wales' ",15620
2014 ,"'Group C Biological Sciences' ","'England' ",208870
2014 ,"'Group C Biological Sciences' ","'Northern Ireland' ",4195
2014 ,"'Group C Biological Sciences' ","'Scotland' ",27905
2014 ,"'Group C Biological Sciences' ","'Wales' ",14500
2014 ,"'Group D Veterinary Sciences, Agriculture and related' ","'England' ",25545
2014 ,"'Group D Veterinary Sciences, Agriculture and related' ","'Northern Ireland' ",925
2014 ,"'Group D Veterinary Sciences, Agriculture and related' ","'Scotland' ",3340
2014 ,"'Group D Veterinary Sciences, Agriculture and related' ","'Wales' ",1050
2014 ,"'Group F Physical Sciences' ","'England' ",88730
2014 ,"'Group F Physical Sciences' ","'Northern Ireland' ",1965
2014 ,"'Group F Physical Sciences' ","'Scotland' ",13105
2014 ,"'Group F Physical Sciences' ","'Wales' ",5535
2014 ,"'Group G Mathematical Sciences' ","'England' ",39165
2014 ,"'Group G Mathematical Sciences' ","'Northern Ireland' ",620
2014 ,"'Group G Mathematical Sciences' ","'Scotland' ",4395
2014 ,"'Group G Mathematical Sciences' ","'Wales' ",1360
2014 ,"'Group H Engineering' ","'England' ",128000
2014 ,"'Group H Engineering' ","'Northern Ireland' ",3910
2014 ,"'Group H Engineering' ","'Scotland' ",22210
2014 ,"'Group H Engineering' ","'Wales' ",7020
2014 ,"'Group I Computer Sciences' ","'England' ",90735
2014 ,"'Group I Computer Sciences' ","'Northern Ireland' ",6085
2014 ,"'Group I Computer Sciences' ","'Scotland' ",11380
2014 ,"'Group I Computer Sciences' ","'Wales' ",4095
2014 ,"'Group J Technologies' ","'England' ",8925
2014 ,"'Group J Technologies' ","'Northern Ireland' ",285
2014 ,"'Group J Technologies' ","'Scotland' ",1325
2014 ,"'Group J Technologies' ","'Wales' ",580
2014 ,"'Group K Architecture, Building and Planning' ","'England' ",32155
2014 ,"'Group K Architecture, Building and Planning' ","'Northern Ireland' ",1485
2014 ,"'Group K Architecture, Building and Planning' ","'Scotland' ",5170
2014 ,"'Group K Architecture, Building and Planning' ","'Wales' ",1260
2014 ,"'Group L Social Studies' ","'England' ",193660
2014 ,"'Group L Social Studies' ","'Northern Ireland' ",6335
2014 ,"'Group L Social Studies' ","'Scotland' ",22270
2014 ,"'Group L Social Studies' ","'Wales' ",9230
2014 ,"'Group M Law' ","'England' ",107245
2014 ,"'Group M Law' ","'Northern Ireland' ",2455
2014 ,"'Group M Law' ","'Scotland' ",8105
2014 ,"'Group M Law' ","'Wales' ",4855
2014 ,"'Group N Business and Admin studies' ","'England' ",279355
2014 ,"'Group N Business and Admin studies' ","'Northern Ireland' ",8145
2014 ,"'Group N Business and Admin studies' ","'Scotland' ",32145
2014 ,"'Group N Business and Admin studies' ","'Wales' ",10040
2014 ,"'Group P Mass Communication and Documentation' ","'England' ",54060
2014 ,"'Group P Mass Communication and Documentation' ","'Northern Ireland' ",1690
2014 ,"'Group P Mass Communication and Documentation' ","'Scotland' ",5155
2014 ,"'Group P Mass Communication and Documentation' ","'Wales' ",1720
2014 ,"'Group Q Linguistics, Classics and related' ","'England' ",56300
2014 ,"'Group Q Linguistics, Classics and related' ","'Northern Ireland' ",1515
2014 ,"'Group Q Linguistics, Classics and related' ","'Scotland' ",5930
2014 ,"'Group Q Linguistics, Classics and related' ","'Wales' ",2815
2014 ,"'Group R European Languages, Literature and related' ","'England' ",15425
2014 ,"'Group R European Languages, Literature and related' ","'Northern Ireland' ",425
2014 ,"'Group R European Languages, Literature and related' ","'Scotland' ",3485
2014 ,"'Group R European Languages, Literature and related' ","'Wales' ",825
2014 ,"'Group T Non-European Languages, Literature and related' ","'England' ",5100
2014 ,"'Group T Non-European Languages, Literature and related' ","'Scotland' ",370
2014 ,"'Group T Non-European Languages, Literature and related' ","'Wales' ",115
2014 ,"'Group V History and Philosophical studies' ","'England' ",67650
2014 ,"'Group V History and Philosophical studies' ","'Northern Ireland' ",1645
2014 ,"'Group V History and Philosophical studies' ","'Scotland' ",8270
2014 ,"'Group V History and Philosophical studies' ","'Wales' ",3990
2014 ,"'Group W Creative Arts and Design' ","'England' ",243340
2014 ,"'Group W Creative Arts and Design' ","'Northern Ireland' ",3345
2014 ,"'Group W Creative Arts and Design' ","'Scotland' ",19230
2014 ,"'Group W Creative Arts and Design' ","'Wales' ",6430
2014 ,"'Group X Education' ","'England' ",71590
2014 ,"'Group X Education' ","'Northern Ireland' ",1105
2014 ,"'Group X Education' ","'Scotland' ",7440
2014 ,"'Group X Education' ","'Wales' ",3335
2014 ,"'Y Combined arts' ","'England' ",45180
2014 ,"'Y Combined arts' ","'Northern Ireland' ",800
2014 ,"'Y Combined arts' ","'Scotland' ",6890
2014 ,"'Y Combined arts' ","'Wales' ",2555
2014 ,"'Y Combined sciences' ","'England' ",32280
2014 ,"'Y Combined sciences' ","'Northern Ireland' ",1590
2014 ,"'Y Combined sciences' ","'Scotland' ",4345
2014 ,"'Y Combined sciences' ","'Wales' ",1740
2014 ,"'Y Combined social sciences' ","'England' ",24455
2014 ,"'Y Combined social sciences' ","'Northern Ireland' ",410
2014 ,"'Y Combined social sciences' ","'Scotland' ",4450
2014 ,"'Y Combined social sciences' ","'Wales' ",1340
2014 ,"'Y Sciences combined with Social Sciences or Arts' ","'England' ",60855
2014 ,"'Y Sciences combined with Social Sciences or Arts' ","'Northern Ireland' ",575
2014 ,"'Y Sciences combined with Social Sciences or Arts' ","'Scotland' ",11925
2014 ,"'Y Sciences combined with Social Sciences or Arts' ","'Wales' ",2145
2014 ,"'Y Social Sciences combined with Arts' ","'England' ",42165
2014 ,"'Y Social Sciences combined with Arts' ","'Northern Ireland' ",950
2014 ,"'Y Social Sciences combined with Arts' ","'Scotland' ",7150
2014 ,"'Y Social Sciences combined with Arts' ","'Wales' ",1730
2014 ,"'Z General, other combined and unknown' ","'England' ",29210
2014 ,"'Z General, other combined and unknown' ","'Northern Ireland' ",135
2014 ,"'Z General, other combined and unknown' ","'Scotland' ",1590
2014 ,"'Z General, other combined and unknown' ","'Wales' ",1035
2015 ,"'Group A Medicine and Dentistry' ","'England' ",69565
2015 ,"'Group A Medicine and Dentistry' ","'Northern Ireland' ",1620
2015 ,"'Group A Medicine and Dentistry' ","'Scotland' ",11200
2015 ,"'Group A Medicine and Dentistry' ","'Wales' ",5150
2015 ,"'Group B Subjects allied to Medicine' ","'England' ",333240
2015 ,"'Group B Subjects allied to Medicine' ","'Northern Ireland' ",11695
2015 ,"'Group B Subjects allied to Medicine' ","'Scotland' ",33195
2015 ,"'Group B Subjects allied to Medicine' ","'Wales' ",16070
2015 ,"'Group C Biological Sciences' ","'England' ",224290
2015 ,"'Group C Biological Sciences' ","'Northern Ireland' ",4060
2015 ,"'Group C Biological Sciences' ","'Scotland' ",30135
2015 ,"'Group C Biological Sciences' ","'Wales' ",14500
2015 ,"'Group D Veterinary Sciences, Agriculture and related' ","'England' ",25535
2015 ,"'Group D Veterinary Sciences, Agriculture and related' ","'Northern Ireland' ",860
2015 ,"'Group D Veterinary Sciences, Agriculture and related' ","'Scotland' ",4085
2015 ,"'Group D Veterinary Sciences, Agriculture and related' ","'Wales' ",1245
2015 ,"'Group F Physical Sciences' ","'England' ",91360
2015 ,"'Group F Physical Sciences' ","'Northern Ireland' ",1970
2015 ,"'Group F Physical Sciences' ","'Scotland' ",13430
2015 ,"'Group F Physical Sciences' ","'Wales' ",5690
2015 ,"'Group G Mathematical Sciences' ","'England' ",40705
2015 ,"'Group G Mathematical Sciences' ","'Northern Ireland' ",785
2015 ,"'Group G Mathematical Sciences' ","'Scotland' ",4400
2015 ,"'Group G Mathematical Sciences' ","'Wales' ",1500
2015 ,"'Group H Engineering' ","'England' ",137245
2015 ,"'Group H Engineering' ","'Northern Ireland' ",4035
2015 ,"'Group H Engineering' ","'Scotland' ",23190
2015 ,"'Group H Engineering' ","'Wales' ",6805
2015 ,"'Group I Computer Sciences' ","'England' ",100775
2015 ,"'Group I Computer Sciences' ","'Northern Ireland' ",6175
2015 ,"'Group I Computer Sciences' ","'Scotland' ",12730
2015 ,"'Group I Computer Sciences' ","'Wales' ",4545
2015 ,"'Group J Technologies' ","'England' ",8010
2015 ,"'Group J Technologies' ","'Northern Ireland' ",195
2015 ,"'Group J Technologies' ","'Scotland' ",1375
2015 ,"'Group J Technologies' ","'Wales' ",520
2015 ,"'Group K Architecture, Building and Planning' ","'England' ",34450
2015 ,"'Group K Architecture, Building and Planning' ","'Northern Ireland' ",1820
2015 ,"'Group K Architecture, Building and Planning' ","'Scotland' ",5415
2015 ,"'Group K Architecture, Building and Planning' ","'Wales' ",1240
2015 ,"'Group L Social Studies' ","'England' ",203450
2015 ,"'Group L Social Studies' ","'Northern Ireland' ",6555
2015 ,"'Group L Social Studies' ","'Scotland' ",22345
2015 ,"'Group L Social Studies' ","'Wales' ",9145
2015 ,"'Group M Law' ","'England' ",111245
2015 ,"'Group M Law' ","'Northern Ireland' ",3135
2015 ,"'Group M Law' ","'Scotland' ",8840
2015 ,"'Group M Law' ","'Wales' ",4805
2015 ,"'Group N Business and Admin studies' ","'England' ",292415
2015 ,"'Group N Business and Admin studies' ","'Northern Ireland' ",8930
2015 ,"'Group N Business and Admin studies' ","'Scotland' ",32300
2015 ,"'Group N Business and Admin studies' ","'Wales' ",10240
2015 ,"'Group P Mass Communication and Documentation' ","'England' ",56750
2015 ,"'Group P Mass Communication and Documentation' ","'Northern Ireland' ",1150
2015 ,"'Group P Mass Communication and Documentation' ","'Scotland' ",5205
2015 ,"'Group P Mass Communication and Documentation' ","'Wales' ",2050
2015 ,"'Group Q Linguistics, Classics and related' ","'England' ",56145
2015 ,"'Group Q Linguistics, Classics and related' ","'Northern Ireland' ",1470
2015 ,"'Group Q Linguistics, Classics and related' ","'Scotland' ",5820
2015 ,"'Group Q Linguistics, Classics and related' ","'Wales' ",3140
2015 ,"'Group R European Languages, Literature and related' ","'England' ",15665
2015 ,"'Group R European Languages, Literature and related' ","'Northern Ireland' ",520
2015 ,"'Group R European Languages, Literature and related' ","'Scotland' ",3100
2015 ,"'Group R European Languages, Literature and related' ","'Wales' ",730
2015 ,"'Group T Non-European Languages, Literature and related' ","'England' ",5665
2015 ,"'Group T Non-European Languages, Literature and related' ","'Scotland' ",365
2015 ,"'Group T Non-European Languages, Literature and related' ","'Wales' ",135
2015 ,"'Group V History and Philosophical studies' ","'England' ",68975
2015 ,"'Group V History and Philosophical studies' ","'Northern Ireland' ",1560
2015 ,"'Group V History and Philosophical studies' ","'Scotland' ",8280
2015 ,"'Group V History and Philosophical studies' ","'Wales' ",4120
2015 ,"'Group W Creative Arts and Design' ","'England' ",249745
2015 ,"'Group W Creative Arts and Design' ","'Northern Ireland' ",3545
2015 ,"'Group W Creative Arts and Design' ","'Scotland' ",18755
2015 ,"'Group W Creative Arts and Design' ","'Wales' ",6105
2015 ,"'Group X Education' ","'England' ",67275
2015 ,"'Group X Education' ","'Northern Ireland' ",1220
2015 ,"'Group X Education' ","'Scotland' ",22555
2015 ,"'Group X Education' ","'Wales' ",2805
2015 ,"'Y Combined arts' ","'England' ",42415
2015 ,"'Y Combined arts' ","'Northern Ireland' ",825
2015 ,"'Y Combined arts' ","'Scotland' ",6305
2015 ,"'Y Combined arts' ","'Wales' ",2295
2015 ,"'Y Combined sciences' ","'England' ",28525
2015 ,"'Y Combined sciences' ","'Northern Ireland' ",1605
2015 ,"'Y Combined sciences' ","'Scotland' ",4600
2015 ,"'Y Combined sciences' ","'Wales' ",1570
2015 ,"'Y Combined social sciences' ","'England' ",24575
2015 ,"'Y Combined social sciences' ","'Northern Ireland' ",480
2015 ,"'Y Combined social sciences' ","'Scotland' ",5185
2015 ,"'Y Combined social sciences' ","'Wales' ",1200
2015 ,"'Y Sciences combined with Social Sciences or Arts' ","'England' ",51835
2015 ,"'Y Sciences combined with Social Sciences or Arts' ","'Northern Ireland' ",540
2015 ,"'Y Sciences combined with Social Sciences or Arts' ","'Scotland' ",10875
2015 ,"'Y Sciences combined with Social Sciences or Arts' ","'Wales' ",1795
2015 ,"'Y Social Sciences combined with Arts' ","'England' ",40585
2015 ,"'Y Social Sciences combined with Arts' ","'Northern Ireland' ",990
2015 ,"'Y Social Sciences combined with Arts' ","'Scotland' ",7590
2015 ,"'Y Social Sciences combined with Arts' ","'Wales' ",1610
2015 ,"'Z General, other combined and unknown' ","'England' ",32270
2015 ,"'Z General, other combined and unknown' ","'Northern Ireland' ",135
2015 ,"'Z General, other combined and unknown' ","'Scotland' ",1740
2015 ,"'Z General, other combined and unknown' ","'Wales' ",480
2016 ,"'Group A Medicine and Dentistry' ","'England' ",67755
2016 ,"'Group A Medicine and Dentistry' ","'Northern Ireland' ",1535
2016 ,"'Group A Medicine and Dentistry' ","'Scotland' ",10985
2016 ,"'Group A Medicine and Dentistry' ","'Wales' ",5270
2016 ,"'Group B Subjects allied to Medicine' ","'England' ",339385
2016 ,"'Group B Subjects allied to Medicine' ","'Northern Ireland' ",11905
2016 ,"'Group B Subjects allied to Medicine' ","'Scotland' ",32625
2016 ,"'Group B Subjects allied to Medicine' ","'Wales' ",16775
2016 ,"'Group C Biological Sciences' ","'England' ",232475
2016 ,"'Group C Biological Sciences' ","'Northern Ireland' ",3935
2016 ,"'Group C Biological Sciences' ","'Scotland' ",29710
2016 ,"'Group C Biological Sciences' ","'Wales' ",14640
2016 ,"'Group D Veterinary Sciences, Agriculture and related' ","'England' ",24495
2016 ,"'Group D Veterinary Sciences, Agriculture and related' ","'Northern Ireland' ",840
2016 ,"'Group D Veterinary Sciences, Agriculture and related' ","'Scotland' ",4040
2016 ,"'Group D Veterinary Sciences, Agriculture and related' ","'Wales' ",1215
2016 ,"'Group F Physical Sciences' ","'England' ",88640
2016 ,"'Group F Physical Sciences' ","'Northern Ireland' ",1820
2016 ,"'Group F Physical Sciences' ","'Scotland' ",12345
2016 ,"'Group F Physical Sciences' ","'Wales' ",5435
2016 ,"'Group G Mathematical Sciences' ","'England' ",42410
2016 ,"'Group G Mathematical Sciences' ","'Northern Ireland' ",575
2016 ,"'Group G Mathematical Sciences' ","'Scotland' ",4600
2016 ,"'Group G Mathematical Sciences' ","'Wales' ",1485
2016 ,"'Group H Engineering' ","'England' ",137105
2016 ,"'Group H Engineering' ","'Northern Ireland' ",4135
2016 ,"'Group H Engineering' ","'Scotland' ",22190
2016 ,"'Group H Engineering' ","'Wales' ",6880
2016 ,"'Group I Computer Sciences' ","'England' ",104625
2016 ,"'Group I Computer Sciences' ","'Northern Ireland' ",6100
2016 ,"'Group I Computer Sciences' ","'Scotland' ",13325
2016 ,"'Group I Computer Sciences' ","'Wales' ",5100
2016 ,"'Group J Technologies' ","'England' ",7005
2016 ,"'Group J Technologies' ","'Northern Ireland' ",130
2016 ,"'Group J Technologies' ","'Scotland' ",1555
2016 ,"'Group J Technologies' ","'Wales' ",420
2016 ,"'Group K Architecture, Building and Planning' ","'England' ",34890
2016 ,"'Group K Architecture, Building and Planning' ","'Northern Ireland' ",2050
2016 ,"'Group K Architecture, Building and Planning' ","'Scotland' ",5430
2016 ,"'Group K Architecture, Building and Planning' ","'Wales' ",1415
2016 ,"'Group L Social Studies' ","'England' ",211725
2016 ,"'Group L Social Studies' ","'Northern Ireland' ",6355
2016 ,"'Group L Social Studies' ","'Scotland' ",21865
2016 ,"'Group L Social Studies' ","'Wales' ",8670
2016 ,"'Group M Law' ","'England' ",116080
2016 ,"'Group M Law' ","'Northern Ireland' ",3010
2016 ,"'Group M Law' ","'Scotland' ",9780
2016 ,"'Group M Law' ","'Wales' ",5050
2016 ,"'Group N Business and Admin studies' ","'England' ",296020
2016 ,"'Group N Business and Admin studies' ","'Northern Ireland' ",8605
2016 ,"'Group N Business and Admin studies' ","'Scotland' ",32195
2016 ,"'Group N Business and Admin studies' ","'Wales' ",10290
2016 ,"'Group P Mass Communication and Documentation' ","'England' ",56895
2016 ,"'Group P Mass Communication and Documentation' ","'Northern Ireland' ",1185
2016 ,"'Group P Mass Communication and Documentation' ","'Scotland' ",5685
2016 ,"'Group P Mass Communication and Documentation' ","'Wales' ",2315
2016 ,"'Group Q Linguistics, Classics and related' ","'England' ",54265
2016 ,"'Group Q Linguistics, Classics and related' ","'Northern Ireland' ",1210
2016 ,"'Group Q Linguistics, Classics and related' ","'Scotland' ",6295
2016 ,"'Group Q Linguistics, Classics and related' ","'Wales' ",2820
2016 ,"'Group R European Languages, Literature and related' ","'England' ",14600
2016 ,"'Group R European Languages, Literature and related' ","'Northern Ireland' ",260
2016 ,"'Group R European Languages, Literature and related' ","'Scotland' ",3160
2016 ,"'Group R European Languages, Literature and related' ","'Wales' ",710
2016 ,"'Group T Non-European Languages, Literature and related' ","'England' ",5330
2016 ,"'Group T Non-European Languages, Literature and related' ","'Scotland' ",405
2016 ,"'Group T Non-European Languages, Literature and related' ","'Wales' ",95
2016 ,"'Group V History and Philosophical studies' ","'England' ",68510
2016 ,"'Group V History and Philosophical studies' ","'Northern Ireland' ",1410
2016 ,"'Group V History and Philosophical studies' ","'Scotland' ",8740
2016 ,"'Group V History and Philosophical studies' ","'Wales' ",3960
2016 ,"'Group W Creative Arts and Design' ","'England' ",244495
2016 ,"'Group W Creative Arts and Design' ","'Northern Ireland' ",3180
2016 ,"'Group W Creative Arts and Design' ","'Scotland' ",20045
2016 ,"'Group W Creative Arts and Design' ","'Wales' ",6170
2016 ,"'Group X Education' ","'England' ",63465
2016 ,"'Group X Education' ","'Northern Ireland' ",1100
2016 ,"'Group X Education' ","'Scotland' ",25245
2016 ,"'Group X Education' ","'Wales' ",2850
2016 ,"'Y Combined arts' ","'England' ",39490
2016 ,"'Y Combined arts' ","'Northern Ireland' ",685
2016 ,"'Y Combined arts' ","'Scotland' ",7070
2016 ,"'Y Combined arts' ","'Wales' ",2400
2016 ,"'Y Combined sciences' ","'England' ",24955
2016 ,"'Y Combined sciences' ","'Northern Ireland' ",1710
2016 ,"'Y Combined sciences' ","'Scotland' ",4460
2016 ,"'Y Combined sciences' ","'Wales' ",1575
2016 ,"'Y Combined social sciences' ","'England' ",25475
2016 ,"'Y Combined social sciences' ","'Northern Ireland' ",565
2016 ,"'Y Combined social sciences' ","'Scotland' ",5295
2016 ,"'Y Combined social sciences' ","'Wales' ",1190
2016 ,"'Y Sciences combined with Social Sciences or Arts' ","'England' ",46010
2016 ,"'Y Sciences combined with Social Sciences or Arts' ","'Northern Ireland' ",570
2016 ,"'Y Sciences combined with Social Sciences or Arts' ","'Scotland' ",10860
2016 ,"'Y Sciences combined with Social Sciences or Arts' ","'Wales' ",1400
2016 ,"'Y Social Sciences combined with Arts' ","'England' ",38680
2016 ,"'Y Social Sciences combined with Arts' ","'Northern Ireland' ",1030
2016 ,"'Y Social Sciences combined with Arts' ","'Scotland' ",8140
2016 ,"'Y Social Sciences combined with Arts' ","'Wales' ",1570
2016 ,"'Z General, other combined and unknown' ","'England' ",32475
2016 ,"'Z General, other combined and unknown' ","'Northern Ireland' ",130
2016 ,"'Z General, other combined and unknown' ","'Scotland' ",2065
2016 ,"'Z General, other combined and unknown' ","'Wales' ",485
