"Statistic:   Number of Applications"
"Variables:   Subject Group (Summary Level) , Ethnic Group (Summary Level) , Cycle Year"
"Coverage:   Applications through the main scheme and UK domiciled"
"For a list of key definitions and descriptions please refer to the PDF file provided - EOC_data_resource_2016-DR3_022_03.pdf"
 
Cycle Year,Subject Group (Summary Level) , Ethnic Group (Summary Level),Number of Applications,
2007 ,"'Group A Medicine and Dentistry' ","'Asian' ",18450
2007 ,"'Group A Medicine and Dentistry' ","'Black' ",3660
2007 ,"'Group A Medicine and Dentistry' ","'Mixed' ",2565
2007 ,"'Group A Medicine and Dentistry' ","'White' ",40410
2007 ,"'Group A Medicine and Dentistry' ","'Other' ",1875
2007 ,"'Group A Medicine and Dentistry' ","'Unknown' ",1300
2007 ,"'Group B Subjects allied to Medicine' ","'Asian' ",27805
2007 ,"'Group B Subjects allied to Medicine' ","'Black' ",16470
2007 ,"'Group B Subjects allied to Medicine' ","'Mixed' ",3785
2007 ,"'Group B Subjects allied to Medicine' ","'White' ",112265
2007 ,"'Group B Subjects allied to Medicine' ","'Other' ",2535
2007 ,"'Group B Subjects allied to Medicine' ","'Unknown' ",2020
2007 ,"'Group C Biological Sciences' ","'Asian' ",12000
2007 ,"'Group C Biological Sciences' ","'Black' ",7775
2007 ,"'Group C Biological Sciences' ","'Mixed' ",5410
2007 ,"'Group C Biological Sciences' ","'White' ",140945
2007 ,"'Group C Biological Sciences' ","'Other' ",1625
2007 ,"'Group C Biological Sciences' ","'Unknown' ",1850
2007 ,"'Group D Veterinary Sciences, Agriculture and related' ","'Asian' ",150
2007 ,"'Group D Veterinary Sciences, Agriculture and related' ","'Black' ",100
2007 ,"'Group D Veterinary Sciences, Agriculture and related' ","'Mixed' ",250
2007 ,"'Group D Veterinary Sciences, Agriculture and related' ","'White' ",15535
2007 ,"'Group D Veterinary Sciences, Agriculture and related' ","'Other' ",50
2007 ,"'Group D Veterinary Sciences, Agriculture and related' ","'Unknown' ",160
2007 ,"'Group F Physical Sciences' ","'Asian' ",4305
2007 ,"'Group F Physical Sciences' ","'Black' ",1355
2007 ,"'Group F Physical Sciences' ","'Mixed' ",1900
2007 ,"'Group F Physical Sciences' ","'White' ",68670
2007 ,"'Group F Physical Sciences' ","'Other' ",430
2007 ,"'Group F Physical Sciences' ","'Unknown' ",1045
2007 ,"'Group G Mathematical Sciences' ","'Asian' ",4015
2007 ,"'Group G Mathematical Sciences' ","'Black' ",620
2007 ,"'Group G Mathematical Sciences' ","'Mixed' ",705
2007 ,"'Group G Mathematical Sciences' ","'White' ",22820
2007 ,"'Group G Mathematical Sciences' ","'Other' ",260
2007 ,"'Group G Mathematical Sciences' ","'Unknown' ",460
2007 ,"'Group H Engineering' ","'Asian' ",9780
2007 ,"'Group H Engineering' ","'Black' ",6060
2007 ,"'Group H Engineering' ","'Mixed' ",2265
2007 ,"'Group H Engineering' ","'White' ",55570
2007 ,"'Group H Engineering' ","'Other' ",1125
2007 ,"'Group H Engineering' ","'Unknown' ",1330
2007 ,"'Group I Computer Sciences' ","'Asian' ",12305
2007 ,"'Group I Computer Sciences' ","'Black' ",6255
2007 ,"'Group I Computer Sciences' ","'Mixed' ",2060
2007 ,"'Group I Computer Sciences' ","'White' ",44705
2007 ,"'Group I Computer Sciences' ","'Other' ",1205
2007 ,"'Group I Computer Sciences' ","'Unknown' ",950
2007 ,"'Group J Technologies' ","'Asian' ",440
2007 ,"'Group J Technologies' ","'Black' ",370
2007 ,"'Group J Technologies' ","'Mixed' ",285
2007 ,"'Group J Technologies' ","'White' ",7765
2007 ,"'Group J Technologies' ","'Other' ",65
2007 ,"'Group J Technologies' ","'Unknown' ",165
2007 ,"'Group K Architecture, Building and Planning' ","'Asian' ",4205
2007 ,"'Group K Architecture, Building and Planning' ","'Black' ",1790
2007 ,"'Group K Architecture, Building and Planning' ","'Mixed' ",1035
2007 ,"'Group K Architecture, Building and Planning' ","'White' ",32760
2007 ,"'Group K Architecture, Building and Planning' ","'Other' ",495
2007 ,"'Group K Architecture, Building and Planning' ","'Unknown' ",515
2007 ,"'Group L Social Studies' ","'Asian' ",15375
2007 ,"'Group L Social Studies' ","'Black' ",18860
2007 ,"'Group L Social Studies' ","'Mixed' ",5550
2007 ,"'Group L Social Studies' ","'White' ",114880
2007 ,"'Group L Social Studies' ","'Other' ",1635
2007 ,"'Group L Social Studies' ","'Unknown' ",2525
2007 ,"'Group M Law' ","'Asian' ",16360
2007 ,"'Group M Law' ","'Black' ",7390
2007 ,"'Group M Law' ","'Mixed' ",3230
2007 ,"'Group M Law' ","'White' ",59900
2007 ,"'Group M Law' ","'Other' ",1550
2007 ,"'Group M Law' ","'Unknown' ",1265
2007 ,"'Group N Business and Admin studies' ","'Asian' ",37915
2007 ,"'Group N Business and Admin studies' ","'Black' ",18980
2007 ,"'Group N Business and Admin studies' ","'Mixed' ",6190
2007 ,"'Group N Business and Admin studies' ","'White' ",139825
2007 ,"'Group N Business and Admin studies' ","'Other' ",3410
2007 ,"'Group N Business and Admin studies' ","'Unknown' ",2795
2007 ,"'Group P Mass Communication and Documentation' ","'Asian' ",2425
2007 ,"'Group P Mass Communication and Documentation' ","'Black' ",2760
2007 ,"'Group P Mass Communication and Documentation' ","'Mixed' ",1705
2007 ,"'Group P Mass Communication and Documentation' ","'White' ",37310
2007 ,"'Group P Mass Communication and Documentation' ","'Other' ",465
2007 ,"'Group P Mass Communication and Documentation' ","'Unknown' ",530
2007 ,"'Group Q Linguistics, Classics and related' ","'Asian' ",2695
2007 ,"'Group Q Linguistics, Classics and related' ","'Black' ",1035
2007 ,"'Group Q Linguistics, Classics and related' ","'Mixed' ",2070
2007 ,"'Group Q Linguistics, Classics and related' ","'White' ",57320
2007 ,"'Group Q Linguistics, Classics and related' ","'Other' ",545
2007 ,"'Group Q Linguistics, Classics and related' ","'Unknown' ",935
2007 ,"'Group R European Languages, Literature and related' ","'Asian' ",455
2007 ,"'Group R European Languages, Literature and related' ","'Black' ",335
2007 ,"'Group R European Languages, Literature and related' ","'Mixed' ",785
2007 ,"'Group R European Languages, Literature and related' ","'White' ",20215
2007 ,"'Group R European Languages, Literature and related' ","'Other' ",205
2007 ,"'Group R European Languages, Literature and related' ","'Unknown' ",345
2007 ,"'Group T Non-European Languages, Literature and related' ","'Asian' ",375
2007 ,"'Group T Non-European Languages, Literature and related' ","'Black' ",120
2007 ,"'Group T Non-European Languages, Literature and related' ","'Mixed' ",405
2007 ,"'Group T Non-European Languages, Literature and related' ","'White' ",6830
2007 ,"'Group T Non-European Languages, Literature and related' ","'Other' ",110
2007 ,"'Group T Non-European Languages, Literature and related' ","'Unknown' ",155
2007 ,"'Group V History and Philosophical studies' ","'Asian' ",1885
2007 ,"'Group V History and Philosophical studies' ","'Black' ",885
2007 ,"'Group V History and Philosophical studies' ","'Mixed' ",2130
2007 ,"'Group V History and Philosophical studies' ","'White' ",68080
2007 ,"'Group V History and Philosophical studies' ","'Other' ",415
2007 ,"'Group V History and Philosophical studies' ","'Unknown' ",1205
2007 ,"'Group W Creative Arts and Design' ","'Asian' ",7925
2007 ,"'Group W Creative Arts and Design' ","'Black' ",8070
2007 ,"'Group W Creative Arts and Design' ","'Mixed' ",7870
2007 ,"'Group W Creative Arts and Design' ","'White' ",180990
2007 ,"'Group W Creative Arts and Design' ","'Other' ",2060
2007 ,"'Group W Creative Arts and Design' ","'Unknown' ",2840
2007 ,"'Group X Education' ","'Asian' ",3835
2007 ,"'Group X Education' ","'Black' ",1810
2007 ,"'Group X Education' ","'Mixed' ",1140
2007 ,"'Group X Education' ","'White' ",62125
2007 ,"'Group X Education' ","'Other' ",355
2007 ,"'Group X Education' ","'Unknown' ",465
2007 ,"'Y Combined arts' ","'Asian' ",2825
2007 ,"'Y Combined arts' ","'Black' ",2370
2007 ,"'Y Combined arts' ","'Mixed' ",2770
2007 ,"'Y Combined arts' ","'White' ",66410
2007 ,"'Y Combined arts' ","'Other' ",675
2007 ,"'Y Combined arts' ","'Unknown' ",1190
2007 ,"'Y Combined sciences' ","'Asian' ",4120
2007 ,"'Y Combined sciences' ","'Black' ",2265
2007 ,"'Y Combined sciences' ","'Mixed' ",1115
2007 ,"'Y Combined sciences' ","'White' ",28930
2007 ,"'Y Combined sciences' ","'Other' ",445
2007 ,"'Y Combined sciences' ","'Unknown' ",540
2007 ,"'Y Combined social sciences' ","'Asian' ",6145
2007 ,"'Y Combined social sciences' ","'Black' ",3035
2007 ,"'Y Combined social sciences' ","'Mixed' ",1050
2007 ,"'Y Combined social sciences' ","'White' ",20450
2007 ,"'Y Combined social sciences' ","'Other' ",480
2007 ,"'Y Combined social sciences' ","'Unknown' ",490
2007 ,"'Y Sciences combined with Social Sciences or Arts' ","'Asian' ",10415
2007 ,"'Y Sciences combined with Social Sciences or Arts' ","'Black' ",6055
2007 ,"'Y Sciences combined with Social Sciences or Arts' ","'Mixed' ",3150
2007 ,"'Y Sciences combined with Social Sciences or Arts' ","'White' ",85290
2007 ,"'Y Sciences combined with Social Sciences or Arts' ","'Other' ",1015
2007 ,"'Y Sciences combined with Social Sciences or Arts' ","'Unknown' ",1235
2007 ,"'Y Social Sciences combined with Arts' ","'Asian' ",3825
2007 ,"'Y Social Sciences combined with Arts' ","'Black' ",2955
2007 ,"'Y Social Sciences combined with Arts' ","'Mixed' ",2610
2007 ,"'Y Social Sciences combined with Arts' ","'White' ",52880
2007 ,"'Y Social Sciences combined with Arts' ","'Other' ",805
2007 ,"'Y Social Sciences combined with Arts' ","'Unknown' ",1230
2007 ,"'Z General, other combined and unknown' ","'Asian' ",1615
2007 ,"'Z General, other combined and unknown' ","'Black' ",895
2007 ,"'Z General, other combined and unknown' ","'Mixed' ",555
2007 ,"'Z General, other combined and unknown' ","'White' ",13440
2007 ,"'Z General, other combined and unknown' ","'Other' ",180
2007 ,"'Z General, other combined and unknown' ","'Unknown' ",315
2008 ,"'Group A Medicine and Dentistry' ","'Asian' ",17440
2008 ,"'Group A Medicine and Dentistry' ","'Black' ",3685
2008 ,"'Group A Medicine and Dentistry' ","'Mixed' ",2440
2008 ,"'Group A Medicine and Dentistry' ","'White' ",38250
2008 ,"'Group A Medicine and Dentistry' ","'Other' ",1715
2008 ,"'Group A Medicine and Dentistry' ","'Unknown' ",1450
2008 ,"'Group B Subjects allied to Medicine' ","'Asian' ",26665
2008 ,"'Group B Subjects allied to Medicine' ","'Black' ",26425
2008 ,"'Group B Subjects allied to Medicine' ","'Mixed' ",4970
2008 ,"'Group B Subjects allied to Medicine' ","'White' ",131755
2008 ,"'Group B Subjects allied to Medicine' ","'Other' ",2550
2008 ,"'Group B Subjects allied to Medicine' ","'Unknown' ",1935
2008 ,"'Group C Biological Sciences' ","'Asian' ",10785
2008 ,"'Group C Biological Sciences' ","'Black' ",7405
2008 ,"'Group C Biological Sciences' ","'Mixed' ",4980
2008 ,"'Group C Biological Sciences' ","'White' ",126130
2008 ,"'Group C Biological Sciences' ","'Other' ",1220
2008 ,"'Group C Biological Sciences' ","'Unknown' ",1390
2008 ,"'Group D Veterinary Sciences, Agriculture and related' ","'Asian' ",135
2008 ,"'Group D Veterinary Sciences, Agriculture and related' ","'Black' ",125
2008 ,"'Group D Veterinary Sciences, Agriculture and related' ","'Mixed' ",270
2008 ,"'Group D Veterinary Sciences, Agriculture and related' ","'White' ",15790
2008 ,"'Group D Veterinary Sciences, Agriculture and related' ","'Other' ",25
2008 ,"'Group D Veterinary Sciences, Agriculture and related' ","'Unknown' ",180
2008 ,"'Group F Physical Sciences' ","'Asian' ",3910
2008 ,"'Group F Physical Sciences' ","'Black' ",1380
2008 ,"'Group F Physical Sciences' ","'Mixed' ",1665
2008 ,"'Group F Physical Sciences' ","'White' ",60545
2008 ,"'Group F Physical Sciences' ","'Other' ",315
2008 ,"'Group F Physical Sciences' ","'Unknown' ",885
2008 ,"'Group G Mathematical Sciences' ","'Asian' ",3995
2008 ,"'Group G Mathematical Sciences' ","'Black' ",565
2008 ,"'Group G Mathematical Sciences' ","'Mixed' ",860
2008 ,"'Group G Mathematical Sciences' ","'White' ",21030
2008 ,"'Group G Mathematical Sciences' ","'Other' ",230
2008 ,"'Group G Mathematical Sciences' ","'Unknown' ",345
2008 ,"'Group H Engineering' ","'Asian' ",9675
2008 ,"'Group H Engineering' ","'Black' ",5690
2008 ,"'Group H Engineering' ","'Mixed' ",2040
2008 ,"'Group H Engineering' ","'White' ",51980
2008 ,"'Group H Engineering' ","'Other' ",980
2008 ,"'Group H Engineering' ","'Unknown' ",1115
2008 ,"'Group I Computer Sciences' ","'Asian' ",11530
2008 ,"'Group I Computer Sciences' ","'Black' ",5730
2008 ,"'Group I Computer Sciences' ","'Mixed' ",1795
2008 ,"'Group I Computer Sciences' ","'White' ",40575
2008 ,"'Group I Computer Sciences' ","'Other' ",1080
2008 ,"'Group I Computer Sciences' ","'Unknown' ",850
2008 ,"'Group J Technologies' ","'Asian' ",345
2008 ,"'Group J Technologies' ","'Black' ",405
2008 ,"'Group J Technologies' ","'Mixed' ",295
2008 ,"'Group J Technologies' ","'White' ",7285
2008 ,"'Group J Technologies' ","'Other' ",75
2008 ,"'Group J Technologies' ","'Unknown' ",135
2008 ,"'Group K Architecture, Building and Planning' ","'Asian' ",3830
2008 ,"'Group K Architecture, Building and Planning' ","'Black' ",2055
2008 ,"'Group K Architecture, Building and Planning' ","'Mixed' ",1140
2008 ,"'Group K Architecture, Building and Planning' ","'White' ",31655
2008 ,"'Group K Architecture, Building and Planning' ","'Other' ",505
2008 ,"'Group K Architecture, Building and Planning' ","'Unknown' ",505
2008 ,"'Group L Social Studies' ","'Asian' ",15040
2008 ,"'Group L Social Studies' ","'Black' ",18110
2008 ,"'Group L Social Studies' ","'Mixed' ",5435
2008 ,"'Group L Social Studies' ","'White' ",106735
2008 ,"'Group L Social Studies' ","'Other' ",1395
2008 ,"'Group L Social Studies' ","'Unknown' ",2065
2008 ,"'Group M Law' ","'Asian' ",14755
2008 ,"'Group M Law' ","'Black' ",7290
2008 ,"'Group M Law' ","'Mixed' ",3030
2008 ,"'Group M Law' ","'White' ",54425
2008 ,"'Group M Law' ","'Other' ",1425
2008 ,"'Group M Law' ","'Unknown' ",1040
2008 ,"'Group N Business and Admin studies' ","'Asian' ",35085
2008 ,"'Group N Business and Admin studies' ","'Black' ",18340
2008 ,"'Group N Business and Admin studies' ","'Mixed' ",6155
2008 ,"'Group N Business and Admin studies' ","'White' ",129705
2008 ,"'Group N Business and Admin studies' ","'Other' ",3045
2008 ,"'Group N Business and Admin studies' ","'Unknown' ",2180
2008 ,"'Group P Mass Communication and Documentation' ","'Asian' ",2130
2008 ,"'Group P Mass Communication and Documentation' ","'Black' ",2695
2008 ,"'Group P Mass Communication and Documentation' ","'Mixed' ",1615
2008 ,"'Group P Mass Communication and Documentation' ","'White' ",34325
2008 ,"'Group P Mass Communication and Documentation' ","'Other' ",395
2008 ,"'Group P Mass Communication and Documentation' ","'Unknown' ",445
2008 ,"'Group Q Linguistics, Classics and related' ","'Asian' ",2555
2008 ,"'Group Q Linguistics, Classics and related' ","'Black' ",1040
2008 ,"'Group Q Linguistics, Classics and related' ","'Mixed' ",2050
2008 ,"'Group Q Linguistics, Classics and related' ","'White' ",51530
2008 ,"'Group Q Linguistics, Classics and related' ","'Other' ",365
2008 ,"'Group Q Linguistics, Classics and related' ","'Unknown' ",855
2008 ,"'Group R European Languages, Literature and related' ","'Asian' ",490
2008 ,"'Group R European Languages, Literature and related' ","'Black' ",255
2008 ,"'Group R European Languages, Literature and related' ","'Mixed' ",775
2008 ,"'Group R European Languages, Literature and related' ","'White' ",18355
2008 ,"'Group R European Languages, Literature and related' ","'Other' ",195
2008 ,"'Group R European Languages, Literature and related' ","'Unknown' ",335
2008 ,"'Group T Non-European Languages, Literature and related' ","'Asian' ",290
2008 ,"'Group T Non-European Languages, Literature and related' ","'Black' ",150
2008 ,"'Group T Non-European Languages, Literature and related' ","'Mixed' ",340
2008 ,"'Group T Non-European Languages, Literature and related' ","'White' ",5550
2008 ,"'Group T Non-European Languages, Literature and related' ","'Other' ",65
2008 ,"'Group T Non-European Languages, Literature and related' ","'Unknown' ",155
2008 ,"'Group V History and Philosophical studies' ","'Asian' ",1980
2008 ,"'Group V History and Philosophical studies' ","'Black' ",780
2008 ,"'Group V History and Philosophical studies' ","'Mixed' ",1975
2008 ,"'Group V History and Philosophical studies' ","'White' ",61810
2008 ,"'Group V History and Philosophical studies' ","'Other' ",320
2008 ,"'Group V History and Philosophical studies' ","'Unknown' ",995
2008 ,"'Group W Creative Arts and Design' ","'Asian' ",7565
2008 ,"'Group W Creative Arts and Design' ","'Black' ",7805
2008 ,"'Group W Creative Arts and Design' ","'Mixed' ",7995
2008 ,"'Group W Creative Arts and Design' ","'White' ",167770
2008 ,"'Group W Creative Arts and Design' ","'Other' ",1645
2008 ,"'Group W Creative Arts and Design' ","'Unknown' ",2235
2008 ,"'Group X Education' ","'Asian' ",3880
2008 ,"'Group X Education' ","'Black' ",1690
2008 ,"'Group X Education' ","'Mixed' ",1210
2008 ,"'Group X Education' ","'White' ",56765
2008 ,"'Group X Education' ","'Other' ",330
2008 ,"'Group X Education' ","'Unknown' ",300
2008 ,"'Y Combined arts' ","'Asian' ",2350
2008 ,"'Y Combined arts' ","'Black' ",2145
2008 ,"'Y Combined arts' ","'Mixed' ",2465
2008 ,"'Y Combined arts' ","'White' ",56755
2008 ,"'Y Combined arts' ","'Other' ",540
2008 ,"'Y Combined arts' ","'Unknown' ",910
2008 ,"'Y Combined sciences' ","'Asian' ",3500
2008 ,"'Y Combined sciences' ","'Black' ",2105
2008 ,"'Y Combined sciences' ","'Mixed' ",990
2008 ,"'Y Combined sciences' ","'White' ",25225
2008 ,"'Y Combined sciences' ","'Other' ",395
2008 ,"'Y Combined sciences' ","'Unknown' ",385
2008 ,"'Y Combined social sciences' ","'Asian' ",5255
2008 ,"'Y Combined social sciences' ","'Black' ",2770
2008 ,"'Y Combined social sciences' ","'Mixed' ",980
2008 ,"'Y Combined social sciences' ","'White' ",17770
2008 ,"'Y Combined social sciences' ","'Other' ",370
2008 ,"'Y Combined social sciences' ","'Unknown' ",335
2008 ,"'Y Sciences combined with Social Sciences or Arts' ","'Asian' ",9230
2008 ,"'Y Sciences combined with Social Sciences or Arts' ","'Black' ",5440
2008 ,"'Y Sciences combined with Social Sciences or Arts' ","'Mixed' ",3110
2008 ,"'Y Sciences combined with Social Sciences or Arts' ","'White' ",77140
2008 ,"'Y Sciences combined with Social Sciences or Arts' ","'Other' ",800
2008 ,"'Y Sciences combined with Social Sciences or Arts' ","'Unknown' ",955
2008 ,"'Y Social Sciences combined with Arts' ","'Asian' ",3410
2008 ,"'Y Social Sciences combined with Arts' ","'Black' ",2755
2008 ,"'Y Social Sciences combined with Arts' ","'Mixed' ",2400
2008 ,"'Y Social Sciences combined with Arts' ","'White' ",46195
2008 ,"'Y Social Sciences combined with Arts' ","'Other' ",645
2008 ,"'Y Social Sciences combined with Arts' ","'Unknown' ",935
2008 ,"'Z General, other combined and unknown' ","'Asian' ",1640
2008 ,"'Z General, other combined and unknown' ","'Black' ",925
2008 ,"'Z General, other combined and unknown' ","'Mixed' ",555
2008 ,"'Z General, other combined and unknown' ","'White' ",10565
2008 ,"'Z General, other combined and unknown' ","'Other' ",165
2008 ,"'Z General, other combined and unknown' ","'Unknown' ",295
2009 ,"'Group A Medicine and Dentistry' ","'Asian' ",18595
2009 ,"'Group A Medicine and Dentistry' ","'Black' ",3980
2009 ,"'Group A Medicine and Dentistry' ","'Mixed' ",2645
2009 ,"'Group A Medicine and Dentistry' ","'White' ",38330
2009 ,"'Group A Medicine and Dentistry' ","'Other' ",1785
2009 ,"'Group A Medicine and Dentistry' ","'Unknown' ",965
2009 ,"'Group B Subjects allied to Medicine' ","'Asian' ",29710
2009 ,"'Group B Subjects allied to Medicine' ","'Black' ",33340
2009 ,"'Group B Subjects allied to Medicine' ","'Mixed' ",5950
2009 ,"'Group B Subjects allied to Medicine' ","'White' ",151610
2009 ,"'Group B Subjects allied to Medicine' ","'Other' ",2870
2009 ,"'Group B Subjects allied to Medicine' ","'Unknown' ",1515
2009 ,"'Group C Biological Sciences' ","'Asian' ",11610
2009 ,"'Group C Biological Sciences' ","'Black' ",8555
2009 ,"'Group C Biological Sciences' ","'Mixed' ",5760
2009 ,"'Group C Biological Sciences' ","'White' ",139870
2009 ,"'Group C Biological Sciences' ","'Other' ",1515
2009 ,"'Group C Biological Sciences' ","'Unknown' ",1115
2009 ,"'Group D Veterinary Sciences, Agriculture and related' ","'Asian' ",225
2009 ,"'Group D Veterinary Sciences, Agriculture and related' ","'Black' ",145
2009 ,"'Group D Veterinary Sciences, Agriculture and related' ","'Mixed' ",330
2009 ,"'Group D Veterinary Sciences, Agriculture and related' ","'White' ",17935
2009 ,"'Group D Veterinary Sciences, Agriculture and related' ","'Other' ",45
2009 ,"'Group D Veterinary Sciences, Agriculture and related' ","'Unknown' ",145
2009 ,"'Group F Physical Sciences' ","'Asian' ",4130
2009 ,"'Group F Physical Sciences' ","'Black' ",1365
2009 ,"'Group F Physical Sciences' ","'Mixed' ",1825
2009 ,"'Group F Physical Sciences' ","'White' ",64790
2009 ,"'Group F Physical Sciences' ","'Other' ",360
2009 ,"'Group F Physical Sciences' ","'Unknown' ",750
2009 ,"'Group G Mathematical Sciences' ","'Asian' ",5220
2009 ,"'Group G Mathematical Sciences' ","'Black' ",845
2009 ,"'Group G Mathematical Sciences' ","'Mixed' ",935
2009 ,"'Group G Mathematical Sciences' ","'White' ",25170
2009 ,"'Group G Mathematical Sciences' ","'Other' ",235
2009 ,"'Group G Mathematical Sciences' ","'Unknown' ",260
2009 ,"'Group H Engineering' ","'Asian' ",11605
2009 ,"'Group H Engineering' ","'Black' ",7030
2009 ,"'Group H Engineering' ","'Mixed' ",2600
2009 ,"'Group H Engineering' ","'White' ",60180
2009 ,"'Group H Engineering' ","'Other' ",1340
2009 ,"'Group H Engineering' ","'Unknown' ",785
2009 ,"'Group I Computer Sciences' ","'Asian' ",12560
2009 ,"'Group I Computer Sciences' ","'Black' ",6850
2009 ,"'Group I Computer Sciences' ","'Mixed' ",2170
2009 ,"'Group I Computer Sciences' ","'White' ",45980
2009 ,"'Group I Computer Sciences' ","'Other' ",1230
2009 ,"'Group I Computer Sciences' ","'Unknown' ",695
2009 ,"'Group J Technologies' ","'Asian' ",375
2009 ,"'Group J Technologies' ","'Black' ",395
2009 ,"'Group J Technologies' ","'Mixed' ",340
2009 ,"'Group J Technologies' ","'White' ",8425
2009 ,"'Group J Technologies' ","'Other' ",65
2009 ,"'Group J Technologies' ","'Unknown' ",70
2009 ,"'Group K Architecture, Building and Planning' ","'Asian' ",4230
2009 ,"'Group K Architecture, Building and Planning' ","'Black' ",2470
2009 ,"'Group K Architecture, Building and Planning' ","'Mixed' ",1360
2009 ,"'Group K Architecture, Building and Planning' ","'White' ",30335
2009 ,"'Group K Architecture, Building and Planning' ","'Other' ",545
2009 ,"'Group K Architecture, Building and Planning' ","'Unknown' ",265
2009 ,"'Group L Social Studies' ","'Asian' ",17530
2009 ,"'Group L Social Studies' ","'Black' ",21375
2009 ,"'Group L Social Studies' ","'Mixed' ",6620
2009 ,"'Group L Social Studies' ","'White' ",119645
2009 ,"'Group L Social Studies' ","'Other' ",1725
2009 ,"'Group L Social Studies' ","'Unknown' ",1580
2009 ,"'Group M Law' ","'Asian' ",16135
2009 ,"'Group M Law' ","'Black' ",8580
2009 ,"'Group M Law' ","'Mixed' ",3335
2009 ,"'Group M Law' ","'White' ",58695
2009 ,"'Group M Law' ","'Other' ",1340
2009 ,"'Group M Law' ","'Unknown' ",795
2009 ,"'Group N Business and Admin studies' ","'Asian' ",36770
2009 ,"'Group N Business and Admin studies' ","'Black' ",20895
2009 ,"'Group N Business and Admin studies' ","'Mixed' ",7070
2009 ,"'Group N Business and Admin studies' ","'White' ",144110
2009 ,"'Group N Business and Admin studies' ","'Other' ",3115
2009 ,"'Group N Business and Admin studies' ","'Unknown' ",1270
2009 ,"'Group P Mass Communication and Documentation' ","'Asian' ",2450
2009 ,"'Group P Mass Communication and Documentation' ","'Black' ",3105
2009 ,"'Group P Mass Communication and Documentation' ","'Mixed' ",1855
2009 ,"'Group P Mass Communication and Documentation' ","'White' ",38865
2009 ,"'Group P Mass Communication and Documentation' ","'Other' ",420
2009 ,"'Group P Mass Communication and Documentation' ","'Unknown' ",270
2009 ,"'Group Q Linguistics, Classics and related' ","'Asian' ",3010
2009 ,"'Group Q Linguistics, Classics and related' ","'Black' ",1415
2009 ,"'Group Q Linguistics, Classics and related' ","'Mixed' ",2425
2009 ,"'Group Q Linguistics, Classics and related' ","'White' ",57275
2009 ,"'Group Q Linguistics, Classics and related' ","'Other' ",360
2009 ,"'Group Q Linguistics, Classics and related' ","'Unknown' ",850
2009 ,"'Group R European Languages, Literature and related' ","'Asian' ",480
2009 ,"'Group R European Languages, Literature and related' ","'Black' ",395
2009 ,"'Group R European Languages, Literature and related' ","'Mixed' ",780
2009 ,"'Group R European Languages, Literature and related' ","'White' ",19405
2009 ,"'Group R European Languages, Literature and related' ","'Other' ",225
2009 ,"'Group R European Languages, Literature and related' ","'Unknown' ",215
2009 ,"'Group T Non-European Languages, Literature and related' ","'Asian' ",330
2009 ,"'Group T Non-European Languages, Literature and related' ","'Black' ",195
2009 ,"'Group T Non-European Languages, Literature and related' ","'Mixed' ",420
2009 ,"'Group T Non-European Languages, Literature and related' ","'White' ",5780
2009 ,"'Group T Non-European Languages, Literature and related' ","'Other' ",45
2009 ,"'Group T Non-European Languages, Literature and related' ","'Unknown' ",95
2009 ,"'Group V History and Philosophical studies' ","'Asian' ",2330
2009 ,"'Group V History and Philosophical studies' ","'Black' ",960
2009 ,"'Group V History and Philosophical studies' ","'Mixed' ",2245
2009 ,"'Group V History and Philosophical studies' ","'White' ",67325
2009 ,"'Group V History and Philosophical studies' ","'Other' ",360
2009 ,"'Group V History and Philosophical studies' ","'Unknown' ",925
2009 ,"'Group W Creative Arts and Design' ","'Asian' ",8235
2009 ,"'Group W Creative Arts and Design' ","'Black' ",9405
2009 ,"'Group W Creative Arts and Design' ","'Mixed' ",8875
2009 ,"'Group W Creative Arts and Design' ","'White' ",185040
2009 ,"'Group W Creative Arts and Design' ","'Other' ",1820
2009 ,"'Group W Creative Arts and Design' ","'Unknown' ",1650
2009 ,"'Group X Education' ","'Asian' ",4510
2009 ,"'Group X Education' ","'Black' ",2180
2009 ,"'Group X Education' ","'Mixed' ",1370
2009 ,"'Group X Education' ","'White' ",63770
2009 ,"'Group X Education' ","'Other' ",425
2009 ,"'Group X Education' ","'Unknown' ",190
2009 ,"'Y Combined arts' ","'Asian' ",2365
2009 ,"'Y Combined arts' ","'Black' ",2230
2009 ,"'Y Combined arts' ","'Mixed' ",2460
2009 ,"'Y Combined arts' ","'White' ",53035
2009 ,"'Y Combined arts' ","'Other' ",485
2009 ,"'Y Combined arts' ","'Unknown' ",590
2009 ,"'Y Combined sciences' ","'Asian' ",3385
2009 ,"'Y Combined sciences' ","'Black' ",2005
2009 ,"'Y Combined sciences' ","'Mixed' ",995
2009 ,"'Y Combined sciences' ","'White' ",24730
2009 ,"'Y Combined sciences' ","'Other' ",410
2009 ,"'Y Combined sciences' ","'Unknown' ",235
2009 ,"'Y Combined social sciences' ","'Asian' ",4605
2009 ,"'Y Combined social sciences' ","'Black' ",2605
2009 ,"'Y Combined social sciences' ","'Mixed' ",905
2009 ,"'Y Combined social sciences' ","'White' ",16800
2009 ,"'Y Combined social sciences' ","'Other' ",315
2009 ,"'Y Combined social sciences' ","'Unknown' ",185
2009 ,"'Y Sciences combined with Social Sciences or Arts' ","'Asian' ",8000
2009 ,"'Y Sciences combined with Social Sciences or Arts' ","'Black' ",5270
2009 ,"'Y Sciences combined with Social Sciences or Arts' ","'Mixed' ",2725
2009 ,"'Y Sciences combined with Social Sciences or Arts' ","'White' ",72250
2009 ,"'Y Sciences combined with Social Sciences or Arts' ","'Other' ",730
2009 ,"'Y Sciences combined with Social Sciences or Arts' ","'Unknown' ",455
2009 ,"'Y Social Sciences combined with Arts' ","'Asian' ",3205
2009 ,"'Y Social Sciences combined with Arts' ","'Black' ",2695
2009 ,"'Y Social Sciences combined with Arts' ","'Mixed' ",2215
2009 ,"'Y Social Sciences combined with Arts' ","'White' ",42670
2009 ,"'Y Social Sciences combined with Arts' ","'Other' ",535
2009 ,"'Y Social Sciences combined with Arts' ","'Unknown' ",585
2009 ,"'Z General, other combined and unknown' ","'Asian' ",1805
2009 ,"'Z General, other combined and unknown' ","'Black' ",875
2009 ,"'Z General, other combined and unknown' ","'Mixed' ",600
2009 ,"'Z General, other combined and unknown' ","'White' ",11155
2009 ,"'Z General, other combined and unknown' ","'Other' ",170
2009 ,"'Z General, other combined and unknown' ","'Unknown' ",225
2010 ,"'Group A Medicine and Dentistry' ","'Asian' ",20445
2010 ,"'Group A Medicine and Dentistry' ","'Black' ",4625
2010 ,"'Group A Medicine and Dentistry' ","'Mixed' ",2880
2010 ,"'Group A Medicine and Dentistry' ","'White' ",43115
2010 ,"'Group A Medicine and Dentistry' ","'Other' ",1980
2010 ,"'Group A Medicine and Dentistry' ","'Unknown' ",1040
2010 ,"'Group B Subjects allied to Medicine' ","'Asian' ",36735
2010 ,"'Group B Subjects allied to Medicine' ","'Black' ",46445
2010 ,"'Group B Subjects allied to Medicine' ","'Mixed' ",7875
2010 ,"'Group B Subjects allied to Medicine' ","'White' ",202670
2010 ,"'Group B Subjects allied to Medicine' ","'Other' ",3700
2010 ,"'Group B Subjects allied to Medicine' ","'Unknown' ",1895
2010 ,"'Group C Biological Sciences' ","'Asian' ",13975
2010 ,"'Group C Biological Sciences' ","'Black' ",9985
2010 ,"'Group C Biological Sciences' ","'Mixed' ",7110
2010 ,"'Group C Biological Sciences' ","'White' ",160345
2010 ,"'Group C Biological Sciences' ","'Other' ",1785
2010 ,"'Group C Biological Sciences' ","'Unknown' ",1180
2010 ,"'Group D Veterinary Sciences, Agriculture and related' ","'Asian' ",225
2010 ,"'Group D Veterinary Sciences, Agriculture and related' ","'Black' ",210
2010 ,"'Group D Veterinary Sciences, Agriculture and related' ","'Mixed' ",440
2010 ,"'Group D Veterinary Sciences, Agriculture and related' ","'White' ",21335
2010 ,"'Group D Veterinary Sciences, Agriculture and related' ","'Other' ",30
2010 ,"'Group D Veterinary Sciences, Agriculture and related' ","'Unknown' ",90
2010 ,"'Group F Physical Sciences' ","'Asian' ",4970
2010 ,"'Group F Physical Sciences' ","'Black' ",1855
2010 ,"'Group F Physical Sciences' ","'Mixed' ",2180
2010 ,"'Group F Physical Sciences' ","'White' ",71570
2010 ,"'Group F Physical Sciences' ","'Other' ",540
2010 ,"'Group F Physical Sciences' ","'Unknown' ",715
2010 ,"'Group G Mathematical Sciences' ","'Asian' ",5745
2010 ,"'Group G Mathematical Sciences' ","'Black' ",985
2010 ,"'Group G Mathematical Sciences' ","'Mixed' ",1115
2010 ,"'Group G Mathematical Sciences' ","'White' ",26815
2010 ,"'Group G Mathematical Sciences' ","'Other' ",330
2010 ,"'Group G Mathematical Sciences' ","'Unknown' ",295
2010 ,"'Group H Engineering' ","'Asian' ",13040
2010 ,"'Group H Engineering' ","'Black' ",7800
2010 ,"'Group H Engineering' ","'Mixed' ",2905
2010 ,"'Group H Engineering' ","'White' ",65800
2010 ,"'Group H Engineering' ","'Other' ",1455
2010 ,"'Group H Engineering' ","'Unknown' ",940
2010 ,"'Group I Computer Sciences' ","'Asian' ",14635
2010 ,"'Group I Computer Sciences' ","'Black' ",7525
2010 ,"'Group I Computer Sciences' ","'Mixed' ",2600
2010 ,"'Group I Computer Sciences' ","'White' ",51660
2010 ,"'Group I Computer Sciences' ","'Other' ",1195
2010 ,"'Group I Computer Sciences' ","'Unknown' ",735
2010 ,"'Group J Technologies' ","'Asian' ",430
2010 ,"'Group J Technologies' ","'Black' ",470
2010 ,"'Group J Technologies' ","'Mixed' ",380
2010 ,"'Group J Technologies' ","'White' ",9115
2010 ,"'Group J Technologies' ","'Other' ",60
2010 ,"'Group J Technologies' ","'Unknown' ",85
2010 ,"'Group K Architecture, Building and Planning' ","'Asian' ",4180
2010 ,"'Group K Architecture, Building and Planning' ","'Black' ",2730
2010 ,"'Group K Architecture, Building and Planning' ","'Mixed' ",1290
2010 ,"'Group K Architecture, Building and Planning' ","'White' ",28165
2010 ,"'Group K Architecture, Building and Planning' ","'Other' ",650
2010 ,"'Group K Architecture, Building and Planning' ","'Unknown' ",290
2010 ,"'Group L Social Studies' ","'Asian' ",18950
2010 ,"'Group L Social Studies' ","'Black' ",27405
2010 ,"'Group L Social Studies' ","'Mixed' ",7805
2010 ,"'Group L Social Studies' ","'White' ",137645
2010 ,"'Group L Social Studies' ","'Other' ",2110
2010 ,"'Group L Social Studies' ","'Unknown' ",1875
2010 ,"'Group M Law' ","'Asian' ",15720
2010 ,"'Group M Law' ","'Black' ",8570
2010 ,"'Group M Law' ","'Mixed' ",3500
2010 ,"'Group M Law' ","'White' ",60810
2010 ,"'Group M Law' ","'Other' ",1545
2010 ,"'Group M Law' ","'Unknown' ",705
2010 ,"'Group N Business and Admin studies' ","'Asian' ",39715
2010 ,"'Group N Business and Admin studies' ","'Black' ",23040
2010 ,"'Group N Business and Admin studies' ","'Mixed' ",7875
2010 ,"'Group N Business and Admin studies' ","'White' ",153130
2010 ,"'Group N Business and Admin studies' ","'Other' ",3685
2010 ,"'Group N Business and Admin studies' ","'Unknown' ",1510
2010 ,"'Group P Mass Communication and Documentation' ","'Asian' ",2475
2010 ,"'Group P Mass Communication and Documentation' ","'Black' ",3465
2010 ,"'Group P Mass Communication and Documentation' ","'Mixed' ",2270
2010 ,"'Group P Mass Communication and Documentation' ","'White' ",42185
2010 ,"'Group P Mass Communication and Documentation' ","'Other' ",470
2010 ,"'Group P Mass Communication and Documentation' ","'Unknown' ",265
2010 ,"'Group Q Linguistics, Classics and related' ","'Asian' ",3475
2010 ,"'Group Q Linguistics, Classics and related' ","'Black' ",1625
2010 ,"'Group Q Linguistics, Classics and related' ","'Mixed' ",2510
2010 ,"'Group Q Linguistics, Classics and related' ","'White' ",60060
2010 ,"'Group Q Linguistics, Classics and related' ","'Other' ",515
2010 ,"'Group Q Linguistics, Classics and related' ","'Unknown' ",720
2010 ,"'Group R European Languages, Literature and related' ","'Asian' ",500
2010 ,"'Group R European Languages, Literature and related' ","'Black' ",390
2010 ,"'Group R European Languages, Literature and related' ","'Mixed' ",930
2010 ,"'Group R European Languages, Literature and related' ","'White' ",20345
2010 ,"'Group R European Languages, Literature and related' ","'Other' ",185
2010 ,"'Group R European Languages, Literature and related' ","'Unknown' ",235
2010 ,"'Group T Non-European Languages, Literature and related' ","'Asian' ",390
2010 ,"'Group T Non-European Languages, Literature and related' ","'Black' ",190
2010 ,"'Group T Non-European Languages, Literature and related' ","'Mixed' ",465
2010 ,"'Group T Non-European Languages, Literature and related' ","'White' ",6065
2010 ,"'Group T Non-European Languages, Literature and related' ","'Other' ",75
2010 ,"'Group T Non-European Languages, Literature and related' ","'Unknown' ",95
2010 ,"'Group V History and Philosophical studies' ","'Asian' ",2715
2010 ,"'Group V History and Philosophical studies' ","'Black' ",1015
2010 ,"'Group V History and Philosophical studies' ","'Mixed' ",2570
2010 ,"'Group V History and Philosophical studies' ","'White' ",71235
2010 ,"'Group V History and Philosophical studies' ","'Other' ",430
2010 ,"'Group V History and Philosophical studies' ","'Unknown' ",835
2010 ,"'Group W Creative Arts and Design' ","'Asian' ",10620
2010 ,"'Group W Creative Arts and Design' ","'Black' ",11340
2010 ,"'Group W Creative Arts and Design' ","'Mixed' ",11175
2010 ,"'Group W Creative Arts and Design' ","'White' ",221035
2010 ,"'Group W Creative Arts and Design' ","'Other' ",2150
2010 ,"'Group W Creative Arts and Design' ","'Unknown' ",1900
2010 ,"'Group X Education' ","'Asian' ",5685
2010 ,"'Group X Education' ","'Black' ",2610
2010 ,"'Group X Education' ","'Mixed' ",1995
2010 ,"'Group X Education' ","'White' ",73685
2010 ,"'Group X Education' ","'Other' ",450
2010 ,"'Group X Education' ","'Unknown' ",255
2010 ,"'Y Combined arts' ","'Asian' ",2520
2010 ,"'Y Combined arts' ","'Black' ",2335
2010 ,"'Y Combined arts' ","'Mixed' ",2750
2010 ,"'Y Combined arts' ","'White' ",56815
2010 ,"'Y Combined arts' ","'Other' ",595
2010 ,"'Y Combined arts' ","'Unknown' ",560
2010 ,"'Y Combined sciences' ","'Asian' ",3730
2010 ,"'Y Combined sciences' ","'Black' ",2400
2010 ,"'Y Combined sciences' ","'Mixed' ",1140
2010 ,"'Y Combined sciences' ","'White' ",27005
2010 ,"'Y Combined sciences' ","'Other' ",390
2010 ,"'Y Combined sciences' ","'Unknown' ",280
2010 ,"'Y Combined social sciences' ","'Asian' ",4720
2010 ,"'Y Combined social sciences' ","'Black' ",2770
2010 ,"'Y Combined social sciences' ","'Mixed' ",1035
2010 ,"'Y Combined social sciences' ","'White' ",17090
2010 ,"'Y Combined social sciences' ","'Other' ",370
2010 ,"'Y Combined social sciences' ","'Unknown' ",185
2010 ,"'Y Sciences combined with Social Sciences or Arts' ","'Asian' ",7965
2010 ,"'Y Sciences combined with Social Sciences or Arts' ","'Black' ",6155
2010 ,"'Y Sciences combined with Social Sciences or Arts' ","'Mixed' ",3270
2010 ,"'Y Sciences combined with Social Sciences or Arts' ","'White' ",78975
2010 ,"'Y Sciences combined with Social Sciences or Arts' ","'Other' ",720
2010 ,"'Y Sciences combined with Social Sciences or Arts' ","'Unknown' ",535
2010 ,"'Y Social Sciences combined with Arts' ","'Asian' ",3575
2010 ,"'Y Social Sciences combined with Arts' ","'Black' ",2940
2010 ,"'Y Social Sciences combined with Arts' ","'Mixed' ",2495
2010 ,"'Y Social Sciences combined with Arts' ","'White' ",44770
2010 ,"'Y Social Sciences combined with Arts' ","'Other' ",575
2010 ,"'Y Social Sciences combined with Arts' ","'Unknown' ",570
2010 ,"'Z General, other combined and unknown' ","'Asian' ",1545
2010 ,"'Z General, other combined and unknown' ","'Black' ",745
2010 ,"'Z General, other combined and unknown' ","'Mixed' ",605
2010 ,"'Z General, other combined and unknown' ","'White' ",11610
2010 ,"'Z General, other combined and unknown' ","'Other' ",130
2010 ,"'Z General, other combined and unknown' ","'Unknown' ",190
2011 ,"'Group A Medicine and Dentistry' ","'Asian' ",21100
2011 ,"'Group A Medicine and Dentistry' ","'Black' ",4975
2011 ,"'Group A Medicine and Dentistry' ","'Mixed' ",3065
2011 ,"'Group A Medicine and Dentistry' ","'White' ",43810
2011 ,"'Group A Medicine and Dentistry' ","'Other' ",2225
2011 ,"'Group A Medicine and Dentistry' ","'Unknown' ",1335
2011 ,"'Group B Subjects allied to Medicine' ","'Asian' ",43745
2011 ,"'Group B Subjects allied to Medicine' ","'Black' ",56315
2011 ,"'Group B Subjects allied to Medicine' ","'Mixed' ",9135
2011 ,"'Group B Subjects allied to Medicine' ","'White' ",222705
2011 ,"'Group B Subjects allied to Medicine' ","'Other' ",4240
2011 ,"'Group B Subjects allied to Medicine' ","'Unknown' ",2155
2011 ,"'Group C Biological Sciences' ","'Asian' ",15940
2011 ,"'Group C Biological Sciences' ","'Black' ",11365
2011 ,"'Group C Biological Sciences' ","'Mixed' ",7920
2011 ,"'Group C Biological Sciences' ","'White' ",165280
2011 ,"'Group C Biological Sciences' ","'Other' ",1980
2011 ,"'Group C Biological Sciences' ","'Unknown' ",1180
2011 ,"'Group D Veterinary Sciences, Agriculture and related' ","'Asian' ",330
2011 ,"'Group D Veterinary Sciences, Agriculture and related' ","'Black' ",295
2011 ,"'Group D Veterinary Sciences, Agriculture and related' ","'Mixed' ",490
2011 ,"'Group D Veterinary Sciences, Agriculture and related' ","'White' ",23580
2011 ,"'Group D Veterinary Sciences, Agriculture and related' ","'Other' ",65
2011 ,"'Group D Veterinary Sciences, Agriculture and related' ","'Unknown' ",105
2011 ,"'Group F Physical Sciences' ","'Asian' ",5840
2011 ,"'Group F Physical Sciences' ","'Black' ",2020
2011 ,"'Group F Physical Sciences' ","'Mixed' ",2605
2011 ,"'Group F Physical Sciences' ","'White' ",76750
2011 ,"'Group F Physical Sciences' ","'Other' ",510
2011 ,"'Group F Physical Sciences' ","'Unknown' ",685
2011 ,"'Group G Mathematical Sciences' ","'Asian' ",5840
2011 ,"'Group G Mathematical Sciences' ","'Black' ",1250
2011 ,"'Group G Mathematical Sciences' ","'Mixed' ",1270
2011 ,"'Group G Mathematical Sciences' ","'White' ",27310
2011 ,"'Group G Mathematical Sciences' ","'Other' ",340
2011 ,"'Group G Mathematical Sciences' ","'Unknown' ",275
2011 ,"'Group H Engineering' ","'Asian' ",14600
2011 ,"'Group H Engineering' ","'Black' ",8565
2011 ,"'Group H Engineering' ","'Mixed' ",3230
2011 ,"'Group H Engineering' ","'White' ",68070
2011 ,"'Group H Engineering' ","'Other' ",1880
2011 ,"'Group H Engineering' ","'Unknown' ",975
2011 ,"'Group I Computer Sciences' ","'Asian' ",15390
2011 ,"'Group I Computer Sciences' ","'Black' ",7735
2011 ,"'Group I Computer Sciences' ","'Mixed' ",2880
2011 ,"'Group I Computer Sciences' ","'White' ",55535
2011 ,"'Group I Computer Sciences' ","'Other' ",1365
2011 ,"'Group I Computer Sciences' ","'Unknown' ",750
2011 ,"'Group J Technologies' ","'Asian' ",430
2011 ,"'Group J Technologies' ","'Black' ",465
2011 ,"'Group J Technologies' ","'Mixed' ",395
2011 ,"'Group J Technologies' ","'White' ",8575
2011 ,"'Group J Technologies' ","'Other' ",65
2011 ,"'Group J Technologies' ","'Unknown' ",70
2011 ,"'Group K Architecture, Building and Planning' ","'Asian' ",4375
2011 ,"'Group K Architecture, Building and Planning' ","'Black' ",2955
2011 ,"'Group K Architecture, Building and Planning' ","'Mixed' ",1275
2011 ,"'Group K Architecture, Building and Planning' ","'White' ",26735
2011 ,"'Group K Architecture, Building and Planning' ","'Other' ",720
2011 ,"'Group K Architecture, Building and Planning' ","'Unknown' ",245
2011 ,"'Group L Social Studies' ","'Asian' ",19590
2011 ,"'Group L Social Studies' ","'Black' ",27980
2011 ,"'Group L Social Studies' ","'Mixed' ",8090
2011 ,"'Group L Social Studies' ","'White' ",139870
2011 ,"'Group L Social Studies' ","'Other' ",1985
2011 ,"'Group L Social Studies' ","'Unknown' ",1645
2011 ,"'Group M Law' ","'Asian' ",16355
2011 ,"'Group M Law' ","'Black' ",9110
2011 ,"'Group M Law' ","'Mixed' ",3920
2011 ,"'Group M Law' ","'White' ",61420
2011 ,"'Group M Law' ","'Other' ",1495
2011 ,"'Group M Law' ","'Unknown' ",785
2011 ,"'Group N Business and Admin studies' ","'Asian' ",42000
2011 ,"'Group N Business and Admin studies' ","'Black' ",25135
2011 ,"'Group N Business and Admin studies' ","'Mixed' ",8950
2011 ,"'Group N Business and Admin studies' ","'White' ",158400
2011 ,"'Group N Business and Admin studies' ","'Other' ",3920
2011 ,"'Group N Business and Admin studies' ","'Unknown' ",1500
2011 ,"'Group P Mass Communication and Documentation' ","'Asian' ",2625
2011 ,"'Group P Mass Communication and Documentation' ","'Black' ",3740
2011 ,"'Group P Mass Communication and Documentation' ","'Mixed' ",2445
2011 ,"'Group P Mass Communication and Documentation' ","'White' ",44520
2011 ,"'Group P Mass Communication and Documentation' ","'Other' ",615
2011 ,"'Group P Mass Communication and Documentation' ","'Unknown' ",285
2011 ,"'Group Q Linguistics, Classics and related' ","'Asian' ",3645
2011 ,"'Group Q Linguistics, Classics and related' ","'Black' ",1705
2011 ,"'Group Q Linguistics, Classics and related' ","'Mixed' ",2605
2011 ,"'Group Q Linguistics, Classics and related' ","'White' ",56710
2011 ,"'Group Q Linguistics, Classics and related' ","'Other' ",485
2011 ,"'Group Q Linguistics, Classics and related' ","'Unknown' ",645
2011 ,"'Group R European Languages, Literature and related' ","'Asian' ",500
2011 ,"'Group R European Languages, Literature and related' ","'Black' ",400
2011 ,"'Group R European Languages, Literature and related' ","'Mixed' ",1125
2011 ,"'Group R European Languages, Literature and related' ","'White' ",19845
2011 ,"'Group R European Languages, Literature and related' ","'Other' ",195
2011 ,"'Group R European Languages, Literature and related' ","'Unknown' ",270
2011 ,"'Group T Non-European Languages, Literature and related' ","'Asian' ",360
2011 ,"'Group T Non-European Languages, Literature and related' ","'Black' ",205
2011 ,"'Group T Non-European Languages, Literature and related' ","'Mixed' ",460
2011 ,"'Group T Non-European Languages, Literature and related' ","'White' ",6105
2011 ,"'Group T Non-European Languages, Literature and related' ","'Other' ",65
2011 ,"'Group T Non-European Languages, Literature and related' ","'Unknown' ",90
2011 ,"'Group V History and Philosophical studies' ","'Asian' ",2680
2011 ,"'Group V History and Philosophical studies' ","'Black' ",1280
2011 ,"'Group V History and Philosophical studies' ","'Mixed' ",2855
2011 ,"'Group V History and Philosophical studies' ","'White' ",69140
2011 ,"'Group V History and Philosophical studies' ","'Other' ",360
2011 ,"'Group V History and Philosophical studies' ","'Unknown' ",865
2011 ,"'Group W Creative Arts and Design' ","'Asian' ",11610
2011 ,"'Group W Creative Arts and Design' ","'Black' ",12035
2011 ,"'Group W Creative Arts and Design' ","'Mixed' ",12320
2011 ,"'Group W Creative Arts and Design' ","'White' ",229915
2011 ,"'Group W Creative Arts and Design' ","'Other' ",2320
2011 ,"'Group W Creative Arts and Design' ","'Unknown' ",1895
2011 ,"'Group X Education' ","'Asian' ",6900
2011 ,"'Group X Education' ","'Black' ",3220
2011 ,"'Group X Education' ","'Mixed' ",2045
2011 ,"'Group X Education' ","'White' ",78285
2011 ,"'Group X Education' ","'Other' ",490
2011 ,"'Group X Education' ","'Unknown' ",230
2011 ,"'Y Combined arts' ","'Asian' ",2815
2011 ,"'Y Combined arts' ","'Black' ",2360
2011 ,"'Y Combined arts' ","'Mixed' ",2880
2011 ,"'Y Combined arts' ","'White' ",54335
2011 ,"'Y Combined arts' ","'Other' ",540
2011 ,"'Y Combined arts' ","'Unknown' ",645
2011 ,"'Y Combined sciences' ","'Asian' ",4060
2011 ,"'Y Combined sciences' ","'Black' ",2660
2011 ,"'Y Combined sciences' ","'Mixed' ",1310
2011 ,"'Y Combined sciences' ","'White' ",27940
2011 ,"'Y Combined sciences' ","'Other' ",455
2011 ,"'Y Combined sciences' ","'Unknown' ",205
2011 ,"'Y Combined social sciences' ","'Asian' ",4270
2011 ,"'Y Combined social sciences' ","'Black' ",2425
2011 ,"'Y Combined social sciences' ","'Mixed' ",980
2011 ,"'Y Combined social sciences' ","'White' ",16895
2011 ,"'Y Combined social sciences' ","'Other' ",380
2011 ,"'Y Combined social sciences' ","'Unknown' ",165
2011 ,"'Y Sciences combined with Social Sciences or Arts' ","'Asian' ",7380
2011 ,"'Y Sciences combined with Social Sciences or Arts' ","'Black' ",5575
2011 ,"'Y Sciences combined with Social Sciences or Arts' ","'Mixed' ",3360
2011 ,"'Y Sciences combined with Social Sciences or Arts' ","'White' ",75920
2011 ,"'Y Sciences combined with Social Sciences or Arts' ","'Other' ",660
2011 ,"'Y Sciences combined with Social Sciences or Arts' ","'Unknown' ",475
2011 ,"'Y Social Sciences combined with Arts' ","'Asian' ",3445
2011 ,"'Y Social Sciences combined with Arts' ","'Black' ",2870
2011 ,"'Y Social Sciences combined with Arts' ","'Mixed' ",2440
2011 ,"'Y Social Sciences combined with Arts' ","'White' ",42880
2011 ,"'Y Social Sciences combined with Arts' ","'Other' ",570
2011 ,"'Y Social Sciences combined with Arts' ","'Unknown' ",510
2011 ,"'Z General, other combined and unknown' ","'Asian' ",1585
2011 ,"'Z General, other combined and unknown' ","'Black' ",765
2011 ,"'Z General, other combined and unknown' ","'Mixed' ",655
2011 ,"'Z General, other combined and unknown' ","'White' ",11520
2011 ,"'Z General, other combined and unknown' ","'Other' ",150
2011 ,"'Z General, other combined and unknown' ","'Unknown' ",190
2012 ,"'Group A Medicine and Dentistry' ","'Asian' ",20465
2012 ,"'Group A Medicine and Dentistry' ","'Black' ",4740
2012 ,"'Group A Medicine and Dentistry' ","'Mixed' ",3130
2012 ,"'Group A Medicine and Dentistry' ","'White' ",41825
2012 ,"'Group A Medicine and Dentistry' ","'Other' ",2350
2012 ,"'Group A Medicine and Dentistry' ","'Unknown' ",1220
2012 ,"'Group B Subjects allied to Medicine' ","'Asian' ",43620
2012 ,"'Group B Subjects allied to Medicine' ","'Black' ",57790
2012 ,"'Group B Subjects allied to Medicine' ","'Mixed' ",9530
2012 ,"'Group B Subjects allied to Medicine' ","'White' ",220680
2012 ,"'Group B Subjects allied to Medicine' ","'Other' ",5460
2012 ,"'Group B Subjects allied to Medicine' ","'Unknown' ",2020
2012 ,"'Group C Biological Sciences' ","'Asian' ",15820
2012 ,"'Group C Biological Sciences' ","'Black' ",10910
2012 ,"'Group C Biological Sciences' ","'Mixed' ",7660
2012 ,"'Group C Biological Sciences' ","'White' ",153905
2012 ,"'Group C Biological Sciences' ","'Other' ",2235
2012 ,"'Group C Biological Sciences' ","'Unknown' ",1085
2012 ,"'Group D Veterinary Sciences, Agriculture and related' ","'Asian' ",460
2012 ,"'Group D Veterinary Sciences, Agriculture and related' ","'Black' ",280
2012 ,"'Group D Veterinary Sciences, Agriculture and related' ","'Mixed' ",450
2012 ,"'Group D Veterinary Sciences, Agriculture and related' ","'White' ",22260
2012 ,"'Group D Veterinary Sciences, Agriculture and related' ","'Other' ",85
2012 ,"'Group D Veterinary Sciences, Agriculture and related' ","'Unknown' ",110
2012 ,"'Group F Physical Sciences' ","'Asian' ",5810
2012 ,"'Group F Physical Sciences' ","'Black' ",1945
2012 ,"'Group F Physical Sciences' ","'Mixed' ",2635
2012 ,"'Group F Physical Sciences' ","'White' ",75125
2012 ,"'Group F Physical Sciences' ","'Other' ",780
2012 ,"'Group F Physical Sciences' ","'Unknown' ",495
2012 ,"'Group G Mathematical Sciences' ","'Asian' ",5315
2012 ,"'Group G Mathematical Sciences' ","'Black' ",1115
2012 ,"'Group G Mathematical Sciences' ","'Mixed' ",1010
2012 ,"'Group G Mathematical Sciences' ","'White' ",26600
2012 ,"'Group G Mathematical Sciences' ","'Other' ",470
2012 ,"'Group G Mathematical Sciences' ","'Unknown' ",255
2012 ,"'Group H Engineering' ","'Asian' ",14125
2012 ,"'Group H Engineering' ","'Black' ",8235
2012 ,"'Group H Engineering' ","'Mixed' ",3255
2012 ,"'Group H Engineering' ","'White' ",64765
2012 ,"'Group H Engineering' ","'Other' ",2470
2012 ,"'Group H Engineering' ","'Unknown' ",790
2012 ,"'Group I Computer Sciences' ","'Asian' ",14800
2012 ,"'Group I Computer Sciences' ","'Black' ",7280
2012 ,"'Group I Computer Sciences' ","'Mixed' ",2605
2012 ,"'Group I Computer Sciences' ","'White' ",49970
2012 ,"'Group I Computer Sciences' ","'Other' ",1705
2012 ,"'Group I Computer Sciences' ","'Unknown' ",615
2012 ,"'Group J Technologies' ","'Asian' ",380
2012 ,"'Group J Technologies' ","'Black' ",455
2012 ,"'Group J Technologies' ","'Mixed' ",355
2012 ,"'Group J Technologies' ","'White' ",6670
2012 ,"'Group J Technologies' ","'Other' ",70
2012 ,"'Group J Technologies' ","'Unknown' ",65
2012 ,"'Group K Architecture, Building and Planning' ","'Asian' ",3550
2012 ,"'Group K Architecture, Building and Planning' ","'Black' ",2430
2012 ,"'Group K Architecture, Building and Planning' ","'Mixed' ",1145
2012 ,"'Group K Architecture, Building and Planning' ","'White' ",21590
2012 ,"'Group K Architecture, Building and Planning' ","'Other' ",860
2012 ,"'Group K Architecture, Building and Planning' ","'Unknown' ",195
2012 ,"'Group L Social Studies' ","'Asian' ",17385
2012 ,"'Group L Social Studies' ","'Black' ",24715
2012 ,"'Group L Social Studies' ","'Mixed' ",7175
2012 ,"'Group L Social Studies' ","'White' ",120570
2012 ,"'Group L Social Studies' ","'Other' ",2180
2012 ,"'Group L Social Studies' ","'Unknown' ",1515
2012 ,"'Group M Law' ","'Asian' ",15590
2012 ,"'Group M Law' ","'Black' ",9215
2012 ,"'Group M Law' ","'Mixed' ",3540
2012 ,"'Group M Law' ","'White' ",55755
2012 ,"'Group M Law' ","'Other' ",1710
2012 ,"'Group M Law' ","'Unknown' ",665
2012 ,"'Group N Business and Admin studies' ","'Asian' ",39485
2012 ,"'Group N Business and Admin studies' ","'Black' ",23890
2012 ,"'Group N Business and Admin studies' ","'Mixed' ",7745
2012 ,"'Group N Business and Admin studies' ","'White' ",142905
2012 ,"'Group N Business and Admin studies' ","'Other' ",4645
2012 ,"'Group N Business and Admin studies' ","'Unknown' ",1135
2012 ,"'Group P Mass Communication and Documentation' ","'Asian' ",2320
2012 ,"'Group P Mass Communication and Documentation' ","'Black' ",3940
2012 ,"'Group P Mass Communication and Documentation' ","'Mixed' ",2140
2012 ,"'Group P Mass Communication and Documentation' ","'White' ",36585
2012 ,"'Group P Mass Communication and Documentation' ","'Other' ",565
2012 ,"'Group P Mass Communication and Documentation' ","'Unknown' ",230
2012 ,"'Group Q Linguistics, Classics and related' ","'Asian' ",3435
2012 ,"'Group Q Linguistics, Classics and related' ","'Black' ",1575
2012 ,"'Group Q Linguistics, Classics and related' ","'Mixed' ",2580
2012 ,"'Group Q Linguistics, Classics and related' ","'White' ",51220
2012 ,"'Group Q Linguistics, Classics and related' ","'Other' ",505
2012 ,"'Group Q Linguistics, Classics and related' ","'Unknown' ",530
2012 ,"'Group R European Languages, Literature and related' ","'Asian' ",475
2012 ,"'Group R European Languages, Literature and related' ","'Black' ",385
2012 ,"'Group R European Languages, Literature and related' ","'Mixed' ",860
2012 ,"'Group R European Languages, Literature and related' ","'White' ",17545
2012 ,"'Group R European Languages, Literature and related' ","'Other' ",195
2012 ,"'Group R European Languages, Literature and related' ","'Unknown' ",185
2012 ,"'Group T Non-European Languages, Literature and related' ","'Asian' ",345
2012 ,"'Group T Non-European Languages, Literature and related' ","'Black' ",155
2012 ,"'Group T Non-European Languages, Literature and related' ","'Mixed' ",365
2012 ,"'Group T Non-European Languages, Literature and related' ","'White' ",4710
2012 ,"'Group T Non-European Languages, Literature and related' ","'Other' ",85
2012 ,"'Group T Non-European Languages, Literature and related' ","'Unknown' ",80
2012 ,"'Group V History and Philosophical studies' ","'Asian' ",2705
2012 ,"'Group V History and Philosophical studies' ","'Black' ",1200
2012 ,"'Group V History and Philosophical studies' ","'Mixed' ",2400
2012 ,"'Group V History and Philosophical studies' ","'White' ",63815
2012 ,"'Group V History and Philosophical studies' ","'Other' ",440
2012 ,"'Group V History and Philosophical studies' ","'Unknown' ",635
2012 ,"'Group W Creative Arts and Design' ","'Asian' ",9970
2012 ,"'Group W Creative Arts and Design' ","'Black' ",10455
2012 ,"'Group W Creative Arts and Design' ","'Mixed' ",10395
2012 ,"'Group W Creative Arts and Design' ","'White' ",190130
2012 ,"'Group W Creative Arts and Design' ","'Other' ",2340
2012 ,"'Group W Creative Arts and Design' ","'Unknown' ",1275
2012 ,"'Group X Education' ","'Asian' ",6435
2012 ,"'Group X Education' ","'Black' ",2995
2012 ,"'Group X Education' ","'Mixed' ",2010
2012 ,"'Group X Education' ","'White' ",71345
2012 ,"'Group X Education' ","'Other' ",695
2012 ,"'Group X Education' ","'Unknown' ",255
2012 ,"'Y Combined arts' ","'Asian' ",2320
2012 ,"'Y Combined arts' ","'Black' ",2040
2012 ,"'Y Combined arts' ","'Mixed' ",2350
2012 ,"'Y Combined arts' ","'White' ",45205
2012 ,"'Y Combined arts' ","'Other' ",505
2012 ,"'Y Combined arts' ","'Unknown' ",380
2012 ,"'Y Combined sciences' ","'Asian' ",3580
2012 ,"'Y Combined sciences' ","'Black' ",2380
2012 ,"'Y Combined sciences' ","'Mixed' ",1150
2012 ,"'Y Combined sciences' ","'White' ",24775
2012 ,"'Y Combined sciences' ","'Other' ",510
2012 ,"'Y Combined sciences' ","'Unknown' ",200
2012 ,"'Y Combined social sciences' ","'Asian' ",3765
2012 ,"'Y Combined social sciences' ","'Black' ",2110
2012 ,"'Y Combined social sciences' ","'Mixed' ",895
2012 ,"'Y Combined social sciences' ","'White' ",13535
2012 ,"'Y Combined social sciences' ","'Other' ",365
2012 ,"'Y Combined social sciences' ","'Unknown' ",150
2012 ,"'Y Sciences combined with Social Sciences or Arts' ","'Asian' ",5915
2012 ,"'Y Sciences combined with Social Sciences or Arts' ","'Black' ",4670
2012 ,"'Y Sciences combined with Social Sciences or Arts' ","'Mixed' ",2700
2012 ,"'Y Sciences combined with Social Sciences or Arts' ","'White' ",61540
2012 ,"'Y Sciences combined with Social Sciences or Arts' ","'Other' ",795
2012 ,"'Y Sciences combined with Social Sciences or Arts' ","'Unknown' ",365
2012 ,"'Y Social Sciences combined with Arts' ","'Asian' ",3130
2012 ,"'Y Social Sciences combined with Arts' ","'Black' ",2505
2012 ,"'Y Social Sciences combined with Arts' ","'Mixed' ",2115
2012 ,"'Y Social Sciences combined with Arts' ","'White' ",35495
2012 ,"'Y Social Sciences combined with Arts' ","'Other' ",585
2012 ,"'Y Social Sciences combined with Arts' ","'Unknown' ",350
2012 ,"'Z General, other combined and unknown' ","'Asian' ",2325
2012 ,"'Z General, other combined and unknown' ","'Black' ",995
2012 ,"'Z General, other combined and unknown' ","'Mixed' ",880
2012 ,"'Z General, other combined and unknown' ","'White' ",14410
2012 ,"'Z General, other combined and unknown' ","'Other' ",280
2012 ,"'Z General, other combined and unknown' ","'Unknown' ",210
2013 ,"'Group A Medicine and Dentistry' ","'Asian' ",21305
2013 ,"'Group A Medicine and Dentistry' ","'Black' ",4805
2013 ,"'Group A Medicine and Dentistry' ","'Mixed' ",3245
2013 ,"'Group A Medicine and Dentistry' ","'White' ",41470
2013 ,"'Group A Medicine and Dentistry' ","'Other' ",2380
2013 ,"'Group A Medicine and Dentistry' ","'Unknown' ",1325
2013 ,"'Group B Subjects allied to Medicine' ","'Asian' ",46745
2013 ,"'Group B Subjects allied to Medicine' ","'Black' ",58715
2013 ,"'Group B Subjects allied to Medicine' ","'Mixed' ",10655
2013 ,"'Group B Subjects allied to Medicine' ","'White' ",227710
2013 ,"'Group B Subjects allied to Medicine' ","'Other' ",5665
2013 ,"'Group B Subjects allied to Medicine' ","'Unknown' ",2250
2013 ,"'Group C Biological Sciences' ","'Asian' ",16970
2013 ,"'Group C Biological Sciences' ","'Black' ",11975
2013 ,"'Group C Biological Sciences' ","'Mixed' ",8480
2013 ,"'Group C Biological Sciences' ","'White' ",164125
2013 ,"'Group C Biological Sciences' ","'Other' ",2575
2013 ,"'Group C Biological Sciences' ","'Unknown' ",1020
2013 ,"'Group D Veterinary Sciences, Agriculture and related' ","'Asian' ",450
2013 ,"'Group D Veterinary Sciences, Agriculture and related' ","'Black' ",275
2013 ,"'Group D Veterinary Sciences, Agriculture and related' ","'Mixed' ",525
2013 ,"'Group D Veterinary Sciences, Agriculture and related' ","'White' ",24310
2013 ,"'Group D Veterinary Sciences, Agriculture and related' ","'Other' ",55
2013 ,"'Group D Veterinary Sciences, Agriculture and related' ","'Unknown' ",80
2013 ,"'Group F Physical Sciences' ","'Asian' ",7140
2013 ,"'Group F Physical Sciences' ","'Black' ",2375
2013 ,"'Group F Physical Sciences' ","'Mixed' ",2820
2013 ,"'Group F Physical Sciences' ","'White' ",78265
2013 ,"'Group F Physical Sciences' ","'Other' ",770
2013 ,"'Group F Physical Sciences' ","'Unknown' ",500
2013 ,"'Group G Mathematical Sciences' ","'Asian' ",6185
2013 ,"'Group G Mathematical Sciences' ","'Black' ",1150
2013 ,"'Group G Mathematical Sciences' ","'Mixed' ",1180
2013 ,"'Group G Mathematical Sciences' ","'White' ",27370
2013 ,"'Group G Mathematical Sciences' ","'Other' ",535
2013 ,"'Group G Mathematical Sciences' ","'Unknown' ",245
2013 ,"'Group H Engineering' ","'Asian' ",15465
2013 ,"'Group H Engineering' ","'Black' ",8610
2013 ,"'Group H Engineering' ","'Mixed' ",3555
2013 ,"'Group H Engineering' ","'White' ",68550
2013 ,"'Group H Engineering' ","'Other' ",2605
2013 ,"'Group H Engineering' ","'Unknown' ",860
2013 ,"'Group I Computer Sciences' ","'Asian' ",15165
2013 ,"'Group I Computer Sciences' ","'Black' ",7135
2013 ,"'Group I Computer Sciences' ","'Mixed' ",2945
2013 ,"'Group I Computer Sciences' ","'White' ",57425
2013 ,"'Group I Computer Sciences' ","'Other' ",1605
2013 ,"'Group I Computer Sciences' ","'Unknown' ",710
2013 ,"'Group J Technologies' ","'Asian' ",380
2013 ,"'Group J Technologies' ","'Black' ",455
2013 ,"'Group J Technologies' ","'Mixed' ",275
2013 ,"'Group J Technologies' ","'White' ",6795
2013 ,"'Group J Technologies' ","'Other' ",55
2013 ,"'Group J Technologies' ","'Unknown' ",50
2013 ,"'Group K Architecture, Building and Planning' ","'Asian' ",3300
2013 ,"'Group K Architecture, Building and Planning' ","'Black' ",2155
2013 ,"'Group K Architecture, Building and Planning' ","'Mixed' ",1205
2013 ,"'Group K Architecture, Building and Planning' ","'White' ",20305
2013 ,"'Group K Architecture, Building and Planning' ","'Other' ",820
2013 ,"'Group K Architecture, Building and Planning' ","'Unknown' ",185
2013 ,"'Group L Social Studies' ","'Asian' ",18025
2013 ,"'Group L Social Studies' ","'Black' ",22215
2013 ,"'Group L Social Studies' ","'Mixed' ",7305
2013 ,"'Group L Social Studies' ","'White' ",123475
2013 ,"'Group L Social Studies' ","'Other' ",2305
2013 ,"'Group L Social Studies' ","'Unknown' ",1315
2013 ,"'Group M Law' ","'Asian' ",15500
2013 ,"'Group M Law' ","'Black' ",9405
2013 ,"'Group M Law' ","'Mixed' ",4070
2013 ,"'Group M Law' ","'White' ",57840
2013 ,"'Group M Law' ","'Other' ",2010
2013 ,"'Group M Law' ","'Unknown' ",670
2013 ,"'Group N Business and Admin studies' ","'Asian' ",37770
2013 ,"'Group N Business and Admin studies' ","'Black' ",23575
2013 ,"'Group N Business and Admin studies' ","'Mixed' ",8040
2013 ,"'Group N Business and Admin studies' ","'White' ",148565
2013 ,"'Group N Business and Admin studies' ","'Other' ",4410
2013 ,"'Group N Business and Admin studies' ","'Unknown' ",1230
2013 ,"'Group P Mass Communication and Documentation' ","'Asian' ",2435
2013 ,"'Group P Mass Communication and Documentation' ","'Black' ",3905
2013 ,"'Group P Mass Communication and Documentation' ","'Mixed' ",2240
2013 ,"'Group P Mass Communication and Documentation' ","'White' ",38900
2013 ,"'Group P Mass Communication and Documentation' ","'Other' ",620
2013 ,"'Group P Mass Communication and Documentation' ","'Unknown' ",275
2013 ,"'Group Q Linguistics, Classics and related' ","'Asian' ",3645
2013 ,"'Group Q Linguistics, Classics and related' ","'Black' ",1575
2013 ,"'Group Q Linguistics, Classics and related' ","'Mixed' ",2545
2013 ,"'Group Q Linguistics, Classics and related' ","'White' ",50760
2013 ,"'Group Q Linguistics, Classics and related' ","'Other' ",425
2013 ,"'Group Q Linguistics, Classics and related' ","'Unknown' ",445
2013 ,"'Group R European Languages, Literature and related' ","'Asian' ",400
2013 ,"'Group R European Languages, Literature and related' ","'Black' ",390
2013 ,"'Group R European Languages, Literature and related' ","'Mixed' ",850
2013 ,"'Group R European Languages, Literature and related' ","'White' ",16665
2013 ,"'Group R European Languages, Literature and related' ","'Other' ",200
2013 ,"'Group R European Languages, Literature and related' ","'Unknown' ",145
2013 ,"'Group T Non-European Languages, Literature and related' ","'Asian' ",325
2013 ,"'Group T Non-European Languages, Literature and related' ","'Black' ",150
2013 ,"'Group T Non-European Languages, Literature and related' ","'Mixed' ",375
2013 ,"'Group T Non-European Languages, Literature and related' ","'White' ",4455
2013 ,"'Group T Non-European Languages, Literature and related' ","'Other' ",70
2013 ,"'Group T Non-European Languages, Literature and related' ","'Unknown' ",75
2013 ,"'Group V History and Philosophical studies' ","'Asian' ",2905
2013 ,"'Group V History and Philosophical studies' ","'Black' ",1300
2013 ,"'Group V History and Philosophical studies' ","'Mixed' ",2740
2013 ,"'Group V History and Philosophical studies' ","'White' ",64705
2013 ,"'Group V History and Philosophical studies' ","'Other' ",465
2013 ,"'Group V History and Philosophical studies' ","'Unknown' ",620
2013 ,"'Group W Creative Arts and Design' ","'Asian' ",9780
2013 ,"'Group W Creative Arts and Design' ","'Black' ",11010
2013 ,"'Group W Creative Arts and Design' ","'Mixed' ",10940
2013 ,"'Group W Creative Arts and Design' ","'White' ",191975
2013 ,"'Group W Creative Arts and Design' ","'Other' ",2325
2013 ,"'Group W Creative Arts and Design' ","'Unknown' ",1285
2013 ,"'Group X Education' ","'Asian' ",7225
2013 ,"'Group X Education' ","'Black' ",3120
2013 ,"'Group X Education' ","'Mixed' ",1850
2013 ,"'Group X Education' ","'White' ",68545
2013 ,"'Group X Education' ","'Other' ",680
2013 ,"'Group X Education' ","'Unknown' ",245
2013 ,"'Y Combined arts' ","'Asian' ",2105
2013 ,"'Y Combined arts' ","'Black' ",2085
2013 ,"'Y Combined arts' ","'Mixed' ",2275
2013 ,"'Y Combined arts' ","'White' ",42515
2013 ,"'Y Combined arts' ","'Other' ",450
2013 ,"'Y Combined arts' ","'Unknown' ",355
2013 ,"'Y Combined sciences' ","'Asian' ",3845
2013 ,"'Y Combined sciences' ","'Black' ",2310
2013 ,"'Y Combined sciences' ","'Mixed' ",1215
2013 ,"'Y Combined sciences' ","'White' ",24670
2013 ,"'Y Combined sciences' ","'Other' ",500
2013 ,"'Y Combined sciences' ","'Unknown' ",240
2013 ,"'Y Combined social sciences' ","'Asian' ",3440
2013 ,"'Y Combined social sciences' ","'Black' ",1870
2013 ,"'Y Combined social sciences' ","'Mixed' ",855
2013 ,"'Y Combined social sciences' ","'White' ",13530
2013 ,"'Y Combined social sciences' ","'Other' ",285
2013 ,"'Y Combined social sciences' ","'Unknown' ",115
2013 ,"'Y Sciences combined with Social Sciences or Arts' ","'Asian' ",5630
2013 ,"'Y Sciences combined with Social Sciences or Arts' ","'Black' ",4285
2013 ,"'Y Sciences combined with Social Sciences or Arts' ","'Mixed' ",2450
2013 ,"'Y Sciences combined with Social Sciences or Arts' ","'White' ",56485
2013 ,"'Y Sciences combined with Social Sciences or Arts' ","'Other' ",650
2013 ,"'Y Sciences combined with Social Sciences or Arts' ","'Unknown' ",300
2013 ,"'Y Social Sciences combined with Arts' ","'Asian' ",3000
2013 ,"'Y Social Sciences combined with Arts' ","'Black' ",2565
2013 ,"'Y Social Sciences combined with Arts' ","'Mixed' ",2025
2013 ,"'Y Social Sciences combined with Arts' ","'White' ",33895
2013 ,"'Y Social Sciences combined with Arts' ","'Other' ",625
2013 ,"'Y Social Sciences combined with Arts' ","'Unknown' ",370
2013 ,"'Z General, other combined and unknown' ","'Asian' ",2390
2013 ,"'Z General, other combined and unknown' ","'Black' ",1065
2013 ,"'Z General, other combined and unknown' ","'Mixed' ",935
2013 ,"'Z General, other combined and unknown' ","'White' ",15660
2013 ,"'Z General, other combined and unknown' ","'Other' ",285
2013 ,"'Z General, other combined and unknown' ","'Unknown' ",235
2014 ,"'Group A Medicine and Dentistry' ","'Asian' ",21380
2014 ,"'Group A Medicine and Dentistry' ","'Black' ",5490
2014 ,"'Group A Medicine and Dentistry' ","'Mixed' ",3450
2014 ,"'Group A Medicine and Dentistry' ","'White' ",40675
2014 ,"'Group A Medicine and Dentistry' ","'Other' ",2575
2014 ,"'Group A Medicine and Dentistry' ","'Unknown' ",1285
2014 ,"'Group B Subjects allied to Medicine' ","'Asian' ",48475
2014 ,"'Group B Subjects allied to Medicine' ","'Black' ",61955
2014 ,"'Group B Subjects allied to Medicine' ","'Mixed' ",11050
2014 ,"'Group B Subjects allied to Medicine' ","'White' ",237670
2014 ,"'Group B Subjects allied to Medicine' ","'Other' ",5975
2014 ,"'Group B Subjects allied to Medicine' ","'Unknown' ",2300
2014 ,"'Group C Biological Sciences' ","'Asian' ",18785
2014 ,"'Group C Biological Sciences' ","'Black' ",13385
2014 ,"'Group C Biological Sciences' ","'Mixed' ",9790
2014 ,"'Group C Biological Sciences' ","'White' ",176890
2014 ,"'Group C Biological Sciences' ","'Other' ",2955
2014 ,"'Group C Biological Sciences' ","'Unknown' ",865
2014 ,"'Group D Veterinary Sciences, Agriculture and related' ","'Asian' ",410
2014 ,"'Group D Veterinary Sciences, Agriculture and related' ","'Black' ",250
2014 ,"'Group D Veterinary Sciences, Agriculture and related' ","'Mixed' ",655
2014 ,"'Group D Veterinary Sciences, Agriculture and related' ","'White' ",25650
2014 ,"'Group D Veterinary Sciences, Agriculture and related' ","'Other' ",70
2014 ,"'Group D Veterinary Sciences, Agriculture and related' ","'Unknown' ",75
2014 ,"'Group F Physical Sciences' ","'Asian' ",7460
2014 ,"'Group F Physical Sciences' ","'Black' ",2545
2014 ,"'Group F Physical Sciences' ","'Mixed' ",3415
2014 ,"'Group F Physical Sciences' ","'White' ",80305
2014 ,"'Group F Physical Sciences' ","'Other' ",885
2014 ,"'Group F Physical Sciences' ","'Unknown' ",605
2014 ,"'Group G Mathematical Sciences' ","'Asian' ",5910
2014 ,"'Group G Mathematical Sciences' ","'Black' ",1335
2014 ,"'Group G Mathematical Sciences' ","'Mixed' ",1290
2014 ,"'Group G Mathematical Sciences' ","'White' ",26930
2014 ,"'Group G Mathematical Sciences' ","'Other' ",445
2014 ,"'Group G Mathematical Sciences' ","'Unknown' ",235
2014 ,"'Group H Engineering' ","'Asian' ",18715
2014 ,"'Group H Engineering' ","'Black' ",9685
2014 ,"'Group H Engineering' ","'Mixed' ",3975
2014 ,"'Group H Engineering' ","'White' ",73795
2014 ,"'Group H Engineering' ","'Other' ",3135
2014 ,"'Group H Engineering' ","'Unknown' ",925
2014 ,"'Group I Computer Sciences' ","'Asian' ",17260
2014 ,"'Group I Computer Sciences' ","'Black' ",7570
2014 ,"'Group I Computer Sciences' ","'Mixed' ",3290
2014 ,"'Group I Computer Sciences' ","'White' ",64210
2014 ,"'Group I Computer Sciences' ","'Other' ",1920
2014 ,"'Group I Computer Sciences' ","'Unknown' ",710
2014 ,"'Group J Technologies' ","'Asian' ",440
2014 ,"'Group J Technologies' ","'Black' ",455
2014 ,"'Group J Technologies' ","'Mixed' ",355
2014 ,"'Group J Technologies' ","'White' ",7140
2014 ,"'Group J Technologies' ","'Other' ",100
2014 ,"'Group J Technologies' ","'Unknown' ",70
2014 ,"'Group K Architecture, Building and Planning' ","'Asian' ",3525
2014 ,"'Group K Architecture, Building and Planning' ","'Black' ",2155
2014 ,"'Group K Architecture, Building and Planning' ","'Mixed' ",1110
2014 ,"'Group K Architecture, Building and Planning' ","'White' ",19555
2014 ,"'Group K Architecture, Building and Planning' ","'Other' ",900
2014 ,"'Group K Architecture, Building and Planning' ","'Unknown' ",195
2014 ,"'Group L Social Studies' ","'Asian' ",19455
2014 ,"'Group L Social Studies' ","'Black' ",23065
2014 ,"'Group L Social Studies' ","'Mixed' ",8325
2014 ,"'Group L Social Studies' ","'White' ",131345
2014 ,"'Group L Social Studies' ","'Other' ",2520
2014 ,"'Group L Social Studies' ","'Unknown' ",1200
2014 ,"'Group M Law' ","'Asian' ",15040
2014 ,"'Group M Law' ","'Black' ",9185
2014 ,"'Group M Law' ","'Mixed' ",3795
2014 ,"'Group M Law' ","'White' ",56635
2014 ,"'Group M Law' ","'Other' ",1780
2014 ,"'Group M Law' ","'Unknown' ",635
2014 ,"'Group N Business and Admin studies' ","'Asian' ",39290
2014 ,"'Group N Business and Admin studies' ","'Black' ",24015
2014 ,"'Group N Business and Admin studies' ","'Mixed' ",8950
2014 ,"'Group N Business and Admin studies' ","'White' ",152765
2014 ,"'Group N Business and Admin studies' ","'Other' ",5320
2014 ,"'Group N Business and Admin studies' ","'Unknown' ",1240
2014 ,"'Group P Mass Communication and Documentation' ","'Asian' ",2660
2014 ,"'Group P Mass Communication and Documentation' ","'Black' ",3815
2014 ,"'Group P Mass Communication and Documentation' ","'Mixed' ",2580
2014 ,"'Group P Mass Communication and Documentation' ","'White' ",41780
2014 ,"'Group P Mass Communication and Documentation' ","'Other' ",690
2014 ,"'Group P Mass Communication and Documentation' ","'Unknown' ",215
2014 ,"'Group Q Linguistics, Classics and related' ","'Asian' ",3825
2014 ,"'Group Q Linguistics, Classics and related' ","'Black' ",1735
2014 ,"'Group Q Linguistics, Classics and related' ","'Mixed' ",2785
2014 ,"'Group Q Linguistics, Classics and related' ","'White' ",50420
2014 ,"'Group Q Linguistics, Classics and related' ","'Other' ",475
2014 ,"'Group Q Linguistics, Classics and related' ","'Unknown' ",425
2014 ,"'Group R European Languages, Literature and related' ","'Asian' ",540
2014 ,"'Group R European Languages, Literature and related' ","'Black' ",370
2014 ,"'Group R European Languages, Literature and related' ","'Mixed' ",750
2014 ,"'Group R European Languages, Literature and related' ","'White' ",15450
2014 ,"'Group R European Languages, Literature and related' ","'Other' ",210
2014 ,"'Group R European Languages, Literature and related' ","'Unknown' ",125
2014 ,"'Group T Non-European Languages, Literature and related' ","'Asian' ",295
2014 ,"'Group T Non-European Languages, Literature and related' ","'Black' ",190
2014 ,"'Group T Non-European Languages, Literature and related' ","'Mixed' ",390
2014 ,"'Group T Non-European Languages, Literature and related' ","'White' ",3820
2014 ,"'Group T Non-European Languages, Literature and related' ","'Other' ",65
2014 ,"'Group T Non-European Languages, Literature and related' ","'Unknown' ",80
2014 ,"'Group V History and Philosophical studies' ","'Asian' ",3410
2014 ,"'Group V History and Philosophical studies' ","'Black' ",1640
2014 ,"'Group V History and Philosophical studies' ","'Mixed' ",2795
2014 ,"'Group V History and Philosophical studies' ","'White' ",66440
2014 ,"'Group V History and Philosophical studies' ","'Other' ",545
2014 ,"'Group V History and Philosophical studies' ","'Unknown' ",455
2014 ,"'Group W Creative Arts and Design' ","'Asian' ",10660
2014 ,"'Group W Creative Arts and Design' ","'Black' ",11800
2014 ,"'Group W Creative Arts and Design' ","'Mixed' ",11870
2014 ,"'Group W Creative Arts and Design' ","'White' ",198525
2014 ,"'Group W Creative Arts and Design' ","'Other' ",2685
2014 ,"'Group W Creative Arts and Design' ","'Unknown' ",1230
2014 ,"'Group X Education' ","'Asian' ",7475
2014 ,"'Group X Education' ","'Black' ",3315
2014 ,"'Group X Education' ","'Mixed' ",1975
2014 ,"'Group X Education' ","'White' ",67435
2014 ,"'Group X Education' ","'Other' ",920
2014 ,"'Group X Education' ","'Unknown' ",255
2014 ,"'Y Combined arts' ","'Asian' ",2360
2014 ,"'Y Combined arts' ","'Black' ",1900
2014 ,"'Y Combined arts' ","'Mixed' ",2445
2014 ,"'Y Combined arts' ","'White' ",40900
2014 ,"'Y Combined arts' ","'Other' ",475
2014 ,"'Y Combined arts' ","'Unknown' ",345
2014 ,"'Y Combined sciences' ","'Asian' ",3935
2014 ,"'Y Combined sciences' ","'Black' ",2205
2014 ,"'Y Combined sciences' ","'Mixed' ",1340
2014 ,"'Y Combined sciences' ","'White' ",24135
2014 ,"'Y Combined sciences' ","'Other' ",575
2014 ,"'Y Combined sciences' ","'Unknown' ",230
2014 ,"'Y Combined social sciences' ","'Asian' ",3710
2014 ,"'Y Combined social sciences' ","'Black' ",2125
2014 ,"'Y Combined social sciences' ","'Mixed' ",945
2014 ,"'Y Combined social sciences' ","'White' ",14085
2014 ,"'Y Combined social sciences' ","'Other' ",310
2014 ,"'Y Combined social sciences' ","'Unknown' ",145
2014 ,"'Y Sciences combined with Social Sciences or Arts' ","'Asian' ",5275
2014 ,"'Y Sciences combined with Social Sciences or Arts' ","'Black' ",3755
2014 ,"'Y Sciences combined with Social Sciences or Arts' ","'Mixed' ",2315
2014 ,"'Y Sciences combined with Social Sciences or Arts' ","'White' ",51920
2014 ,"'Y Sciences combined with Social Sciences or Arts' ","'Other' ",620
2014 ,"'Y Sciences combined with Social Sciences or Arts' ","'Unknown' ",285
2014 ,"'Y Social Sciences combined with Arts' ","'Asian' ",2750
2014 ,"'Y Social Sciences combined with Arts' ","'Black' ",2360
2014 ,"'Y Social Sciences combined with Arts' ","'Mixed' ",1955
2014 ,"'Y Social Sciences combined with Arts' ","'White' ",32030
2014 ,"'Y Social Sciences combined with Arts' ","'Other' ",600
2014 ,"'Y Social Sciences combined with Arts' ","'Unknown' ",315
2014 ,"'Z General, other combined and unknown' ","'Asian' ",2770
2014 ,"'Z General, other combined and unknown' ","'Black' ",1185
2014 ,"'Z General, other combined and unknown' ","'Mixed' ",1070
2014 ,"'Z General, other combined and unknown' ","'White' ",16610
2014 ,"'Z General, other combined and unknown' ","'Other' ",340
2014 ,"'Z General, other combined and unknown' ","'Unknown' ",225
2015 ,"'Group A Medicine and Dentistry' ","'Asian' ",19625
2015 ,"'Group A Medicine and Dentistry' ","'Black' ",5010
2015 ,"'Group A Medicine and Dentistry' ","'Mixed' ",3220
2015 ,"'Group A Medicine and Dentistry' ","'White' ",35175
2015 ,"'Group A Medicine and Dentistry' ","'Other' ",2300
2015 ,"'Group A Medicine and Dentistry' ","'Unknown' ",1245
2015 ,"'Group B Subjects allied to Medicine' ","'Asian' ",51010
2015 ,"'Group B Subjects allied to Medicine' ","'Black' ",62980
2015 ,"'Group B Subjects allied to Medicine' ","'Mixed' ",11360
2015 ,"'Group B Subjects allied to Medicine' ","'White' ",226115
2015 ,"'Group B Subjects allied to Medicine' ","'Other' ",6655
2015 ,"'Group B Subjects allied to Medicine' ","'Unknown' ",2880
2015 ,"'Group C Biological Sciences' ","'Asian' ",21700
2015 ,"'Group C Biological Sciences' ","'Black' ",15160
2015 ,"'Group C Biological Sciences' ","'Mixed' ",11045
2015 ,"'Group C Biological Sciences' ","'White' ",184465
2015 ,"'Group C Biological Sciences' ","'Other' ",3365
2015 ,"'Group C Biological Sciences' ","'Unknown' ",1460
2015 ,"'Group D Veterinary Sciences, Agriculture and related' ","'Asian' ",575
2015 ,"'Group D Veterinary Sciences, Agriculture and related' ","'Black' ",345
2015 ,"'Group D Veterinary Sciences, Agriculture and related' ","'Mixed' ",735
2015 ,"'Group D Veterinary Sciences, Agriculture and related' ","'White' ",25880
2015 ,"'Group D Veterinary Sciences, Agriculture and related' ","'Other' ",95
2015 ,"'Group D Veterinary Sciences, Agriculture and related' ","'Unknown' ",130
2015 ,"'Group F Physical Sciences' ","'Asian' ",8125
2015 ,"'Group F Physical Sciences' ","'Black' ",2820
2015 ,"'Group F Physical Sciences' ","'Mixed' ",3770
2015 ,"'Group F Physical Sciences' ","'White' ",80885
2015 ,"'Group F Physical Sciences' ","'Other' ",965
2015 ,"'Group F Physical Sciences' ","'Unknown' ",830
2015 ,"'Group G Mathematical Sciences' ","'Asian' ",5950
2015 ,"'Group G Mathematical Sciences' ","'Black' ",1170
2015 ,"'Group G Mathematical Sciences' ","'Mixed' ",1430
2015 ,"'Group G Mathematical Sciences' ","'White' ",27960
2015 ,"'Group G Mathematical Sciences' ","'Other' ",445
2015 ,"'Group G Mathematical Sciences' ","'Unknown' ",365
2015 ,"'Group H Engineering' ","'Asian' ",21165
2015 ,"'Group H Engineering' ","'Black' ",10955
2015 ,"'Group H Engineering' ","'Mixed' ",4715
2015 ,"'Group H Engineering' ","'White' ",77200
2015 ,"'Group H Engineering' ","'Other' ",3630
2015 ,"'Group H Engineering' ","'Unknown' ",1150
2015 ,"'Group I Computer Sciences' ","'Asian' ",18380
2015 ,"'Group I Computer Sciences' ","'Black' ",8555
2015 ,"'Group I Computer Sciences' ","'Mixed' ",3905
2015 ,"'Group I Computer Sciences' ","'White' ",69100
2015 ,"'Group I Computer Sciences' ","'Other' ",2230
2015 ,"'Group I Computer Sciences' ","'Unknown' ",1015
2015 ,"'Group J Technologies' ","'Asian' ",400
2015 ,"'Group J Technologies' ","'Black' ",450
2015 ,"'Group J Technologies' ","'Mixed' ",360
2015 ,"'Group J Technologies' ","'White' ",6270
2015 ,"'Group J Technologies' ","'Other' ",75
2015 ,"'Group J Technologies' ","'Unknown' ",85
2015 ,"'Group K Architecture, Building and Planning' ","'Asian' ",3770
2015 ,"'Group K Architecture, Building and Planning' ","'Black' ",2365
2015 ,"'Group K Architecture, Building and Planning' ","'Mixed' ",1295
2015 ,"'Group K Architecture, Building and Planning' ","'White' ",20680
2015 ,"'Group K Architecture, Building and Planning' ","'Other' ",915
2015 ,"'Group K Architecture, Building and Planning' ","'Unknown' ",285
2015 ,"'Group L Social Studies' ","'Asian' ",21785
2015 ,"'Group L Social Studies' ","'Black' ",23230
2015 ,"'Group L Social Studies' ","'Mixed' ",8965
2015 ,"'Group L Social Studies' ","'White' ",137820
2015 ,"'Group L Social Studies' ","'Other' ",2885
2015 ,"'Group L Social Studies' ","'Unknown' ",1585
2015 ,"'Group M Law' ","'Asian' ",15400
2015 ,"'Group M Law' ","'Black' ",9255
2015 ,"'Group M Law' ","'Mixed' ",4430
2015 ,"'Group M Law' ","'White' ",58600
2015 ,"'Group M Law' ","'Other' ",2015
2015 ,"'Group M Law' ","'Unknown' ",900
2015 ,"'Group N Business and Admin studies' ","'Asian' ",41335
2015 ,"'Group N Business and Admin studies' ","'Black' ",24880
2015 ,"'Group N Business and Admin studies' ","'Mixed' ",9835
2015 ,"'Group N Business and Admin studies' ","'White' ",157385
2015 ,"'Group N Business and Admin studies' ","'Other' ",5170
2015 ,"'Group N Business and Admin studies' ","'Unknown' ",1550
2015 ,"'Group P Mass Communication and Documentation' ","'Asian' ",2670
2015 ,"'Group P Mass Communication and Documentation' ","'Black' ",4025
2015 ,"'Group P Mass Communication and Documentation' ","'Mixed' ",2700
2015 ,"'Group P Mass Communication and Documentation' ","'White' ",43195
2015 ,"'Group P Mass Communication and Documentation' ","'Other' ",740
2015 ,"'Group P Mass Communication and Documentation' ","'Unknown' ",305
2015 ,"'Group Q Linguistics, Classics and related' ","'Asian' ",4020
2015 ,"'Group Q Linguistics, Classics and related' ","'Black' ",1585
2015 ,"'Group Q Linguistics, Classics and related' ","'Mixed' ",3040
2015 ,"'Group Q Linguistics, Classics and related' ","'White' ",49340
2015 ,"'Group Q Linguistics, Classics and related' ","'Other' ",575
2015 ,"'Group Q Linguistics, Classics and related' ","'Unknown' ",575
2015 ,"'Group R European Languages, Literature and related' ","'Asian' ",510
2015 ,"'Group R European Languages, Literature and related' ","'Black' ",415
2015 ,"'Group R European Languages, Literature and related' ","'Mixed' ",905
2015 ,"'Group R European Languages, Literature and related' ","'White' ",15140
2015 ,"'Group R European Languages, Literature and related' ","'Other' ",225
2015 ,"'Group R European Languages, Literature and related' ","'Unknown' ",160
2015 ,"'Group T Non-European Languages, Literature and related' ","'Asian' ",350
2015 ,"'Group T Non-European Languages, Literature and related' ","'Black' ",190
2015 ,"'Group T Non-European Languages, Literature and related' ","'Mixed' ",420
2015 ,"'Group T Non-European Languages, Literature and related' ","'White' ",4285
2015 ,"'Group T Non-European Languages, Literature and related' ","'Other' ",55
2015 ,"'Group T Non-European Languages, Literature and related' ","'Unknown' ",70
2015 ,"'Group V History and Philosophical studies' ","'Asian' ",3600
2015 ,"'Group V History and Philosophical studies' ","'Black' ",1660
2015 ,"'Group V History and Philosophical studies' ","'Mixed' ",3020
2015 ,"'Group V History and Philosophical studies' ","'White' ",66965
2015 ,"'Group V History and Philosophical studies' ","'Other' ",595
2015 ,"'Group V History and Philosophical studies' ","'Unknown' ",660
2015 ,"'Group W Creative Arts and Design' ","'Asian' ",10680
2015 ,"'Group W Creative Arts and Design' ","'Black' ",11925
2015 ,"'Group W Creative Arts and Design' ","'Mixed' ",12185
2015 ,"'Group W Creative Arts and Design' ","'White' ",200240
2015 ,"'Group W Creative Arts and Design' ","'Other' ",2640
2015 ,"'Group W Creative Arts and Design' ","'Unknown' ",1740
2015 ,"'Group X Education' ","'Asian' ",7730
2015 ,"'Group X Education' ","'Black' ",3175
2015 ,"'Group X Education' ","'Mixed' ",2015
2015 ,"'Group X Education' ","'White' ",75995
2015 ,"'Group X Education' ","'Other' ",895
2015 ,"'Group X Education' ","'Unknown' ",360
2015 ,"'Y Combined arts' ","'Asian' ",2335
2015 ,"'Y Combined arts' ","'Black' ",1745
2015 ,"'Y Combined arts' ","'Mixed' ",2340
2015 ,"'Y Combined arts' ","'White' ",38070
2015 ,"'Y Combined arts' ","'Other' ",440
2015 ,"'Y Combined arts' ","'Unknown' ",375
2015 ,"'Y Combined sciences' ","'Asian' ",3360
2015 ,"'Y Combined sciences' ","'Black' ",1885
2015 ,"'Y Combined sciences' ","'Mixed' ",1210
2015 ,"'Y Combined sciences' ","'White' ",21700
2015 ,"'Y Combined sciences' ","'Other' ",475
2015 ,"'Y Combined sciences' ","'Unknown' ",235
2015 ,"'Y Combined social sciences' ","'Asian' ",3565
2015 ,"'Y Combined social sciences' ","'Black' ",2090
2015 ,"'Y Combined social sciences' ","'Mixed' ",905
2015 ,"'Y Combined social sciences' ","'White' ",14195
2015 ,"'Y Combined social sciences' ","'Other' ",420
2015 ,"'Y Combined social sciences' ","'Unknown' ",130
2015 ,"'Y Sciences combined with Social Sciences or Arts' ","'Asian' ",4860
2015 ,"'Y Sciences combined with Social Sciences or Arts' ","'Black' ",3445
2015 ,"'Y Sciences combined with Social Sciences or Arts' ","'Mixed' ",2230
2015 ,"'Y Sciences combined with Social Sciences or Arts' ","'White' ",43345
2015 ,"'Y Sciences combined with Social Sciences or Arts' ","'Other' ",610
2015 ,"'Y Sciences combined with Social Sciences or Arts' ","'Unknown' ",335
2015 ,"'Y Social Sciences combined with Arts' ","'Asian' ",2650
2015 ,"'Y Social Sciences combined with Arts' ","'Black' ",2505
2015 ,"'Y Social Sciences combined with Arts' ","'Mixed' ",2085
2015 ,"'Y Social Sciences combined with Arts' ","'White' ",31425
2015 ,"'Y Social Sciences combined with Arts' ","'Other' ",600
2015 ,"'Y Social Sciences combined with Arts' ","'Unknown' ",365
2015 ,"'Z General, other combined and unknown' ","'Asian' ",2515
2015 ,"'Z General, other combined and unknown' ","'Black' ",1145
2015 ,"'Z General, other combined and unknown' ","'Mixed' ",1215
2015 ,"'Z General, other combined and unknown' ","'White' ",17240
2015 ,"'Z General, other combined and unknown' ","'Other' ",335
2015 ,"'Z General, other combined and unknown' ","'Unknown' ",365
2016 ,"'Group A Medicine and Dentistry' ","'Asian' ",19490
2016 ,"'Group A Medicine and Dentistry' ","'Black' ",5080
2016 ,"'Group A Medicine and Dentistry' ","'Mixed' ",3215
2016 ,"'Group A Medicine and Dentistry' ","'White' ",32840
2016 ,"'Group A Medicine and Dentistry' ","'Other' ",2455
2016 ,"'Group A Medicine and Dentistry' ","'Unknown' ",1305
2016 ,"'Group B Subjects allied to Medicine' ","'Asian' ",52835
2016 ,"'Group B Subjects allied to Medicine' ","'Black' ",67380
2016 ,"'Group B Subjects allied to Medicine' ","'Mixed' ",11925
2016 ,"'Group B Subjects allied to Medicine' ","'White' ",224715
2016 ,"'Group B Subjects allied to Medicine' ","'Other' ",6670
2016 ,"'Group B Subjects allied to Medicine' ","'Unknown' ",3165
2016 ,"'Group C Biological Sciences' ","'Asian' ",23370
2016 ,"'Group C Biological Sciences' ","'Black' ",16005
2016 ,"'Group C Biological Sciences' ","'Mixed' ",11865
2016 ,"'Group C Biological Sciences' ","'White' ",185870
2016 ,"'Group C Biological Sciences' ","'Other' ",3630
2016 ,"'Group C Biological Sciences' ","'Unknown' ",1580
2016 ,"'Group D Veterinary Sciences, Agriculture and related' ","'Asian' ",460
2016 ,"'Group D Veterinary Sciences, Agriculture and related' ","'Black' ",345
2016 ,"'Group D Veterinary Sciences, Agriculture and related' ","'Mixed' ",665
2016 ,"'Group D Veterinary Sciences, Agriculture and related' ","'White' ",24885
2016 ,"'Group D Veterinary Sciences, Agriculture and related' ","'Other' ",125
2016 ,"'Group D Veterinary Sciences, Agriculture and related' ","'Unknown' ",145
2016 ,"'Group F Physical Sciences' ","'Asian' ",8115
2016 ,"'Group F Physical Sciences' ","'Black' ",2660
2016 ,"'Group F Physical Sciences' ","'Mixed' ",3720
2016 ,"'Group F Physical Sciences' ","'White' ",75850
2016 ,"'Group F Physical Sciences' ","'Other' ",990
2016 ,"'Group F Physical Sciences' ","'Unknown' ",855
2016 ,"'Group G Mathematical Sciences' ","'Asian' ",6175
2016 ,"'Group G Mathematical Sciences' ","'Black' ",1250
2016 ,"'Group G Mathematical Sciences' ","'Mixed' ",1515
2016 ,"'Group G Mathematical Sciences' ","'White' ",28475
2016 ,"'Group G Mathematical Sciences' ","'Other' ",510
2016 ,"'Group G Mathematical Sciences' ","'Unknown' ",375
2016 ,"'Group H Engineering' ","'Asian' ",21590
2016 ,"'Group H Engineering' ","'Black' ",10775
2016 ,"'Group H Engineering' ","'Mixed' ",5080
2016 ,"'Group H Engineering' ","'White' ",76665
2016 ,"'Group H Engineering' ","'Other' ",3855
2016 ,"'Group H Engineering' ","'Unknown' ",1440
2016 ,"'Group I Computer Sciences' ","'Asian' ",19320
2016 ,"'Group I Computer Sciences' ","'Black' ",7955
2016 ,"'Group I Computer Sciences' ","'Mixed' ",4070
2016 ,"'Group I Computer Sciences' ","'White' ",70580
2016 ,"'Group I Computer Sciences' ","'Other' ",2320
2016 ,"'Group I Computer Sciences' ","'Unknown' ",1075
2016 ,"'Group J Technologies' ","'Asian' ",410
2016 ,"'Group J Technologies' ","'Black' ",355
2016 ,"'Group J Technologies' ","'Mixed' ",295
2016 ,"'Group J Technologies' ","'White' ",5475
2016 ,"'Group J Technologies' ","'Other' ",75
2016 ,"'Group J Technologies' ","'Unknown' ",55
2016 ,"'Group K Architecture, Building and Planning' ","'Asian' ",4015
2016 ,"'Group K Architecture, Building and Planning' ","'Black' ",2615
2016 ,"'Group K Architecture, Building and Planning' ","'Mixed' ",1445
2016 ,"'Group K Architecture, Building and Planning' ","'White' ",21970
2016 ,"'Group K Architecture, Building and Planning' ","'Other' ",960
2016 ,"'Group K Architecture, Building and Planning' ","'Unknown' ",320
2016 ,"'Group L Social Studies' ","'Asian' ",22600
2016 ,"'Group L Social Studies' ","'Black' ",23510
2016 ,"'Group L Social Studies' ","'Mixed' ",9485
2016 ,"'Group L Social Studies' ","'White' ",141355
2016 ,"'Group L Social Studies' ","'Other' ",3050
2016 ,"'Group L Social Studies' ","'Unknown' ",1830
2016 ,"'Group M Law' ","'Asian' ",16965
2016 ,"'Group M Law' ","'Black' ",9760
2016 ,"'Group M Law' ","'Mixed' ",4810
2016 ,"'Group M Law' ","'White' ",62030
2016 ,"'Group M Law' ","'Other' ",2275
2016 ,"'Group M Law' ","'Unknown' ",940
2016 ,"'Group N Business and Admin studies' ","'Asian' ",41885
2016 ,"'Group N Business and Admin studies' ","'Black' ",24765
2016 ,"'Group N Business and Admin studies' ","'Mixed' ",10380
2016 ,"'Group N Business and Admin studies' ","'White' ",161760
2016 ,"'Group N Business and Admin studies' ","'Other' ",5430
2016 ,"'Group N Business and Admin studies' ","'Unknown' ",1775
2016 ,"'Group P Mass Communication and Documentation' ","'Asian' ",2610
2016 ,"'Group P Mass Communication and Documentation' ","'Black' ",3505
2016 ,"'Group P Mass Communication and Documentation' ","'Mixed' ",2595
2016 ,"'Group P Mass Communication and Documentation' ","'White' ",44270
2016 ,"'Group P Mass Communication and Documentation' ","'Other' ",770
2016 ,"'Group P Mass Communication and Documentation' ","'Unknown' ",335
2016 ,"'Group Q Linguistics, Classics and related' ","'Asian' ",4120
2016 ,"'Group Q Linguistics, Classics and related' ","'Black' ",1535
2016 ,"'Group Q Linguistics, Classics and related' ","'Mixed' ",2750
2016 ,"'Group Q Linguistics, Classics and related' ","'White' ",47605
2016 ,"'Group Q Linguistics, Classics and related' ","'Other' ",610
2016 ,"'Group Q Linguistics, Classics and related' ","'Unknown' ",410
2016 ,"'Group R European Languages, Literature and related' ","'Asian' ",545
2016 ,"'Group R European Languages, Literature and related' ","'Black' ",350
2016 ,"'Group R European Languages, Literature and related' ","'Mixed' ",730
2016 ,"'Group R European Languages, Literature and related' ","'White' ",14215
2016 ,"'Group R European Languages, Literature and related' ","'Other' ",190
2016 ,"'Group R European Languages, Literature and related' ","'Unknown' ",190
2016 ,"'Group T Non-European Languages, Literature and related' ","'Asian' ",275
2016 ,"'Group T Non-European Languages, Literature and related' ","'Black' ",210
2016 ,"'Group T Non-European Languages, Literature and related' ","'Mixed' ",405
2016 ,"'Group T Non-European Languages, Literature and related' ","'White' ",3815
2016 ,"'Group T Non-European Languages, Literature and related' ","'Other' ",105
2016 ,"'Group T Non-European Languages, Literature and related' ","'Unknown' ",75
2016 ,"'Group V History and Philosophical studies' ","'Asian' ",3605
2016 ,"'Group V History and Philosophical studies' ","'Black' ",1725
2016 ,"'Group V History and Philosophical studies' ","'Mixed' ",3080
2016 ,"'Group V History and Philosophical studies' ","'White' ",65435
2016 ,"'Group V History and Philosophical studies' ","'Other' ",645
2016 ,"'Group V History and Philosophical studies' ","'Unknown' ",680
2016 ,"'Group W Creative Arts and Design' ","'Asian' ",10580
2016 ,"'Group W Creative Arts and Design' ","'Black' ",11120
2016 ,"'Group W Creative Arts and Design' ","'Mixed' ",12930
2016 ,"'Group W Creative Arts and Design' ","'White' ",194890
2016 ,"'Group W Creative Arts and Design' ","'Other' ",2800
2016 ,"'Group W Creative Arts and Design' ","'Unknown' ",1620
2016 ,"'Group X Education' ","'Asian' ",7665
2016 ,"'Group X Education' ","'Black' ",3160
2016 ,"'Group X Education' ","'Mixed' ",2110
2016 ,"'Group X Education' ","'White' ",74535
2016 ,"'Group X Education' ","'Other' ",960
2016 ,"'Group X Education' ","'Unknown' ",440
2016 ,"'Y Combined arts' ","'Asian' ",2025
2016 ,"'Y Combined arts' ","'Black' ",1575
2016 ,"'Y Combined arts' ","'Mixed' ",2205
2016 ,"'Y Combined arts' ","'White' ",36415
2016 ,"'Y Combined arts' ","'Other' ",435
2016 ,"'Y Combined arts' ","'Unknown' ",375
2016 ,"'Y Combined sciences' ","'Asian' ",3190
2016 ,"'Y Combined sciences' ","'Black' ",1680
2016 ,"'Y Combined sciences' ","'Mixed' ",1130
2016 ,"'Y Combined sciences' ","'White' ",18655
2016 ,"'Y Combined sciences' ","'Other' ",490
2016 ,"'Y Combined sciences' ","'Unknown' ",225
2016 ,"'Y Combined social sciences' ","'Asian' ",4025
2016 ,"'Y Combined social sciences' ","'Black' ",2160
2016 ,"'Y Combined social sciences' ","'Mixed' ",1045
2016 ,"'Y Combined social sciences' ","'White' ",14770
2016 ,"'Y Combined social sciences' ","'Other' ",465
2016 ,"'Y Combined social sciences' ","'Unknown' ",210
2016 ,"'Y Sciences combined with Social Sciences or Arts' ","'Asian' ",4560
2016 ,"'Y Sciences combined with Social Sciences or Arts' ","'Black' ",3275
2016 ,"'Y Sciences combined with Social Sciences or Arts' ","'Mixed' ",2100
2016 ,"'Y Sciences combined with Social Sciences or Arts' ","'White' ",37450
2016 ,"'Y Sciences combined with Social Sciences or Arts' ","'Other' ",600
2016 ,"'Y Sciences combined with Social Sciences or Arts' ","'Unknown' ",330
2016 ,"'Y Social Sciences combined with Arts' ","'Asian' ",2450
2016 ,"'Y Social Sciences combined with Arts' ","'Black' ",2160
2016 ,"'Y Social Sciences combined with Arts' ","'Mixed' ",2055
2016 ,"'Y Social Sciences combined with Arts' ","'White' ",30660
2016 ,"'Y Social Sciences combined with Arts' ","'Other' ",530
2016 ,"'Y Social Sciences combined with Arts' ","'Unknown' ",410
2016 ,"'Z General, other combined and unknown' ","'Asian' ",2530
2016 ,"'Z General, other combined and unknown' ","'Black' ",1165
2016 ,"'Z General, other combined and unknown' ","'Mixed' ",1270
2016 ,"'Z General, other combined and unknown' ","'White' ",16795
2016 ,"'Z General, other combined and unknown' ","'Other' ",355
2016 ,"'Z General, other combined and unknown' ","'Unknown' ",325
