"Statistic:   Number of Acceptances"
"Variables:   Provider Country 2016 , Applicant Domicile (High Level) , Acceptance Route , Cycle Year"
"Coverage:   UK domiciled"
"For a list of key definitions and descriptions please refer to the PDF file provided - EOC_data_resource_2016-DR3_006_07.pdf"
 
Cycle Year,Provider Country 2016 , Applicant Domicile (High Level) , Acceptance Route,Number of Acceptances,
2006 ,"'England' ","'England' ","'Firm choice' ",204910
2006 ,"'England' ","'England' ","'Insurance choice' ",14740
2006 ,"'England' ","'England' ","'Other main scheme choice' ",9680
2006 ,"'England' ","'England' ","'Extra' ",2450
2006 ,"'England' ","'England' ","'Main scheme Clearing' ",21180
2006 ,"'England' ","'England' ","'Direct Clearing' ",6905
2006 ,"'England' ","'England' ","'RPA' ",16265
2006 ,"'England' ","'Northern Ireland' ","'Firm choice' ",2280
2006 ,"'England' ","'Northern Ireland' ","'Insurance choice' ",280
2006 ,"'England' ","'Northern Ireland' ","'Other main scheme choice' ",75
2006 ,"'England' ","'Northern Ireland' ","'Extra' ",40
2006 ,"'England' ","'Northern Ireland' ","'Main scheme Clearing' ",240
2006 ,"'England' ","'Northern Ireland' ","'Direct Clearing' ",40
2006 ,"'England' ","'Northern Ireland' ","'RPA' ",45
2006 ,"'England' ","'Scotland' ","'Firm choice' ",1375
2006 ,"'England' ","'Scotland' ","'Insurance choice' ",65
2006 ,"'England' ","'Scotland' ","'Other main scheme choice' ",75
2006 ,"'England' ","'Scotland' ","'Extra' ",20
2006 ,"'England' ","'Scotland' ","'Main scheme Clearing' ",100
2006 ,"'England' ","'Scotland' ","'Direct Clearing' ",40
2006 ,"'England' ","'Scotland' ","'RPA' ",65
2006 ,"'England' ","'Wales' ","'Firm choice' ",4430
2006 ,"'England' ","'Wales' ","'Insurance choice' ",280
2006 ,"'England' ","'Wales' ","'Other main scheme choice' ",110
2006 ,"'England' ","'Wales' ","'Extra' ",65
2006 ,"'England' ","'Wales' ","'Main scheme Clearing' ",340
2006 ,"'England' ","'Wales' ","'Direct Clearing' ",85
2006 ,"'England' ","'Wales' ","'RPA' ",125
2006 ,"'Northern Ireland' ","'England' ","'Firm choice' ",70
2006 ,"'Northern Ireland' ","'England' ","'Insurance choice' ",10
2006 ,"'Northern Ireland' ","'England' ","'Main scheme Clearing' ",10
2006 ,"'Northern Ireland' ","'Northern Ireland' ","'Firm choice' ",6120
2006 ,"'Northern Ireland' ","'Northern Ireland' ","'Insurance choice' ",995
2006 ,"'Northern Ireland' ","'Northern Ireland' ","'Other main scheme choice' ",110
2006 ,"'Northern Ireland' ","'Northern Ireland' ","'Extra' ",45
2006 ,"'Northern Ireland' ","'Northern Ireland' ","'Main scheme Clearing' ",625
2006 ,"'Northern Ireland' ","'Northern Ireland' ","'Direct Clearing' ",100
2006 ,"'Northern Ireland' ","'Northern Ireland' ","'RPA' ",55
2006 ,"'Northern Ireland' ","'Scotland' ","'Firm choice' ",10
2006 ,"'Northern Ireland' ","'Wales' ","'Firm choice' ",5
2006 ,"'Scotland' ","'England' ","'Firm choice' ",2875
2006 ,"'Scotland' ","'England' ","'Insurance choice' ",330
2006 ,"'Scotland' ","'England' ","'Other main scheme choice' ",50
2006 ,"'Scotland' ","'England' ","'Extra' ",20
2006 ,"'Scotland' ","'England' ","'Main scheme Clearing' ",190
2006 ,"'Scotland' ","'England' ","'Direct Clearing' ",20
2006 ,"'Scotland' ","'England' ","'RPA' ",80
2006 ,"'Scotland' ","'Northern Ireland' ","'Firm choice' ",900
2006 ,"'Scotland' ","'Northern Ireland' ","'Insurance choice' ",160
2006 ,"'Scotland' ","'Northern Ireland' ","'Other main scheme choice' ",20
2006 ,"'Scotland' ","'Northern Ireland' ","'Extra' ",10
2006 ,"'Scotland' ","'Northern Ireland' ","'Main scheme Clearing' ",115
2006 ,"'Scotland' ","'Northern Ireland' ","'Direct Clearing' ",5
2006 ,"'Scotland' ","'Northern Ireland' ","'RPA' ",20
2006 ,"'Scotland' ","'Scotland' ","'Firm choice' ",19280
2006 ,"'Scotland' ","'Scotland' ","'Insurance choice' ",1340
2006 ,"'Scotland' ","'Scotland' ","'Other main scheme choice' ",935
2006 ,"'Scotland' ","'Scotland' ","'Extra' ",115
2006 ,"'Scotland' ","'Scotland' ","'Main scheme Clearing' ",1445
2006 ,"'Scotland' ","'Scotland' ","'Direct Clearing' ",390
2006 ,"'Scotland' ","'Scotland' ","'RPA' ",1490
2006 ,"'Scotland' ","'Wales' ","'Firm choice' ",80
2006 ,"'Scotland' ","'Wales' ","'Insurance choice' ",5
2006 ,"'Scotland' ","'Wales' ","'Extra' ",5
2006 ,"'Scotland' ","'Wales' ","'Main scheme Clearing' ",5
2006 ,"'Wales' ","'England' ","'Firm choice' ",6840
2006 ,"'Wales' ","'England' ","'Insurance choice' ",475
2006 ,"'Wales' ","'England' ","'Other main scheme choice' ",150
2006 ,"'Wales' ","'England' ","'Extra' ",50
2006 ,"'Wales' ","'England' ","'Main scheme Clearing' ",475
2006 ,"'Wales' ","'England' ","'Direct Clearing' ",120
2006 ,"'Wales' ","'England' ","'RPA' ",150
2006 ,"'Wales' ","'Northern Ireland' ","'Firm choice' ",85
2006 ,"'Wales' ","'Northern Ireland' ","'Insurance choice' ",5
2006 ,"'Wales' ","'Northern Ireland' ","'Other main scheme choice' ",5
2006 ,"'Wales' ","'Northern Ireland' ","'Main scheme Clearing' ",15
2006 ,"'Wales' ","'Scotland' ","'Firm choice' ",45
2006 ,"'Wales' ","'Scotland' ","'Other main scheme choice' ",5
2006 ,"'Wales' ","'Scotland' ","'Main scheme Clearing' ",5
2006 ,"'Wales' ","'Scotland' ","'Direct Clearing' ",5
2006 ,"'Wales' ","'Scotland' ","'RPA' ",5
2006 ,"'Wales' ","'Wales' ","'Firm choice' ",8395
2006 ,"'Wales' ","'Wales' ","'Insurance choice' ",450
2006 ,"'Wales' ","'Wales' ","'Other main scheme choice' ",445
2006 ,"'Wales' ","'Wales' ","'Extra' ",105
2006 ,"'Wales' ","'Wales' ","'Main scheme Clearing' ",760
2006 ,"'Wales' ","'Wales' ","'Direct Clearing' ",415
2006 ,"'Wales' ","'Wales' ","'RPA' ",1050
2007 ,"'England' ","'England' ","'Firm choice' ",216945
2007 ,"'England' ","'England' ","'Insurance choice' ",16410
2007 ,"'England' ","'England' ","'Other main scheme choice' ",10185
2007 ,"'England' ","'England' ","'Extra' ",2835
2007 ,"'England' ","'England' ","'Main scheme Clearing' ",22290
2007 ,"'England' ","'England' ","'Direct Clearing' ",6915
2007 ,"'England' ","'England' ","'RPA' ",17875
2007 ,"'England' ","'Northern Ireland' ","'Firm choice' ",2540
2007 ,"'England' ","'Northern Ireland' ","'Insurance choice' ",240
2007 ,"'England' ","'Northern Ireland' ","'Other main scheme choice' ",55
2007 ,"'England' ","'Northern Ireland' ","'Extra' ",65
2007 ,"'England' ","'Northern Ireland' ","'Main scheme Clearing' ",230
2007 ,"'England' ","'Northern Ireland' ","'Direct Clearing' ",35
2007 ,"'England' ","'Northern Ireland' ","'RPA' ",45
2007 ,"'England' ","'Scotland' ","'Firm choice' ",1405
2007 ,"'England' ","'Scotland' ","'Insurance choice' ",80
2007 ,"'England' ","'Scotland' ","'Other main scheme choice' ",60
2007 ,"'England' ","'Scotland' ","'Extra' ",20
2007 ,"'England' ","'Scotland' ","'Main scheme Clearing' ",100
2007 ,"'England' ","'Scotland' ","'Direct Clearing' ",25
2007 ,"'England' ","'Scotland' ","'RPA' ",60
2007 ,"'England' ","'Wales' ","'Firm choice' ",4295
2007 ,"'England' ","'Wales' ","'Insurance choice' ",290
2007 ,"'England' ","'Wales' ","'Other main scheme choice' ",105
2007 ,"'England' ","'Wales' ","'Extra' ",45
2007 ,"'England' ","'Wales' ","'Main scheme Clearing' ",350
2007 ,"'England' ","'Wales' ","'Direct Clearing' ",90
2007 ,"'England' ","'Wales' ","'RPA' ",125
2007 ,"'Northern Ireland' ","'England' ","'Firm choice' ",95
2007 ,"'Northern Ireland' ","'England' ","'Insurance choice' ",10
2007 ,"'Northern Ireland' ","'England' ","'Other main scheme choice' ",5
2007 ,"'Northern Ireland' ","'England' ","'Extra' ",5
2007 ,"'Northern Ireland' ","'England' ","'Main scheme Clearing' ",10
2007 ,"'Northern Ireland' ","'England' ","'Direct Clearing' ",5
2007 ,"'Northern Ireland' ","'Northern Ireland' ","'Firm choice' ",6735
2007 ,"'Northern Ireland' ","'Northern Ireland' ","'Insurance choice' ",905
2007 ,"'Northern Ireland' ","'Northern Ireland' ","'Other main scheme choice' ",155
2007 ,"'Northern Ireland' ","'Northern Ireland' ","'Extra' ",60
2007 ,"'Northern Ireland' ","'Northern Ireland' ","'Main scheme Clearing' ",565
2007 ,"'Northern Ireland' ","'Northern Ireland' ","'Direct Clearing' ",160
2007 ,"'Northern Ireland' ","'Scotland' ","'Firm choice' ",20
2007 ,"'Northern Ireland' ","'Scotland' ","'Direct Clearing' ",5
2007 ,"'Northern Ireland' ","'Wales' ","'Firm choice' ",5
2007 ,"'Scotland' ","'England' ","'Firm choice' ",3120
2007 ,"'Scotland' ","'England' ","'Insurance choice' ",240
2007 ,"'Scotland' ","'England' ","'Other main scheme choice' ",45
2007 ,"'Scotland' ","'England' ","'Extra' ",30
2007 ,"'Scotland' ","'England' ","'Main scheme Clearing' ",230
2007 ,"'Scotland' ","'England' ","'Direct Clearing' ",30
2007 ,"'Scotland' ","'England' ","'RPA' ",75
2007 ,"'Scotland' ","'Northern Ireland' ","'Firm choice' ",870
2007 ,"'Scotland' ","'Northern Ireland' ","'Insurance choice' ",95
2007 ,"'Scotland' ","'Northern Ireland' ","'Other main scheme choice' ",15
2007 ,"'Scotland' ","'Northern Ireland' ","'Extra' ",15
2007 ,"'Scotland' ","'Northern Ireland' ","'Main scheme Clearing' ",95
2007 ,"'Scotland' ","'Northern Ireland' ","'Direct Clearing' ",10
2007 ,"'Scotland' ","'Northern Ireland' ","'RPA' ",10
2007 ,"'Scotland' ","'Scotland' ","'Firm choice' ",19500
2007 ,"'Scotland' ","'Scotland' ","'Insurance choice' ",1320
2007 ,"'Scotland' ","'Scotland' ","'Other main scheme choice' ",930
2007 ,"'Scotland' ","'Scotland' ","'Extra' ",120
2007 ,"'Scotland' ","'Scotland' ","'Main scheme Clearing' ",1385
2007 ,"'Scotland' ","'Scotland' ","'Direct Clearing' ",415
2007 ,"'Scotland' ","'Scotland' ","'RPA' ",1725
2007 ,"'Scotland' ","'Wales' ","'Firm choice' ",90
2007 ,"'Scotland' ","'Wales' ","'Insurance choice' ",5
2007 ,"'Scotland' ","'Wales' ","'Main scheme Clearing' ",5
2007 ,"'Scotland' ","'Wales' ","'RPA' ",5
2007 ,"'Wales' ","'England' ","'Firm choice' ",7000
2007 ,"'Wales' ","'England' ","'Insurance choice' ",495
2007 ,"'Wales' ","'England' ","'Other main scheme choice' ",145
2007 ,"'Wales' ","'England' ","'Extra' ",70
2007 ,"'Wales' ","'England' ","'Main scheme Clearing' ",480
2007 ,"'Wales' ","'England' ","'Direct Clearing' ",110
2007 ,"'Wales' ","'England' ","'RPA' ",130
2007 ,"'Wales' ","'Northern Ireland' ","'Firm choice' ",85
2007 ,"'Wales' ","'Northern Ireland' ","'Insurance choice' ",5
2007 ,"'Wales' ","'Northern Ireland' ","'Other main scheme choice' ",5
2007 ,"'Wales' ","'Northern Ireland' ","'Direct Clearing' ",5
2007 ,"'Wales' ","'Scotland' ","'Firm choice' ",30
2007 ,"'Wales' ","'Scotland' ","'Main scheme Clearing' ",5
2007 ,"'Wales' ","'Wales' ","'Firm choice' ",8850
2007 ,"'Wales' ","'Wales' ","'Insurance choice' ",510
2007 ,"'Wales' ","'Wales' ","'Other main scheme choice' ",415
2007 ,"'Wales' ","'Wales' ","'Extra' ",115
2007 ,"'Wales' ","'Wales' ","'Main scheme Clearing' ",675
2007 ,"'Wales' ","'Wales' ","'Direct Clearing' ",420
2007 ,"'Wales' ","'Wales' ","'RPA' ",960
2008 ,"'England' ","'England' ","'Firm choice' ",240720
2008 ,"'England' ","'England' ","'Insurance choice' ",19150
2008 ,"'England' ","'England' ","'Other main scheme choice' ",11410
2008 ,"'England' ","'England' ","'Extra' ",4135
2008 ,"'England' ","'England' ","'Main scheme Clearing' ",25255
2008 ,"'England' ","'England' ","'Direct Clearing' ",8115
2008 ,"'England' ","'England' ","'RPA' ",20555
2008 ,"'England' ","'Northern Ireland' ","'Firm choice' ",2585
2008 ,"'England' ","'Northern Ireland' ","'Insurance choice' ",215
2008 ,"'England' ","'Northern Ireland' ","'Other main scheme choice' ",60
2008 ,"'England' ","'Northern Ireland' ","'Extra' ",55
2008 ,"'England' ","'Northern Ireland' ","'Main scheme Clearing' ",210
2008 ,"'England' ","'Northern Ireland' ","'Direct Clearing' ",45
2008 ,"'England' ","'Northern Ireland' ","'RPA' ",50
2008 ,"'England' ","'Scotland' ","'Firm choice' ",1420
2008 ,"'England' ","'Scotland' ","'Insurance choice' ",55
2008 ,"'England' ","'Scotland' ","'Other main scheme choice' ",75
2008 ,"'England' ","'Scotland' ","'Extra' ",25
2008 ,"'England' ","'Scotland' ","'Main scheme Clearing' ",100
2008 ,"'England' ","'Scotland' ","'Direct Clearing' ",40
2008 ,"'England' ","'Scotland' ","'RPA' ",65
2008 ,"'England' ","'Wales' ","'Firm choice' ",4410
2008 ,"'England' ","'Wales' ","'Insurance choice' ",330
2008 ,"'England' ","'Wales' ","'Other main scheme choice' ",125
2008 ,"'England' ","'Wales' ","'Extra' ",80
2008 ,"'England' ","'Wales' ","'Main scheme Clearing' ",325
2008 ,"'England' ","'Wales' ","'Direct Clearing' ",95
2008 ,"'England' ","'Wales' ","'RPA' ",130
2008 ,"'Northern Ireland' ","'England' ","'Firm choice' ",195
2008 ,"'Northern Ireland' ","'England' ","'Insurance choice' ",20
2008 ,"'Northern Ireland' ","'England' ","'Other main scheme choice' ",5
2008 ,"'Northern Ireland' ","'England' ","'Extra' ",5
2008 ,"'Northern Ireland' ","'England' ","'Main scheme Clearing' ",35
2008 ,"'Northern Ireland' ","'England' ","'Direct Clearing' ",10
2008 ,"'Northern Ireland' ","'Northern Ireland' ","'Firm choice' ",7220
2008 ,"'Northern Ireland' ","'Northern Ireland' ","'Insurance choice' ",775
2008 ,"'Northern Ireland' ","'Northern Ireland' ","'Other main scheme choice' ",130
2008 ,"'Northern Ireland' ","'Northern Ireland' ","'Extra' ",75
2008 ,"'Northern Ireland' ","'Northern Ireland' ","'Main scheme Clearing' ",570
2008 ,"'Northern Ireland' ","'Northern Ireland' ","'Direct Clearing' ",215
2008 ,"'Northern Ireland' ","'Northern Ireland' ","'RPA' ",20
2008 ,"'Northern Ireland' ","'Scotland' ","'Firm choice' ",15
2008 ,"'Northern Ireland' ","'Scotland' ","'Main scheme Clearing' ",5
2008 ,"'Northern Ireland' ","'Wales' ","'Firm choice' ",5
2008 ,"'Scotland' ","'England' ","'Firm choice' ",3490
2008 ,"'Scotland' ","'England' ","'Insurance choice' ",380
2008 ,"'Scotland' ","'England' ","'Other main scheme choice' ",45
2008 ,"'Scotland' ","'England' ","'Extra' ",40
2008 ,"'Scotland' ","'England' ","'Main scheme Clearing' ",265
2008 ,"'Scotland' ","'England' ","'Direct Clearing' ",30
2008 ,"'Scotland' ","'England' ","'RPA' ",140
2008 ,"'Scotland' ","'Northern Ireland' ","'Firm choice' ",885
2008 ,"'Scotland' ","'Northern Ireland' ","'Insurance choice' ",100
2008 ,"'Scotland' ","'Northern Ireland' ","'Other main scheme choice' ",5
2008 ,"'Scotland' ","'Northern Ireland' ","'Extra' ",20
2008 ,"'Scotland' ","'Northern Ireland' ","'Main scheme Clearing' ",70
2008 ,"'Scotland' ","'Northern Ireland' ","'Direct Clearing' ",5
2008 ,"'Scotland' ","'Northern Ireland' ","'RPA' ",10
2008 ,"'Scotland' ","'Scotland' ","'Firm choice' ",19870
2008 ,"'Scotland' ","'Scotland' ","'Insurance choice' ",1450
2008 ,"'Scotland' ","'Scotland' ","'Other main scheme choice' ",955
2008 ,"'Scotland' ","'Scotland' ","'Extra' ",175
2008 ,"'Scotland' ","'Scotland' ","'Main scheme Clearing' ",1410
2008 ,"'Scotland' ","'Scotland' ","'Direct Clearing' ",440
2008 ,"'Scotland' ","'Scotland' ","'RPA' ",3225
2008 ,"'Scotland' ","'Wales' ","'Firm choice' ",95
2008 ,"'Scotland' ","'Wales' ","'Insurance choice' ",5
2008 ,"'Scotland' ","'Wales' ","'Other main scheme choice' ",5
2008 ,"'Scotland' ","'Wales' ","'Main scheme Clearing' ",5
2008 ,"'Scotland' ","'Wales' ","'RPA' ",5
2008 ,"'Wales' ","'England' ","'Firm choice' ",6715
2008 ,"'Wales' ","'England' ","'Insurance choice' ",610
2008 ,"'Wales' ","'England' ","'Other main scheme choice' ",125
2008 ,"'Wales' ","'England' ","'Extra' ",70
2008 ,"'Wales' ","'England' ","'Main scheme Clearing' ",590
2008 ,"'Wales' ","'England' ","'Direct Clearing' ",150
2008 ,"'Wales' ","'England' ","'RPA' ",185
2008 ,"'Wales' ","'Northern Ireland' ","'Firm choice' ",90
2008 ,"'Wales' ","'Northern Ireland' ","'Insurance choice' ",5
2008 ,"'Wales' ","'Northern Ireland' ","'Main scheme Clearing' ",10
2008 ,"'Wales' ","'Scotland' ","'Firm choice' ",45
2008 ,"'Wales' ","'Scotland' ","'Insurance choice' ",5
2008 ,"'Wales' ","'Scotland' ","'Other main scheme choice' ",5
2008 ,"'Wales' ","'Scotland' ","'Main scheme Clearing' ",5
2008 ,"'Wales' ","'Scotland' ","'RPA' ",5
2008 ,"'Wales' ","'Wales' ","'Firm choice' ",9450
2008 ,"'Wales' ","'Wales' ","'Insurance choice' ",505
2008 ,"'Wales' ","'Wales' ","'Other main scheme choice' ",410
2008 ,"'Wales' ","'Wales' ","'Extra' ",130
2008 ,"'Wales' ","'Wales' ","'Main scheme Clearing' ",780
2008 ,"'Wales' ","'Wales' ","'Direct Clearing' ",500
2008 ,"'Wales' ","'Wales' ","'RPA' ",1205
2009 ,"'England' ","'England' ","'Firm choice' ",250115
2009 ,"'England' ","'England' ","'Insurance choice' ",23595
2009 ,"'England' ","'England' ","'Other main scheme choice' ",15020
2009 ,"'England' ","'England' ","'Extra' ",4340
2009 ,"'England' ","'England' ","'Adjustment' ",275
2009 ,"'England' ","'England' ","'Main scheme Clearing' ",27255
2009 ,"'England' ","'England' ","'Direct Clearing' ",8145
2009 ,"'England' ","'England' ","'RPA' ",15765
2009 ,"'England' ","'Northern Ireland' ","'Firm choice' ",2480
2009 ,"'England' ","'Northern Ireland' ","'Insurance choice' ",225
2009 ,"'England' ","'Northern Ireland' ","'Other main scheme choice' ",60
2009 ,"'England' ","'Northern Ireland' ","'Extra' ",55
2009 ,"'England' ","'Northern Ireland' ","'Main scheme Clearing' ",225
2009 ,"'England' ","'Northern Ireland' ","'Direct Clearing' ",40
2009 ,"'England' ","'Northern Ireland' ","'RPA' ",35
2009 ,"'England' ","'Scotland' ","'Firm choice' ",1370
2009 ,"'England' ","'Scotland' ","'Insurance choice' ",75
2009 ,"'England' ","'Scotland' ","'Other main scheme choice' ",85
2009 ,"'England' ","'Scotland' ","'Extra' ",20
2009 ,"'England' ","'Scotland' ","'Main scheme Clearing' ",100
2009 ,"'England' ","'Scotland' ","'Direct Clearing' ",25
2009 ,"'England' ","'Scotland' ","'RPA' ",45
2009 ,"'England' ","'Wales' ","'Firm choice' ",4530
2009 ,"'England' ","'Wales' ","'Insurance choice' ",375
2009 ,"'England' ","'Wales' ","'Other main scheme choice' ",155
2009 ,"'England' ","'Wales' ","'Extra' ",75
2009 ,"'England' ","'Wales' ","'Adjustment' ",5
2009 ,"'England' ","'Wales' ","'Main scheme Clearing' ",375
2009 ,"'England' ","'Wales' ","'Direct Clearing' ",85
2009 ,"'England' ","'Wales' ","'RPA' ",85
2009 ,"'Northern Ireland' ","'England' ","'Firm choice' ",185
2009 ,"'Northern Ireland' ","'England' ","'Insurance choice' ",35
2009 ,"'Northern Ireland' ","'England' ","'Other main scheme choice' ",5
2009 ,"'Northern Ireland' ","'England' ","'Main scheme Clearing' ",40
2009 ,"'Northern Ireland' ","'England' ","'Direct Clearing' ",5
2009 ,"'Northern Ireland' ","'Northern Ireland' ","'Firm choice' ",7185
2009 ,"'Northern Ireland' ","'Northern Ireland' ","'Insurance choice' ",1105
2009 ,"'Northern Ireland' ","'Northern Ireland' ","'Other main scheme choice' ",170
2009 ,"'Northern Ireland' ","'Northern Ireland' ","'Extra' ",70
2009 ,"'Northern Ireland' ","'Northern Ireland' ","'Adjustment' ",25
2009 ,"'Northern Ireland' ","'Northern Ireland' ","'Main scheme Clearing' ",550
2009 ,"'Northern Ireland' ","'Northern Ireland' ","'Direct Clearing' ",170
2009 ,"'Northern Ireland' ","'Northern Ireland' ","'RPA' ",20
2009 ,"'Northern Ireland' ","'Scotland' ","'Firm choice' ",15
2009 ,"'Northern Ireland' ","'Wales' ","'Firm choice' ",10
2009 ,"'Scotland' ","'England' ","'Firm choice' ",3580
2009 ,"'Scotland' ","'England' ","'Insurance choice' ",505
2009 ,"'Scotland' ","'England' ","'Other main scheme choice' ",45
2009 ,"'Scotland' ","'England' ","'Extra' ",40
2009 ,"'Scotland' ","'England' ","'Main scheme Clearing' ",450
2009 ,"'Scotland' ","'England' ","'Direct Clearing' ",45
2009 ,"'Scotland' ","'England' ","'RPA' ",35
2009 ,"'Scotland' ","'Northern Ireland' ","'Firm choice' ",825
2009 ,"'Scotland' ","'Northern Ireland' ","'Insurance choice' ",130
2009 ,"'Scotland' ","'Northern Ireland' ","'Other main scheme choice' ",15
2009 ,"'Scotland' ","'Northern Ireland' ","'Extra' ",15
2009 ,"'Scotland' ","'Northern Ireland' ","'Main scheme Clearing' ",70
2009 ,"'Scotland' ","'Northern Ireland' ","'Direct Clearing' ",10
2009 ,"'Scotland' ","'Northern Ireland' ","'RPA' ",5
2009 ,"'Scotland' ","'Scotland' ","'Firm choice' ",21015
2009 ,"'Scotland' ","'Scotland' ","'Insurance choice' ",1620
2009 ,"'Scotland' ","'Scotland' ","'Other main scheme choice' ",1045
2009 ,"'Scotland' ","'Scotland' ","'Extra' ",155
2009 ,"'Scotland' ","'Scotland' ","'Adjustment' ",5
2009 ,"'Scotland' ","'Scotland' ","'Main scheme Clearing' ",1700
2009 ,"'Scotland' ","'Scotland' ","'Direct Clearing' ",630
2009 ,"'Scotland' ","'Scotland' ","'RPA' ",3075
2009 ,"'Scotland' ","'Wales' ","'Firm choice' ",100
2009 ,"'Scotland' ","'Wales' ","'Insurance choice' ",15
2009 ,"'Scotland' ","'Wales' ","'Other main scheme choice' ",5
2009 ,"'Scotland' ","'Wales' ","'Main scheme Clearing' ",10
2009 ,"'Wales' ","'England' ","'Firm choice' ",6870
2009 ,"'Wales' ","'England' ","'Insurance choice' ",895
2009 ,"'Wales' ","'England' ","'Other main scheme choice' ",190
2009 ,"'Wales' ","'England' ","'Extra' ",100
2009 ,"'Wales' ","'England' ","'Adjustment' ",15
2009 ,"'Wales' ","'England' ","'Main scheme Clearing' ",1190
2009 ,"'Wales' ","'England' ","'Direct Clearing' ",205
2009 ,"'Wales' ","'England' ","'RPA' ",180
2009 ,"'Wales' ","'Northern Ireland' ","'Firm choice' ",80
2009 ,"'Wales' ","'Northern Ireland' ","'Insurance choice' ",10
2009 ,"'Wales' ","'Northern Ireland' ","'Other main scheme choice' ",5
2009 ,"'Wales' ","'Northern Ireland' ","'Extra' ",5
2009 ,"'Wales' ","'Northern Ireland' ","'Main scheme Clearing' ",15
2009 ,"'Wales' ","'Northern Ireland' ","'Direct Clearing' ",5
2009 ,"'Wales' ","'Scotland' ","'Firm choice' ",35
2009 ,"'Wales' ","'Scotland' ","'Insurance choice' ",5
2009 ,"'Wales' ","'Scotland' ","'Main scheme Clearing' ",5
2009 ,"'Wales' ","'Scotland' ","'RPA' ",5
2009 ,"'Wales' ","'Wales' ","'Firm choice' ",10180
2009 ,"'Wales' ","'Wales' ","'Insurance choice' ",795
2009 ,"'Wales' ","'Wales' ","'Other main scheme choice' ",690
2009 ,"'Wales' ","'Wales' ","'Extra' ",130
2009 ,"'Wales' ","'Wales' ","'Adjustment' ",10
2009 ,"'Wales' ","'Wales' ","'Main scheme Clearing' ",930
2009 ,"'Wales' ","'Wales' ","'Direct Clearing' ",505
2009 ,"'Wales' ","'Wales' ","'RPA' ",1130
2010 ,"'England' ","'England' ","'Firm choice' ",259380
2010 ,"'England' ","'England' ","'Insurance choice' ",26795
2010 ,"'England' ","'England' ","'Other main scheme choice' ",8610
2010 ,"'England' ","'England' ","'Extra' ",5360
2010 ,"'England' ","'England' ","'Adjustment' ",270
2010 ,"'England' ","'England' ","'Main scheme Clearing' ",29785
2010 ,"'England' ","'England' ","'Direct Clearing' ",6310
2010 ,"'England' ","'England' ","'RPA' ",8375
2010 ,"'England' ","'Northern Ireland' ","'Firm choice' ",2610
2010 ,"'England' ","'Northern Ireland' ","'Insurance choice' ",300
2010 ,"'England' ","'Northern Ireland' ","'Other main scheme choice' ",50
2010 ,"'England' ","'Northern Ireland' ","'Extra' ",80
2010 ,"'England' ","'Northern Ireland' ","'Adjustment' ",5
2010 ,"'England' ","'Northern Ireland' ","'Main scheme Clearing' ",330
2010 ,"'England' ","'Northern Ireland' ","'Direct Clearing' ",40
2010 ,"'England' ","'Northern Ireland' ","'RPA' ",15
2010 ,"'England' ","'Scotland' ","'Firm choice' ",1425
2010 ,"'England' ","'Scotland' ","'Insurance choice' ",95
2010 ,"'England' ","'Scotland' ","'Other main scheme choice' ",45
2010 ,"'England' ","'Scotland' ","'Extra' ",45
2010 ,"'England' ","'Scotland' ","'Main scheme Clearing' ",135
2010 ,"'England' ","'Scotland' ","'Direct Clearing' ",25
2010 ,"'England' ","'Scotland' ","'RPA' ",20
2010 ,"'England' ","'Wales' ","'Firm choice' ",5190
2010 ,"'England' ","'Wales' ","'Insurance choice' ",480
2010 ,"'England' ","'Wales' ","'Other main scheme choice' ",75
2010 ,"'England' ","'Wales' ","'Extra' ",90
2010 ,"'England' ","'Wales' ","'Main scheme Clearing' ",460
2010 ,"'England' ","'Wales' ","'Direct Clearing' ",60
2010 ,"'England' ","'Wales' ","'RPA' ",35
2010 ,"'Northern Ireland' ","'England' ","'Firm choice' ",170
2010 ,"'Northern Ireland' ","'England' ","'Insurance choice' ",30
2010 ,"'Northern Ireland' ","'England' ","'Other main scheme choice' ",5
2010 ,"'Northern Ireland' ","'England' ","'Extra' ",5
2010 ,"'Northern Ireland' ","'England' ","'Main scheme Clearing' ",10
2010 ,"'Northern Ireland' ","'Northern Ireland' ","'Firm choice' ",7045
2010 ,"'Northern Ireland' ","'Northern Ireland' ","'Insurance choice' ",1160
2010 ,"'Northern Ireland' ","'Northern Ireland' ","'Other main scheme choice' ",100
2010 ,"'Northern Ireland' ","'Northern Ireland' ","'Extra' ",95
2010 ,"'Northern Ireland' ","'Northern Ireland' ","'Adjustment' ",20
2010 ,"'Northern Ireland' ","'Northern Ireland' ","'Main scheme Clearing' ",335
2010 ,"'Northern Ireland' ","'Northern Ireland' ","'Direct Clearing' ",50
2010 ,"'Northern Ireland' ","'Northern Ireland' ","'RPA' ",30
2010 ,"'Northern Ireland' ","'Scotland' ","'Firm choice' ",20
2010 ,"'Northern Ireland' ","'Scotland' ","'Insurance choice' ",5
2010 ,"'Northern Ireland' ","'Wales' ","'Firm choice' ",5
2010 ,"'Scotland' ","'England' ","'Firm choice' ",2835
2010 ,"'Scotland' ","'England' ","'Insurance choice' ",435
2010 ,"'Scotland' ","'England' ","'Other main scheme choice' ",35
2010 ,"'Scotland' ","'England' ","'Extra' ",35
2010 ,"'Scotland' ","'England' ","'Main scheme Clearing' ",100
2010 ,"'Scotland' ","'England' ","'Direct Clearing' ",10
2010 ,"'Scotland' ","'England' ","'RPA' ",45
2010 ,"'Scotland' ","'Northern Ireland' ","'Firm choice' ",875
2010 ,"'Scotland' ","'Northern Ireland' ","'Insurance choice' ",125
2010 ,"'Scotland' ","'Northern Ireland' ","'Extra' ",10
2010 ,"'Scotland' ","'Northern Ireland' ","'Main scheme Clearing' ",50
2010 ,"'Scotland' ","'Northern Ireland' ","'RPA' ",10
2010 ,"'Scotland' ","'Scotland' ","'Firm choice' ",23055
2010 ,"'Scotland' ","'Scotland' ","'Insurance choice' ",1845
2010 ,"'Scotland' ","'Scotland' ","'Other main scheme choice' ",725
2010 ,"'Scotland' ","'Scotland' ","'Extra' ",245
2010 ,"'Scotland' ","'Scotland' ","'Main scheme Clearing' ",1555
2010 ,"'Scotland' ","'Scotland' ","'Direct Clearing' ",205
2010 ,"'Scotland' ","'Scotland' ","'RPA' ",2745
2010 ,"'Scotland' ","'Wales' ","'Firm choice' ",75
2010 ,"'Scotland' ","'Wales' ","'Insurance choice' ",10
2010 ,"'Scotland' ","'Wales' ","'Other main scheme choice' ",5
2010 ,"'Scotland' ","'Wales' ","'Main scheme Clearing' ",5
2010 ,"'Wales' ","'England' ","'Firm choice' ",7685
2010 ,"'Wales' ","'England' ","'Insurance choice' ",1000
2010 ,"'Wales' ","'England' ","'Other main scheme choice' ",100
2010 ,"'Wales' ","'England' ","'Extra' ",145
2010 ,"'Wales' ","'England' ","'Adjustment' ",10
2010 ,"'Wales' ","'England' ","'Main scheme Clearing' ",1170
2010 ,"'Wales' ","'England' ","'Direct Clearing' ",120
2010 ,"'Wales' ","'England' ","'RPA' ",175
2010 ,"'Wales' ","'Northern Ireland' ","'Firm choice' ",115
2010 ,"'Wales' ","'Northern Ireland' ","'Insurance choice' ",10
2010 ,"'Wales' ","'Northern Ireland' ","'Other main scheme choice' ",5
2010 ,"'Wales' ","'Northern Ireland' ","'Extra' ",5
2010 ,"'Wales' ","'Northern Ireland' ","'Main scheme Clearing' ",35
2010 ,"'Wales' ","'Scotland' ","'Firm choice' ",40
2010 ,"'Wales' ","'Scotland' ","'Main scheme Clearing' ",10
2010 ,"'Wales' ","'Wales' ","'Firm choice' ",9080
2010 ,"'Wales' ","'Wales' ","'Insurance choice' ",665
2010 ,"'Wales' ","'Wales' ","'Other main scheme choice' ",305
2010 ,"'Wales' ","'Wales' ","'Extra' ",160
2010 ,"'Wales' ","'Wales' ","'Adjustment' ",15
2010 ,"'Wales' ","'Wales' ","'Main scheme Clearing' ",920
2010 ,"'Wales' ","'Wales' ","'Direct Clearing' ",245
2010 ,"'Wales' ","'Wales' ","'RPA' ",785
2011 ,"'England' ","'England' ","'Firm choice' ",259530
2011 ,"'England' ","'England' ","'Insurance choice' ",29400
2011 ,"'England' ","'England' ","'Other main scheme choice' ",8995
2011 ,"'England' ","'England' ","'Extra' ",7570
2011 ,"'England' ","'England' ","'Adjustment' ",440
2011 ,"'England' ","'England' ","'Main scheme Clearing' ",33365
2011 ,"'England' ","'England' ","'Direct Clearing' ",6645
2011 ,"'England' ","'England' ","'RPA' ",6305
2011 ,"'England' ","'Northern Ireland' ","'Firm choice' ",2935
2011 ,"'England' ","'Northern Ireland' ","'Insurance choice' ",360
2011 ,"'England' ","'Northern Ireland' ","'Other main scheme choice' ",50
2011 ,"'England' ","'Northern Ireland' ","'Extra' ",85
2011 ,"'England' ","'Northern Ireland' ","'Main scheme Clearing' ",390
2011 ,"'England' ","'Northern Ireland' ","'Direct Clearing' ",30
2011 ,"'England' ","'Northern Ireland' ","'RPA' ",10
2011 ,"'England' ","'Scotland' ","'Firm choice' ",1290
2011 ,"'England' ","'Scotland' ","'Insurance choice' ",70
2011 ,"'England' ","'Scotland' ","'Other main scheme choice' ",45
2011 ,"'England' ","'Scotland' ","'Extra' ",50
2011 ,"'England' ","'Scotland' ","'Main scheme Clearing' ",130
2011 ,"'England' ","'Scotland' ","'Direct Clearing' ",40
2011 ,"'England' ","'Scotland' ","'RPA' ",15
2011 ,"'England' ","'Wales' ","'Firm choice' ",5230
2011 ,"'England' ","'Wales' ","'Insurance choice' ",515
2011 ,"'England' ","'Wales' ","'Other main scheme choice' ",70
2011 ,"'England' ","'Wales' ","'Extra' ",110
2011 ,"'England' ","'Wales' ","'Adjustment' ",5
2011 ,"'England' ","'Wales' ","'Main scheme Clearing' ",435
2011 ,"'England' ","'Wales' ","'Direct Clearing' ",55
2011 ,"'England' ","'Wales' ","'RPA' ",40
2011 ,"'Northern Ireland' ","'England' ","'Firm choice' ",160
2011 ,"'Northern Ireland' ","'England' ","'Insurance choice' ",55
2011 ,"'Northern Ireland' ","'England' ","'Extra' ",5
2011 ,"'Northern Ireland' ","'England' ","'Adjustment' ",5
2011 ,"'Northern Ireland' ","'England' ","'Main scheme Clearing' ",20
2011 ,"'Northern Ireland' ","'Northern Ireland' ","'Firm choice' ",6895
2011 ,"'Northern Ireland' ","'Northern Ireland' ","'Insurance choice' ",1160
2011 ,"'Northern Ireland' ","'Northern Ireland' ","'Other main scheme choice' ",80
2011 ,"'Northern Ireland' ","'Northern Ireland' ","'Extra' ",65
2011 ,"'Northern Ireland' ","'Northern Ireland' ","'Adjustment' ",15
2011 ,"'Northern Ireland' ","'Northern Ireland' ","'Main scheme Clearing' ",360
2011 ,"'Northern Ireland' ","'Northern Ireland' ","'Direct Clearing' ",35
2011 ,"'Northern Ireland' ","'Northern Ireland' ","'RPA' ",30
2011 ,"'Northern Ireland' ","'Scotland' ","'Firm choice' ",15
2011 ,"'Northern Ireland' ","'Scotland' ","'Other main scheme choice' ",5
2011 ,"'Northern Ireland' ","'Wales' ","'Firm choice' ",5
2011 ,"'Scotland' ","'England' ","'Firm choice' ",2715
2011 ,"'Scotland' ","'England' ","'Insurance choice' ",315
2011 ,"'Scotland' ","'England' ","'Other main scheme choice' ",30
2011 ,"'Scotland' ","'England' ","'Extra' ",30
2011 ,"'Scotland' ","'England' ","'Adjustment' ",5
2011 ,"'Scotland' ","'England' ","'Main scheme Clearing' ",85
2011 ,"'Scotland' ","'England' ","'Direct Clearing' ",10
2011 ,"'Scotland' ","'England' ","'RPA' ",55
2011 ,"'Scotland' ","'Northern Ireland' ","'Firm choice' ",875
2011 ,"'Scotland' ","'Northern Ireland' ","'Insurance choice' ",120
2011 ,"'Scotland' ","'Northern Ireland' ","'Other main scheme choice' ",15
2011 ,"'Scotland' ","'Northern Ireland' ","'Extra' ",20
2011 ,"'Scotland' ","'Northern Ireland' ","'Main scheme Clearing' ",30
2011 ,"'Scotland' ","'Northern Ireland' ","'RPA' ",10
2011 ,"'Scotland' ","'Scotland' ","'Firm choice' ",22985
2011 ,"'Scotland' ","'Scotland' ","'Insurance choice' ",1735
2011 ,"'Scotland' ","'Scotland' ","'Other main scheme choice' ",660
2011 ,"'Scotland' ","'Scotland' ","'Extra' ",310
2011 ,"'Scotland' ","'Scotland' ","'Adjustment' ",5
2011 ,"'Scotland' ","'Scotland' ","'Main scheme Clearing' ",1080
2011 ,"'Scotland' ","'Scotland' ","'Direct Clearing' ",130
2011 ,"'Scotland' ","'Scotland' ","'RPA' ",2165
2011 ,"'Scotland' ","'Wales' ","'Firm choice' ",75
2011 ,"'Scotland' ","'Wales' ","'Insurance choice' ",10
2011 ,"'Scotland' ","'Wales' ","'Other main scheme choice' ",5
2011 ,"'Scotland' ","'Wales' ","'Main scheme Clearing' ",5
2011 ,"'Wales' ","'England' ","'Firm choice' ",7500
2011 ,"'Wales' ","'England' ","'Insurance choice' ",1165
2011 ,"'Wales' ","'England' ","'Other main scheme choice' ",105
2011 ,"'Wales' ","'England' ","'Extra' ",185
2011 ,"'Wales' ","'England' ","'Adjustment' ",20
2011 ,"'Wales' ","'England' ","'Main scheme Clearing' ",2125
2011 ,"'Wales' ","'England' ","'Direct Clearing' ",155
2011 ,"'Wales' ","'England' ","'RPA' ",170
2011 ,"'Wales' ","'Northern Ireland' ","'Firm choice' ",125
2011 ,"'Wales' ","'Northern Ireland' ","'Insurance choice' ",20
2011 ,"'Wales' ","'Northern Ireland' ","'Other main scheme choice' ",5
2011 ,"'Wales' ","'Northern Ireland' ","'Extra' ",10
2011 ,"'Wales' ","'Northern Ireland' ","'Main scheme Clearing' ",50
2011 ,"'Wales' ","'Northern Ireland' ","'RPA' ",5
2011 ,"'Wales' ","'Scotland' ","'Firm choice' ",45
2011 ,"'Wales' ","'Scotland' ","'Insurance choice' ",5
2011 ,"'Wales' ","'Scotland' ","'Main scheme Clearing' ",10
2011 ,"'Wales' ","'Scotland' ","'Direct Clearing' ",5
2011 ,"'Wales' ","'Wales' ","'Firm choice' ",8790
2011 ,"'Wales' ","'Wales' ","'Insurance choice' ",630
2011 ,"'Wales' ","'Wales' ","'Other main scheme choice' ",305
2011 ,"'Wales' ","'Wales' ","'Extra' ",210
2011 ,"'Wales' ","'Wales' ","'Adjustment' ",5
2011 ,"'Wales' ","'Wales' ","'Main scheme Clearing' ",1070
2011 ,"'Wales' ","'Wales' ","'Direct Clearing' ",235
2011 ,"'Wales' ","'Wales' ","'RPA' ",520
2012 ,"'England' ","'England' ","'Firm choice' ",242070
2012 ,"'England' ","'England' ","'Insurance choice' ",20240
2012 ,"'England' ","'England' ","'Other main scheme choice' ",6955
2012 ,"'England' ","'England' ","'Extra' ",6205
2012 ,"'England' ","'England' ","'Adjustment' ",1125
2012 ,"'England' ","'England' ","'Main scheme Clearing' ",33085
2012 ,"'England' ","'England' ","'Direct Clearing' ",10145
2012 ,"'England' ","'England' ","'RPA' ",9070
2012 ,"'England' ","'Northern Ireland' ","'Firm choice' ",2375
2012 ,"'England' ","'Northern Ireland' ","'Insurance choice' ",235
2012 ,"'England' ","'Northern Ireland' ","'Other main scheme choice' ",40
2012 ,"'England' ","'Northern Ireland' ","'Extra' ",80
2012 ,"'England' ","'Northern Ireland' ","'Adjustment' ",5
2012 ,"'England' ","'Northern Ireland' ","'Main scheme Clearing' ",400
2012 ,"'England' ","'Northern Ireland' ","'Direct Clearing' ",60
2012 ,"'England' ","'Northern Ireland' ","'RPA' ",20
2012 ,"'England' ","'Scotland' ","'Firm choice' ",1130
2012 ,"'England' ","'Scotland' ","'Insurance choice' ",55
2012 ,"'England' ","'Scotland' ","'Other main scheme choice' ",40
2012 ,"'England' ","'Scotland' ","'Extra' ",25
2012 ,"'England' ","'Scotland' ","'Main scheme Clearing' ",150
2012 ,"'England' ","'Scotland' ","'Direct Clearing' ",35
2012 ,"'England' ","'Scotland' ","'RPA' ",20
2012 ,"'England' ","'Wales' ","'Firm choice' ",5940
2012 ,"'England' ","'Wales' ","'Insurance choice' ",460
2012 ,"'England' ","'Wales' ","'Other main scheme choice' ",80
2012 ,"'England' ","'Wales' ","'Extra' ",125
2012 ,"'England' ","'Wales' ","'Adjustment' ",15
2012 ,"'England' ","'Wales' ","'Main scheme Clearing' ",540
2012 ,"'England' ","'Wales' ","'Direct Clearing' ",95
2012 ,"'England' ","'Wales' ","'RPA' ",55
2012 ,"'Northern Ireland' ","'England' ","'Firm choice' ",200
2012 ,"'Northern Ireland' ","'England' ","'Insurance choice' ",25
2012 ,"'Northern Ireland' ","'England' ","'Other main scheme choice' ",5
2012 ,"'Northern Ireland' ","'England' ","'Extra' ",5
2012 ,"'Northern Ireland' ","'England' ","'Main scheme Clearing' ",25
2012 ,"'Northern Ireland' ","'England' ","'RPA' ",75
2012 ,"'Northern Ireland' ","'Northern Ireland' ","'Firm choice' ",7250
2012 ,"'Northern Ireland' ","'Northern Ireland' ","'Insurance choice' ",1095
2012 ,"'Northern Ireland' ","'Northern Ireland' ","'Other main scheme choice' ",70
2012 ,"'Northern Ireland' ","'Northern Ireland' ","'Extra' ",65
2012 ,"'Northern Ireland' ","'Northern Ireland' ","'Adjustment' ",20
2012 ,"'Northern Ireland' ","'Northern Ireland' ","'Main scheme Clearing' ",445
2012 ,"'Northern Ireland' ","'Northern Ireland' ","'Direct Clearing' ",50
2012 ,"'Northern Ireland' ","'Northern Ireland' ","'RPA' ",25
2012 ,"'Northern Ireland' ","'Scotland' ","'Firm choice' ",20
2012 ,"'Northern Ireland' ","'Wales' ","'Firm choice' ",5
2012 ,"'Scotland' ","'England' ","'Firm choice' ",3225
2012 ,"'Scotland' ","'England' ","'Insurance choice' ",340
2012 ,"'Scotland' ","'England' ","'Other main scheme choice' ",40
2012 ,"'Scotland' ","'England' ","'Extra' ",45
2012 ,"'Scotland' ","'England' ","'Adjustment' ",10
2012 ,"'Scotland' ","'England' ","'Main scheme Clearing' ",295
2012 ,"'Scotland' ","'England' ","'Direct Clearing' ",20
2012 ,"'Scotland' ","'England' ","'RPA' ",25
2012 ,"'Scotland' ","'Northern Ireland' ","'Firm choice' ",680
2012 ,"'Scotland' ","'Northern Ireland' ","'Insurance choice' ",85
2012 ,"'Scotland' ","'Northern Ireland' ","'Other main scheme choice' ",5
2012 ,"'Scotland' ","'Northern Ireland' ","'Extra' ",15
2012 ,"'Scotland' ","'Northern Ireland' ","'Main scheme Clearing' ",115
2012 ,"'Scotland' ","'Northern Ireland' ","'Direct Clearing' ",5
2012 ,"'Scotland' ","'Scotland' ","'Firm choice' ",23280
2012 ,"'Scotland' ","'Scotland' ","'Insurance choice' ",1700
2012 ,"'Scotland' ","'Scotland' ","'Other main scheme choice' ",575
2012 ,"'Scotland' ","'Scotland' ","'Extra' ",240
2012 ,"'Scotland' ","'Scotland' ","'Adjustment' ",15
2012 ,"'Scotland' ","'Scotland' ","'Main scheme Clearing' ",1255
2012 ,"'Scotland' ","'Scotland' ","'Direct Clearing' ",175
2012 ,"'Scotland' ","'Scotland' ","'RPA' ",2125
2012 ,"'Scotland' ","'Wales' ","'Firm choice' ",100
2012 ,"'Scotland' ","'Wales' ","'Insurance choice' ",5
2012 ,"'Scotland' ","'Wales' ","'Extra' ",5
2012 ,"'Scotland' ","'Wales' ","'Main scheme Clearing' ",5
2012 ,"'Wales' ","'England' ","'Firm choice' ",6645
2012 ,"'Wales' ","'England' ","'Insurance choice' ",845
2012 ,"'Wales' ","'England' ","'Other main scheme choice' ",75
2012 ,"'Wales' ","'England' ","'Extra' ",115
2012 ,"'Wales' ","'England' ","'Adjustment' ",25
2012 ,"'Wales' ","'England' ","'Main scheme Clearing' ",1515
2012 ,"'Wales' ","'England' ","'Direct Clearing' ",170
2012 ,"'Wales' ","'England' ","'RPA' ",135
2012 ,"'Wales' ","'Northern Ireland' ","'Firm choice' ",100
2012 ,"'Wales' ","'Northern Ireland' ","'Insurance choice' ",10
2012 ,"'Wales' ","'Northern Ireland' ","'Extra' ",5
2012 ,"'Wales' ","'Northern Ireland' ","'Main scheme Clearing' ",25
2012 ,"'Wales' ","'Northern Ireland' ","'Direct Clearing' ",5
2012 ,"'Wales' ","'Scotland' ","'Firm choice' ",35
2012 ,"'Wales' ","'Scotland' ","'Main scheme Clearing' ",15
2012 ,"'Wales' ","'Wales' ","'Firm choice' ",8530
2012 ,"'Wales' ","'Wales' ","'Insurance choice' ",465
2012 ,"'Wales' ","'Wales' ","'Other main scheme choice' ",245
2012 ,"'Wales' ","'Wales' ","'Extra' ",170
2012 ,"'Wales' ","'Wales' ","'Adjustment' ",15
2012 ,"'Wales' ","'Wales' ","'Main scheme Clearing' ",1155
2012 ,"'Wales' ","'Wales' ","'Direct Clearing' ",455
2012 ,"'Wales' ","'Wales' ","'RPA' ",840
2013 ,"'England' ","'England' ","'Firm choice' ",258495
2013 ,"'England' ","'England' ","'Insurance choice' ",22255
2013 ,"'England' ","'England' ","'Other main scheme choice' ",9335
2013 ,"'England' ","'England' ","'Extra' ",6015
2013 ,"'England' ","'England' ","'Adjustment' ",1015
2013 ,"'England' ","'England' ","'Main scheme Clearing' ",32720
2013 ,"'England' ","'England' ","'Direct Clearing' ",12480
2013 ,"'England' ","'England' ","'RPA' ",10800
2013 ,"'England' ","'Northern Ireland' ","'Firm choice' ",2585
2013 ,"'England' ","'Northern Ireland' ","'Insurance choice' ",280
2013 ,"'England' ","'Northern Ireland' ","'Other main scheme choice' ",30
2013 ,"'England' ","'Northern Ireland' ","'Extra' ",70
2013 ,"'England' ","'Northern Ireland' ","'Adjustment' ",10
2013 ,"'England' ","'Northern Ireland' ","'Main scheme Clearing' ",335
2013 ,"'England' ","'Northern Ireland' ","'Direct Clearing' ",55
2013 ,"'England' ","'Northern Ireland' ","'RPA' ",15
2013 ,"'England' ","'Scotland' ","'Firm choice' ",1205
2013 ,"'England' ","'Scotland' ","'Insurance choice' ",60
2013 ,"'England' ","'Scotland' ","'Other main scheme choice' ",40
2013 ,"'England' ","'Scotland' ","'Extra' ",35
2013 ,"'England' ","'Scotland' ","'Adjustment' ",5
2013 ,"'England' ","'Scotland' ","'Main scheme Clearing' ",130
2013 ,"'England' ","'Scotland' ","'Direct Clearing' ",50
2013 ,"'England' ","'Scotland' ","'RPA' ",35
2013 ,"'England' ","'Wales' ","'Firm choice' ",6010
2013 ,"'England' ","'Wales' ","'Insurance choice' ",450
2013 ,"'England' ","'Wales' ","'Other main scheme choice' ",90
2013 ,"'England' ","'Wales' ","'Extra' ",105
2013 ,"'England' ","'Wales' ","'Adjustment' ",15
2013 ,"'England' ","'Wales' ","'Main scheme Clearing' ",500
2013 ,"'England' ","'Wales' ","'Direct Clearing' ",120
2013 ,"'England' ","'Wales' ","'RPA' ",70
2013 ,"'Northern Ireland' ","'England' ","'Firm choice' ",205
2013 ,"'Northern Ireland' ","'England' ","'Insurance choice' ",30
2013 ,"'Northern Ireland' ","'England' ","'Extra' ",5
2013 ,"'Northern Ireland' ","'England' ","'Main scheme Clearing' ",20
2013 ,"'Northern Ireland' ","'Northern Ireland' ","'Firm choice' ",7955
2013 ,"'Northern Ireland' ","'Northern Ireland' ","'Insurance choice' ",1180
2013 ,"'Northern Ireland' ","'Northern Ireland' ","'Other main scheme choice' ",90
2013 ,"'Northern Ireland' ","'Northern Ireland' ","'Extra' ",125
2013 ,"'Northern Ireland' ","'Northern Ireland' ","'Adjustment' ",20
2013 ,"'Northern Ireland' ","'Northern Ireland' ","'Main scheme Clearing' ",525
2013 ,"'Northern Ireland' ","'Northern Ireland' ","'Direct Clearing' ",105
2013 ,"'Northern Ireland' ","'Northern Ireland' ","'RPA' ",15
2013 ,"'Northern Ireland' ","'Scotland' ","'Firm choice' ",10
2013 ,"'Northern Ireland' ","'Wales' ","'Firm choice' ",5
2013 ,"'Scotland' ","'England' ","'Firm choice' ",3260
2013 ,"'Scotland' ","'England' ","'Insurance choice' ",415
2013 ,"'Scotland' ","'England' ","'Other main scheme choice' ",20
2013 ,"'Scotland' ","'England' ","'Extra' ",30
2013 ,"'Scotland' ","'England' ","'Adjustment' ",10
2013 ,"'Scotland' ","'England' ","'Main scheme Clearing' ",315
2013 ,"'Scotland' ","'England' ","'Direct Clearing' ",30
2013 ,"'Scotland' ","'England' ","'RPA' ",25
2013 ,"'Scotland' ","'Northern Ireland' ","'Firm choice' ",810
2013 ,"'Scotland' ","'Northern Ireland' ","'Insurance choice' ",100
2013 ,"'Scotland' ","'Northern Ireland' ","'Other main scheme choice' ",5
2013 ,"'Scotland' ","'Northern Ireland' ","'Extra' ",20
2013 ,"'Scotland' ","'Northern Ireland' ","'Main scheme Clearing' ",75
2013 ,"'Scotland' ","'Northern Ireland' ","'Direct Clearing' ",5
2013 ,"'Scotland' ","'Scotland' ","'Firm choice' ",24000
2013 ,"'Scotland' ","'Scotland' ","'Insurance choice' ",1515
2013 ,"'Scotland' ","'Scotland' ","'Other main scheme choice' ",450
2013 ,"'Scotland' ","'Scotland' ","'Extra' ",295
2013 ,"'Scotland' ","'Scotland' ","'Adjustment' ",10
2013 ,"'Scotland' ","'Scotland' ","'Main scheme Clearing' ",1180
2013 ,"'Scotland' ","'Scotland' ","'Direct Clearing' ",175
2013 ,"'Scotland' ","'Scotland' ","'RPA' ",2230
2013 ,"'Scotland' ","'Wales' ","'Firm choice' ",80
2013 ,"'Scotland' ","'Wales' ","'Insurance choice' ",10
2013 ,"'Scotland' ","'Wales' ","'Main scheme Clearing' ",10
2013 ,"'Wales' ","'England' ","'Firm choice' ",7460
2013 ,"'Wales' ","'England' ","'Insurance choice' ",1075
2013 ,"'Wales' ","'England' ","'Other main scheme choice' ",125
2013 ,"'Wales' ","'England' ","'Extra' ",145
2013 ,"'Wales' ","'England' ","'Adjustment' ",30
2013 ,"'Wales' ","'England' ","'Main scheme Clearing' ",1270
2013 ,"'Wales' ","'England' ","'Direct Clearing' ",205
2013 ,"'Wales' ","'England' ","'RPA' ",120
2013 ,"'Wales' ","'Northern Ireland' ","'Firm choice' ",110
2013 ,"'Wales' ","'Northern Ireland' ","'Insurance choice' ",15
2013 ,"'Wales' ","'Northern Ireland' ","'Other main scheme choice' ",5
2013 ,"'Wales' ","'Northern Ireland' ","'Main scheme Clearing' ",25
2013 ,"'Wales' ","'Scotland' ","'Firm choice' ",35
2013 ,"'Wales' ","'Scotland' ","'Insurance choice' ",5
2013 ,"'Wales' ","'Scotland' ","'Other main scheme choice' ",5
2013 ,"'Wales' ","'Scotland' ","'Extra' ",10
2013 ,"'Wales' ","'Scotland' ","'Main scheme Clearing' ",5
2013 ,"'Wales' ","'Scotland' ","'Direct Clearing' ",5
2013 ,"'Wales' ","'Scotland' ","'RPA' ",5
2013 ,"'Wales' ","'Wales' ","'Firm choice' ",8760
2013 ,"'Wales' ","'Wales' ","'Insurance choice' ",505
2013 ,"'Wales' ","'Wales' ","'Other main scheme choice' ",305
2013 ,"'Wales' ","'Wales' ","'Extra' ",185
2013 ,"'Wales' ","'Wales' ","'Adjustment' ",10
2013 ,"'Wales' ","'Wales' ","'Main scheme Clearing' ",870
2013 ,"'Wales' ","'Wales' ","'Direct Clearing' ",505
2013 ,"'Wales' ","'Wales' ","'RPA' ",1055
2014 ,"'England' ","'England' ","'Firm choice' ",263505
2014 ,"'England' ","'England' ","'Insurance choice' ",25280
2014 ,"'England' ","'England' ","'Other main scheme choice' ",9035
2014 ,"'England' ","'England' ","'Extra' ",5850
2014 ,"'England' ","'England' ","'Adjustment' ",930
2014 ,"'England' ","'England' ","'Main scheme Clearing' ",36930
2014 ,"'England' ","'England' ","'Direct Clearing' ",11250
2014 ,"'England' ","'England' ","'RPA' ",13695
2014 ,"'England' ","'Northern Ireland' ","'Firm choice' ",2720
2014 ,"'England' ","'Northern Ireland' ","'Insurance choice' ",260
2014 ,"'England' ","'Northern Ireland' ","'Other main scheme choice' ",35
2014 ,"'England' ","'Northern Ireland' ","'Extra' ",75
2014 ,"'England' ","'Northern Ireland' ","'Adjustment' ",5
2014 ,"'England' ","'Northern Ireland' ","'Main scheme Clearing' ",310
2014 ,"'England' ","'Northern Ireland' ","'Direct Clearing' ",55
2014 ,"'England' ","'Northern Ireland' ","'RPA' ",20
2014 ,"'England' ","'Scotland' ","'Firm choice' ",1150
2014 ,"'England' ","'Scotland' ","'Insurance choice' ",60
2014 ,"'England' ","'Scotland' ","'Other main scheme choice' ",35
2014 ,"'England' ","'Scotland' ","'Extra' ",40
2014 ,"'England' ","'Scotland' ","'Main scheme Clearing' ",150
2014 ,"'England' ","'Scotland' ","'Direct Clearing' ",35
2014 ,"'England' ","'Scotland' ","'RPA' ",50
2014 ,"'England' ","'Wales' ","'Firm choice' ",6575
2014 ,"'England' ","'Wales' ","'Insurance choice' ",455
2014 ,"'England' ","'Wales' ","'Other main scheme choice' ",115
2014 ,"'England' ","'Wales' ","'Extra' ",120
2014 ,"'England' ","'Wales' ","'Adjustment' ",15
2014 ,"'England' ","'Wales' ","'Main scheme Clearing' ",585
2014 ,"'England' ","'Wales' ","'Direct Clearing' ",140
2014 ,"'England' ","'Wales' ","'RPA' ",80
2014 ,"'Northern Ireland' ","'England' ","'Firm choice' ",215
2014 ,"'Northern Ireland' ","'England' ","'Insurance choice' ",30
2014 ,"'Northern Ireland' ","'England' ","'Other main scheme choice' ",40
2014 ,"'Northern Ireland' ","'England' ","'Extra' ",5
2014 ,"'Northern Ireland' ","'England' ","'Main scheme Clearing' ",55
2014 ,"'Northern Ireland' ","'England' ","'Direct Clearing' ",330
2014 ,"'Northern Ireland' ","'Northern Ireland' ","'Firm choice' ",7790
2014 ,"'Northern Ireland' ","'Northern Ireland' ","'Insurance choice' ",1130
2014 ,"'Northern Ireland' ","'Northern Ireland' ","'Other main scheme choice' ",80
2014 ,"'Northern Ireland' ","'Northern Ireland' ","'Extra' ",85
2014 ,"'Northern Ireland' ","'Northern Ireland' ","'Adjustment' ",20
2014 ,"'Northern Ireland' ","'Northern Ireland' ","'Main scheme Clearing' ",635
2014 ,"'Northern Ireland' ","'Northern Ireland' ","'Direct Clearing' ",110
2014 ,"'Northern Ireland' ","'Northern Ireland' ","'RPA' ",5
2014 ,"'Northern Ireland' ","'Scotland' ","'Firm choice' ",15
2014 ,"'Northern Ireland' ","'Wales' ","'Firm choice' ",5
2014 ,"'Northern Ireland' ","'Wales' ","'Main scheme Clearing' ",5
2014 ,"'Scotland' ","'England' ","'Firm choice' ",3570
2014 ,"'Scotland' ","'England' ","'Insurance choice' ",495
2014 ,"'Scotland' ","'England' ","'Other main scheme choice' ",30
2014 ,"'Scotland' ","'England' ","'Extra' ",30
2014 ,"'Scotland' ","'England' ","'Adjustment' ",25
2014 ,"'Scotland' ","'England' ","'Main scheme Clearing' ",480
2014 ,"'Scotland' ","'England' ","'Direct Clearing' ",25
2014 ,"'Scotland' ","'England' ","'RPA' ",25
2014 ,"'Scotland' ","'Northern Ireland' ","'Firm choice' ",725
2014 ,"'Scotland' ","'Northern Ireland' ","'Insurance choice' ",130
2014 ,"'Scotland' ","'Northern Ireland' ","'Extra' ",20
2014 ,"'Scotland' ","'Northern Ireland' ","'Adjustment' ",5
2014 ,"'Scotland' ","'Northern Ireland' ","'Main scheme Clearing' ",85
2014 ,"'Scotland' ","'Northern Ireland' ","'RPA' ",5
2014 ,"'Scotland' ","'Scotland' ","'Firm choice' ",24855
2014 ,"'Scotland' ","'Scotland' ","'Insurance choice' ",1600
2014 ,"'Scotland' ","'Scotland' ","'Other main scheme choice' ",450
2014 ,"'Scotland' ","'Scotland' ","'Extra' ",305
2014 ,"'Scotland' ","'Scotland' ","'Adjustment' ",10
2014 ,"'Scotland' ","'Scotland' ","'Main scheme Clearing' ",970
2014 ,"'Scotland' ","'Scotland' ","'Direct Clearing' ",160
2014 ,"'Scotland' ","'Scotland' ","'RPA' ",360
2014 ,"'Scotland' ","'Wales' ","'Firm choice' ",85
2014 ,"'Scotland' ","'Wales' ","'Insurance choice' ",10
2014 ,"'Scotland' ","'Wales' ","'Other main scheme choice' ",5
2014 ,"'Scotland' ","'Wales' ","'Main scheme Clearing' ",5
2014 ,"'Scotland' ","'Wales' ","'Direct Clearing' ",5
2014 ,"'Scotland' ","'Wales' ","'RPA' ",5
2014 ,"'Wales' ","'England' ","'Firm choice' ",7250
2014 ,"'Wales' ","'England' ","'Insurance choice' ",1350
2014 ,"'Wales' ","'England' ","'Other main scheme choice' ",125
2014 ,"'Wales' ","'England' ","'Extra' ",100
2014 ,"'Wales' ","'England' ","'Adjustment' ",20
2014 ,"'Wales' ","'England' ","'Main scheme Clearing' ",1515
2014 ,"'Wales' ","'England' ","'Direct Clearing' ",180
2014 ,"'Wales' ","'England' ","'RPA' ",140
2014 ,"'Wales' ","'Northern Ireland' ","'Firm choice' ",105
2014 ,"'Wales' ","'Northern Ireland' ","'Insurance choice' ",15
2014 ,"'Wales' ","'Northern Ireland' ","'Extra' ",5
2014 ,"'Wales' ","'Northern Ireland' ","'Main scheme Clearing' ",25
2014 ,"'Wales' ","'Scotland' ","'Firm choice' ",35
2014 ,"'Wales' ","'Scotland' ","'Other main scheme choice' ",5
2014 ,"'Wales' ","'Scotland' ","'Extra' ",5
2014 ,"'Wales' ","'Scotland' ","'Main scheme Clearing' ",15
2014 ,"'Wales' ","'Wales' ","'Firm choice' ",8755
2014 ,"'Wales' ","'Wales' ","'Insurance choice' ",580
2014 ,"'Wales' ","'Wales' ","'Other main scheme choice' ",330
2014 ,"'Wales' ","'Wales' ","'Extra' ",165
2014 ,"'Wales' ","'Wales' ","'Adjustment' ",15
2014 ,"'Wales' ","'Wales' ","'Main scheme Clearing' ",915
2014 ,"'Wales' ","'Wales' ","'Direct Clearing' ",440
2014 ,"'Wales' ","'Wales' ","'RPA' ",750
2015 ,"'England' ","'England' ","'Firm choice' ",269750
2015 ,"'England' ","'England' ","'Insurance choice' ",27245
2015 ,"'England' ","'England' ","'Other main scheme choice' ",9075
2015 ,"'England' ","'England' ","'Extra' ",5665
2015 ,"'England' ","'England' ","'Adjustment' ",925
2015 ,"'England' ","'England' ","'Main scheme Clearing' ",38575
2015 ,"'England' ","'England' ","'Direct Clearing' ",12730
2015 ,"'England' ","'England' ","'RPA' ",14800
2015 ,"'England' ","'Northern Ireland' ","'Firm choice' ",2900
2015 ,"'England' ","'Northern Ireland' ","'Insurance choice' ",360
2015 ,"'England' ","'Northern Ireland' ","'Other main scheme choice' ",25
2015 ,"'England' ","'Northern Ireland' ","'Extra' ",70
2015 ,"'England' ","'Northern Ireland' ","'Adjustment' ",5
2015 ,"'England' ","'Northern Ireland' ","'Main scheme Clearing' ",435
2015 ,"'England' ","'Northern Ireland' ","'Direct Clearing' ",50
2015 ,"'England' ","'Northern Ireland' ","'RPA' ",40
2015 ,"'England' ","'Scotland' ","'Firm choice' ",1255
2015 ,"'England' ","'Scotland' ","'Insurance choice' ",85
2015 ,"'England' ","'Scotland' ","'Other main scheme choice' ",45
2015 ,"'England' ","'Scotland' ","'Extra' ",40
2015 ,"'England' ","'Scotland' ","'Main scheme Clearing' ",180
2015 ,"'England' ","'Scotland' ","'Direct Clearing' ",40
2015 ,"'England' ","'Scotland' ","'RPA' ",30
2015 ,"'England' ","'Wales' ","'Firm choice' ",6730
2015 ,"'England' ","'Wales' ","'Insurance choice' ",615
2015 ,"'England' ","'Wales' ","'Other main scheme choice' ",105
2015 ,"'England' ","'Wales' ","'Extra' ",100
2015 ,"'England' ","'Wales' ","'Adjustment' ",10
2015 ,"'England' ","'Wales' ","'Main scheme Clearing' ",600
2015 ,"'England' ","'Wales' ","'Direct Clearing' ",150
2015 ,"'England' ","'Wales' ","'RPA' ",65
2015 ,"'Northern Ireland' ","'England' ","'Firm choice' ",500
2015 ,"'Northern Ireland' ","'England' ","'Insurance choice' ",40
2015 ,"'Northern Ireland' ","'England' ","'Extra' ",5
2015 ,"'Northern Ireland' ","'England' ","'Main scheme Clearing' ",30
2015 ,"'Northern Ireland' ","'England' ","'Direct Clearing' ",50
2015 ,"'Northern Ireland' ","'Northern Ireland' ","'Firm choice' ",7150
2015 ,"'Northern Ireland' ","'Northern Ireland' ","'Insurance choice' ",1175
2015 ,"'Northern Ireland' ","'Northern Ireland' ","'Other main scheme choice' ",60
2015 ,"'Northern Ireland' ","'Northern Ireland' ","'Extra' ",80
2015 ,"'Northern Ireland' ","'Northern Ireland' ","'Adjustment' ",25
2015 ,"'Northern Ireland' ","'Northern Ireland' ","'Main scheme Clearing' ",370
2015 ,"'Northern Ireland' ","'Northern Ireland' ","'Direct Clearing' ",40
2015 ,"'Northern Ireland' ","'Northern Ireland' ","'RPA' ",20
2015 ,"'Northern Ireland' ","'Scotland' ","'Firm choice' ",15
2015 ,"'Northern Ireland' ","'Scotland' ","'Insurance choice' ",5
2015 ,"'Northern Ireland' ","'Scotland' ","'Main scheme Clearing' ",5
2015 ,"'Northern Ireland' ","'Wales' ","'Firm choice' ",10
2015 ,"'Scotland' ","'England' ","'Firm choice' ",3475
2015 ,"'Scotland' ","'England' ","'Insurance choice' ",515
2015 ,"'Scotland' ","'England' ","'Other main scheme choice' ",35
2015 ,"'Scotland' ","'England' ","'Extra' ",45
2015 ,"'Scotland' ","'England' ","'Adjustment' ",10
2015 ,"'Scotland' ","'England' ","'Main scheme Clearing' ",405
2015 ,"'Scotland' ","'England' ","'Direct Clearing' ",45
2015 ,"'Scotland' ","'England' ","'RPA' ",25
2015 ,"'Scotland' ","'Northern Ireland' ","'Firm choice' ",775
2015 ,"'Scotland' ","'Northern Ireland' ","'Insurance choice' ",125
2015 ,"'Scotland' ","'Northern Ireland' ","'Other main scheme choice' ",5
2015 ,"'Scotland' ","'Northern Ireland' ","'Extra' ",25
2015 ,"'Scotland' ","'Northern Ireland' ","'Main scheme Clearing' ",140
2015 ,"'Scotland' ","'Northern Ireland' ","'Direct Clearing' ",10
2015 ,"'Scotland' ","'Scotland' ","'Firm choice' ",27000
2015 ,"'Scotland' ","'Scotland' ","'Insurance choice' ",1580
2015 ,"'Scotland' ","'Scotland' ","'Other main scheme choice' ",470
2015 ,"'Scotland' ","'Scotland' ","'Extra' ",375
2015 ,"'Scotland' ","'Scotland' ","'Adjustment' ",5
2015 ,"'Scotland' ","'Scotland' ","'Main scheme Clearing' ",1245
2015 ,"'Scotland' ","'Scotland' ","'Direct Clearing' ",265
2015 ,"'Scotland' ","'Scotland' ","'RPA' ",2095
2015 ,"'Scotland' ","'Wales' ","'Firm choice' ",90
2015 ,"'Scotland' ","'Wales' ","'Insurance choice' ",10
2015 ,"'Scotland' ","'Wales' ","'Main scheme Clearing' ",15
2015 ,"'Scotland' ","'Wales' ","'Direct Clearing' ",5
2015 ,"'Wales' ","'England' ","'Firm choice' ",7205
2015 ,"'Wales' ","'England' ","'Insurance choice' ",1295
2015 ,"'Wales' ","'England' ","'Other main scheme choice' ",125
2015 ,"'Wales' ","'England' ","'Extra' ",100
2015 ,"'Wales' ","'England' ","'Adjustment' ",25
2015 ,"'Wales' ","'England' ","'Main scheme Clearing' ",1415
2015 ,"'Wales' ","'England' ","'Direct Clearing' ",175
2015 ,"'Wales' ","'England' ","'RPA' ",95
2015 ,"'Wales' ","'Northern Ireland' ","'Firm choice' ",105
2015 ,"'Wales' ","'Northern Ireland' ","'Insurance choice' ",20
2015 ,"'Wales' ","'Northern Ireland' ","'Extra' ",5
2015 ,"'Wales' ","'Northern Ireland' ","'Main scheme Clearing' ",40
2015 ,"'Wales' ","'Scotland' ","'Firm choice' ",25
2015 ,"'Wales' ","'Scotland' ","'Other main scheme choice' ",5
2015 ,"'Wales' ","'Scotland' ","'Extra' ",5
2015 ,"'Wales' ","'Scotland' ","'Main scheme Clearing' ",5
2015 ,"'Wales' ","'Scotland' ","'Direct Clearing' ",5
2015 ,"'Wales' ","'Wales' ","'Firm choice' ",8715
2015 ,"'Wales' ","'Wales' ","'Insurance choice' ",585
2015 ,"'Wales' ","'Wales' ","'Other main scheme choice' ",345
2015 ,"'Wales' ","'Wales' ","'Extra' ",165
2015 ,"'Wales' ","'Wales' ","'Adjustment' ",15
2015 ,"'Wales' ","'Wales' ","'Main scheme Clearing' ",965
2015 ,"'Wales' ","'Wales' ","'Direct Clearing' ",480
2015 ,"'Wales' ","'Wales' ","'RPA' ",720
2016 ,"'England' ","'England' ","'Firm choice' ",269675
2016 ,"'England' ","'England' ","'Insurance choice' ",27220
2016 ,"'England' ","'England' ","'Other main scheme choice' ",9895
2016 ,"'England' ","'England' ","'Extra' ",5640
2016 ,"'England' ","'England' ","'Adjustment' ",710
2016 ,"'England' ","'England' ","'Main scheme Clearing' ",38830
2016 ,"'England' ","'England' ","'Direct Clearing' ",12440
2016 ,"'England' ","'England' ","'RPA' ",13895
2016 ,"'England' ","'Northern Ireland' ","'Firm choice' ",3040
2016 ,"'England' ","'Northern Ireland' ","'Insurance choice' ",410
2016 ,"'England' ","'Northern Ireland' ","'Other main scheme choice' ",25
2016 ,"'England' ","'Northern Ireland' ","'Extra' ",65
2016 ,"'England' ","'Northern Ireland' ","'Adjustment' ",5
2016 ,"'England' ","'Northern Ireland' ","'Main scheme Clearing' ",420
2016 ,"'England' ","'Northern Ireland' ","'Direct Clearing' ",45
2016 ,"'England' ","'Northern Ireland' ","'RPA' ",15
2016 ,"'England' ","'Scotland' ","'Firm choice' ",1325
2016 ,"'England' ","'Scotland' ","'Insurance choice' ",70
2016 ,"'England' ","'Scotland' ","'Other main scheme choice' ",45
2016 ,"'England' ","'Scotland' ","'Extra' ",55
2016 ,"'England' ","'Scotland' ","'Main scheme Clearing' ",175
2016 ,"'England' ","'Scotland' ","'Direct Clearing' ",40
2016 ,"'England' ","'Scotland' ","'RPA' ",65
2016 ,"'England' ","'Wales' ","'Firm choice' ",6755
2016 ,"'England' ","'Wales' ","'Insurance choice' ",590
2016 ,"'England' ","'Wales' ","'Other main scheme choice' ",135
2016 ,"'England' ","'Wales' ","'Extra' ",90
2016 ,"'England' ","'Wales' ","'Adjustment' ",5
2016 ,"'England' ","'Wales' ","'Main scheme Clearing' ",605
2016 ,"'England' ","'Wales' ","'Direct Clearing' ",140
2016 ,"'England' ","'Wales' ","'RPA' ",85
2016 ,"'Northern Ireland' ","'England' ","'Firm choice' ",215
2016 ,"'Northern Ireland' ","'England' ","'Insurance choice' ",35
2016 ,"'Northern Ireland' ","'England' ","'Other main scheme choice' ",5
2016 ,"'Northern Ireland' ","'England' ","'Extra' ",5
2016 ,"'Northern Ireland' ","'England' ","'Main scheme Clearing' ",55
2016 ,"'Northern Ireland' ","'England' ","'Direct Clearing' ",30
2016 ,"'Northern Ireland' ","'Northern Ireland' ","'Firm choice' ",7610
2016 ,"'Northern Ireland' ","'Northern Ireland' ","'Insurance choice' ",1170
2016 ,"'Northern Ireland' ","'Northern Ireland' ","'Other main scheme choice' ",50
2016 ,"'Northern Ireland' ","'Northern Ireland' ","'Extra' ",90
2016 ,"'Northern Ireland' ","'Northern Ireland' ","'Adjustment' ",20
2016 ,"'Northern Ireland' ","'Northern Ireland' ","'Main scheme Clearing' ",475
2016 ,"'Northern Ireland' ","'Northern Ireland' ","'Direct Clearing' ",60
2016 ,"'Northern Ireland' ","'Scotland' ","'Firm choice' ",10
2016 ,"'Northern Ireland' ","'Scotland' ","'Main scheme Clearing' ",5
2016 ,"'Northern Ireland' ","'Wales' ","'Firm choice' ",5
2016 ,"'Northern Ireland' ","'Wales' ","'Main scheme Clearing' ",5
2016 ,"'Scotland' ","'England' ","'Firm choice' ",3620
2016 ,"'Scotland' ","'England' ","'Insurance choice' ",500
2016 ,"'Scotland' ","'England' ","'Other main scheme choice' ",35
2016 ,"'Scotland' ","'England' ","'Extra' ",50
2016 ,"'Scotland' ","'England' ","'Adjustment' ",10
2016 ,"'Scotland' ","'England' ","'Main scheme Clearing' ",510
2016 ,"'Scotland' ","'England' ","'Direct Clearing' ",45
2016 ,"'Scotland' ","'England' ","'RPA' ",40
2016 ,"'Scotland' ","'Northern Ireland' ","'Firm choice' ",830
2016 ,"'Scotland' ","'Northern Ireland' ","'Insurance choice' ",130
2016 ,"'Scotland' ","'Northern Ireland' ","'Other main scheme choice' ",5
2016 ,"'Scotland' ","'Northern Ireland' ","'Extra' ",15
2016 ,"'Scotland' ","'Northern Ireland' ","'Main scheme Clearing' ",115
2016 ,"'Scotland' ","'Northern Ireland' ","'Direct Clearing' ",5
2016 ,"'Scotland' ","'Scotland' ","'Firm choice' ",27745
2016 ,"'Scotland' ","'Scotland' ","'Insurance choice' ",1555
2016 ,"'Scotland' ","'Scotland' ","'Other main scheme choice' ",575
2016 ,"'Scotland' ","'Scotland' ","'Extra' ",385
2016 ,"'Scotland' ","'Scotland' ","'Adjustment' ",10
2016 ,"'Scotland' ","'Scotland' ","'Main scheme Clearing' ",1185
2016 ,"'Scotland' ","'Scotland' ","'Direct Clearing' ",350
2016 ,"'Scotland' ","'Scotland' ","'RPA' ",2025
2016 ,"'Scotland' ","'Wales' ","'Firm choice' ",95
2016 ,"'Scotland' ","'Wales' ","'Insurance choice' ",20
2016 ,"'Scotland' ","'Wales' ","'Main scheme Clearing' ",10
2016 ,"'Scotland' ","'Wales' ","'Direct Clearing' ",5
2016 ,"'Wales' ","'England' ","'Firm choice' ",7195
2016 ,"'Wales' ","'England' ","'Insurance choice' ",1310
2016 ,"'Wales' ","'England' ","'Other main scheme choice' ",115
2016 ,"'Wales' ","'England' ","'Extra' ",100
2016 ,"'Wales' ","'England' ","'Adjustment' ",25
2016 ,"'Wales' ","'England' ","'Main scheme Clearing' ",1760
2016 ,"'Wales' ","'England' ","'Direct Clearing' ",185
2016 ,"'Wales' ","'England' ","'RPA' ",140
2016 ,"'Wales' ","'Northern Ireland' ","'Firm choice' ",125
2016 ,"'Wales' ","'Northern Ireland' ","'Insurance choice' ",25
2016 ,"'Wales' ","'Northern Ireland' ","'Other main scheme choice' ",5
2016 ,"'Wales' ","'Northern Ireland' ","'Main scheme Clearing' ",35
2016 ,"'Wales' ","'Northern Ireland' ","'Direct Clearing' ",5
2016 ,"'Wales' ","'Scotland' ","'Firm choice' ",25
2016 ,"'Wales' ","'Scotland' ","'Other main scheme choice' ",5
2016 ,"'Wales' ","'Scotland' ","'Extra' ",5
2016 ,"'Wales' ","'Scotland' ","'Main scheme Clearing' ",10
2016 ,"'Wales' ","'Wales' ","'Firm choice' ",8790
2016 ,"'Wales' ","'Wales' ","'Insurance choice' ",555
2016 ,"'Wales' ","'Wales' ","'Other main scheme choice' ",410
2016 ,"'Wales' ","'Wales' ","'Extra' ",170
2016 ,"'Wales' ","'Wales' ","'Adjustment' ",10
2016 ,"'Wales' ","'Wales' ","'Main scheme Clearing' ",1020
2016 ,"'Wales' ","'Wales' ","'Direct Clearing' ",405
2016 ,"'Wales' ","'Wales' ","'RPA' ",800
