"Statistic:   Number of Acceptances"
"Variables:   Subject Group (Summary Level) , Provider Country 2016 , Cycle Year"
"Coverage:   All"
"For a list of key definitions and descriptions please refer to the PDF file provided - EOC_data_resource_2016-DR3_025_01.pdf"
 
Cycle Year,Subject Group (Summary Level) , Provider Country 2016,Number of Acceptances,
2007 ,"'Group A Medicine and Dentistry' ","'England' ",7185
2007 ,"'Group A Medicine and Dentistry' ","'Northern Ireland' ",310
2007 ,"'Group A Medicine and Dentistry' ","'Scotland' ",1120
2007 ,"'Group A Medicine and Dentistry' ","'Wales' ",450
2007 ,"'Group B Subjects allied to Medicine' ","'England' ",21965
2007 ,"'Group B Subjects allied to Medicine' ","'Northern Ireland' ",965
2007 ,"'Group B Subjects allied to Medicine' ","'Scotland' ",2405
2007 ,"'Group B Subjects allied to Medicine' ","'Wales' ",1880
2007 ,"'Group C Biological Sciences' ","'England' ",25950
2007 ,"'Group C Biological Sciences' ","'Northern Ireland' ",650
2007 ,"'Group C Biological Sciences' ","'Scotland' ",3155
2007 ,"'Group C Biological Sciences' ","'Wales' ",2435
2007 ,"'Group D Veterinary Sciences, Agriculture and related' ","'England' ",3430
2007 ,"'Group D Veterinary Sciences, Agriculture and related' ","'Northern Ireland' ",145
2007 ,"'Group D Veterinary Sciences, Agriculture and related' ","'Scotland' ",555
2007 ,"'Group D Veterinary Sciences, Agriculture and related' ","'Wales' ",195
2007 ,"'Group F Physical Sciences' ","'England' ",12205
2007 ,"'Group F Physical Sciences' ","'Northern Ireland' ",350
2007 ,"'Group F Physical Sciences' ","'Scotland' ",1750
2007 ,"'Group F Physical Sciences' ","'Wales' ",1170
2007 ,"'Group G Mathematical Sciences' ","'England' ",4955
2007 ,"'Group G Mathematical Sciences' ","'Northern Ireland' ",110
2007 ,"'Group G Mathematical Sciences' ","'Scotland' ",535
2007 ,"'Group G Mathematical Sciences' ","'Wales' ",235
2007 ,"'Group H Engineering' ","'England' ",16905
2007 ,"'Group H Engineering' ","'Northern Ireland' ",430
2007 ,"'Group H Engineering' ","'Scotland' ",2780
2007 ,"'Group H Engineering' ","'Wales' ",985
2007 ,"'Group I Computer Sciences' ","'England' ",14280
2007 ,"'Group I Computer Sciences' ","'Northern Ireland' ",635
2007 ,"'Group I Computer Sciences' ","'Scotland' ",1555
2007 ,"'Group I Computer Sciences' ","'Wales' ",810
2007 ,"'Group J Technologies' ","'England' ",2205
2007 ,"'Group J Technologies' ","'Northern Ireland' ",65
2007 ,"'Group J Technologies' ","'Scotland' ",135
2007 ,"'Group J Technologies' ","'Wales' ",190
2007 ,"'Group K Architecture, Building and Planning' ","'England' ",7205
2007 ,"'Group K Architecture, Building and Planning' ","'Northern Ireland' ",635
2007 ,"'Group K Architecture, Building and Planning' ","'Scotland' ",1175
2007 ,"'Group K Architecture, Building and Planning' ","'Wales' ",285
2007 ,"'Group L Social Studies' ","'England' ",25670
2007 ,"'Group L Social Studies' ","'Northern Ireland' ",820
2007 ,"'Group L Social Studies' ","'Scotland' ",2450
2007 ,"'Group L Social Studies' ","'Wales' ",1470
2007 ,"'Group M Law' ","'England' ",16030
2007 ,"'Group M Law' ","'Northern Ireland' ",465
2007 ,"'Group M Law' ","'Scotland' ",1490
2007 ,"'Group M Law' ","'Wales' ",1090
2007 ,"'Group N Business and Admin studies' ","'England' ",41760
2007 ,"'Group N Business and Admin studies' ","'Northern Ireland' ",1205
2007 ,"'Group N Business and Admin studies' ","'Scotland' ",4665
2007 ,"'Group N Business and Admin studies' ","'Wales' ",2100
2007 ,"'Group P Mass Communication and Documentation' ","'England' ",8165
2007 ,"'Group P Mass Communication and Documentation' ","'Northern Ireland' ",205
2007 ,"'Group P Mass Communication and Documentation' ","'Scotland' ",635
2007 ,"'Group P Mass Communication and Documentation' ","'Wales' ",480
2007 ,"'Group Q Linguistics, Classics and related' ","'England' ",9145
2007 ,"'Group Q Linguistics, Classics and related' ","'Northern Ireland' ",325
2007 ,"'Group Q Linguistics, Classics and related' ","'Scotland' ",660
2007 ,"'Group Q Linguistics, Classics and related' ","'Wales' ",725
2007 ,"'Group R European Languages, Literature and related' ","'England' ",3275
2007 ,"'Group R European Languages, Literature and related' ","'Northern Ireland' ",100
2007 ,"'Group R European Languages, Literature and related' ","'Scotland' ",405
2007 ,"'Group R European Languages, Literature and related' ","'Wales' ",255
2007 ,"'Group T Non-European Languages, Literature and related' ","'England' ",1535
2007 ,"'Group T Non-European Languages, Literature and related' ","'Northern Ireland' ",15
2007 ,"'Group T Non-European Languages, Literature and related' ","'Scotland' ",125
2007 ,"'Group T Non-European Languages, Literature and related' ","'Wales' ",30
2007 ,"'Group V History and Philosophical studies' ","'England' ",10865
2007 ,"'Group V History and Philosophical studies' ","'Northern Ireland' ",255
2007 ,"'Group V History and Philosophical studies' ","'Scotland' ",995
2007 ,"'Group V History and Philosophical studies' ","'Wales' ",900
2007 ,"'Group W Creative Arts and Design' ","'England' ",40885
2007 ,"'Group W Creative Arts and Design' ","'Northern Ireland' ",480
2007 ,"'Group W Creative Arts and Design' ","'Scotland' ",2235
2007 ,"'Group W Creative Arts and Design' ","'Wales' ",2290
2007 ,"'Group X Education' ","'England' ",11095
2007 ,"'Group X Education' ","'Northern Ireland' ",75
2007 ,"'Group X Education' ","'Scotland' ",905
2007 ,"'Group X Education' ","'Wales' ",955
2007 ,"'Y Combined arts' ","'England' ",12455
2007 ,"'Y Combined arts' ","'Northern Ireland' ",250
2007 ,"'Y Combined arts' ","'Scotland' ",1080
2007 ,"'Y Combined arts' ","'Wales' ",905
2007 ,"'Y Combined sciences' ","'England' ",6985
2007 ,"'Y Combined sciences' ","'Northern Ireland' ",165
2007 ,"'Y Combined sciences' ","'Scotland' ",905
2007 ,"'Y Combined sciences' ","'Wales' ",380
2007 ,"'Y Combined social sciences' ","'England' ",5460
2007 ,"'Y Combined social sciences' ","'Northern Ireland' ",95
2007 ,"'Y Combined social sciences' ","'Scotland' ",515
2007 ,"'Y Combined social sciences' ","'Wales' ",370
2007 ,"'Y Sciences combined with Social Sciences or Arts' ","'England' ",19745
2007 ,"'Y Sciences combined with Social Sciences or Arts' ","'Northern Ireland' ",260
2007 ,"'Y Sciences combined with Social Sciences or Arts' ","'Scotland' ",2080
2007 ,"'Y Sciences combined with Social Sciences or Arts' ","'Wales' ",1015
2007 ,"'Y Social Sciences combined with Arts' ","'England' ",11020
2007 ,"'Y Social Sciences combined with Arts' ","'Northern Ireland' ",275
2007 ,"'Y Social Sciences combined with Arts' ","'Scotland' ",1215
2007 ,"'Y Social Sciences combined with Arts' ","'Wales' ",705
2007 ,"'Z General, other combined and unknown' ","'England' ",4810
2007 ,"'Z General, other combined and unknown' ","'Scotland' ",965
2007 ,"'Z General, other combined and unknown' ","'Wales' ",175
2008 ,"'Group A Medicine and Dentistry' ","'England' ",7290
2008 ,"'Group A Medicine and Dentistry' ","'Northern Ireland' ",315
2008 ,"'Group A Medicine and Dentistry' ","'Scotland' ",1185
2008 ,"'Group A Medicine and Dentistry' ","'Wales' ",465
2008 ,"'Group B Subjects allied to Medicine' ","'England' ",37570
2008 ,"'Group B Subjects allied to Medicine' ","'Northern Ireland' ",1155
2008 ,"'Group B Subjects allied to Medicine' ","'Scotland' ",2475
2008 ,"'Group B Subjects allied to Medicine' ","'Wales' ",1865
2008 ,"'Group C Biological Sciences' ","'England' ",27670
2008 ,"'Group C Biological Sciences' ","'Northern Ireland' ",675
2008 ,"'Group C Biological Sciences' ","'Scotland' ",3320
2008 ,"'Group C Biological Sciences' ","'Wales' ",2615
2008 ,"'Group D Veterinary Sciences, Agriculture and related' ","'England' ",3765
2008 ,"'Group D Veterinary Sciences, Agriculture and related' ","'Northern Ireland' ",165
2008 ,"'Group D Veterinary Sciences, Agriculture and related' ","'Scotland' ",665
2008 ,"'Group D Veterinary Sciences, Agriculture and related' ","'Wales' ",210
2008 ,"'Group F Physical Sciences' ","'England' ",12915
2008 ,"'Group F Physical Sciences' ","'Northern Ireland' ",310
2008 ,"'Group F Physical Sciences' ","'Scotland' ",1795
2008 ,"'Group F Physical Sciences' ","'Wales' ",1185
2008 ,"'Group G Mathematical Sciences' ","'England' ",5390
2008 ,"'Group G Mathematical Sciences' ","'Northern Ireland' ",95
2008 ,"'Group G Mathematical Sciences' ","'Scotland' ",630
2008 ,"'Group G Mathematical Sciences' ","'Wales' ",280
2008 ,"'Group H Engineering' ","'England' ",17865
2008 ,"'Group H Engineering' ","'Northern Ireland' ",535
2008 ,"'Group H Engineering' ","'Scotland' ",3355
2008 ,"'Group H Engineering' ","'Wales' ",1190
2008 ,"'Group I Computer Sciences' ","'England' ",15065
2008 ,"'Group I Computer Sciences' ","'Northern Ireland' ",720
2008 ,"'Group I Computer Sciences' ","'Scotland' ",1835
2008 ,"'Group I Computer Sciences' ","'Wales' ",890
2008 ,"'Group J Technologies' ","'England' ",2260
2008 ,"'Group J Technologies' ","'Northern Ireland' ",55
2008 ,"'Group J Technologies' ","'Scotland' ",185
2008 ,"'Group J Technologies' ","'Wales' ",220
2008 ,"'Group K Architecture, Building and Planning' ","'England' ",7940
2008 ,"'Group K Architecture, Building and Planning' ","'Northern Ireland' ",665
2008 ,"'Group K Architecture, Building and Planning' ","'Scotland' ",1310
2008 ,"'Group K Architecture, Building and Planning' ","'Wales' ",330
2008 ,"'Group L Social Studies' ","'England' ",28165
2008 ,"'Group L Social Studies' ","'Northern Ireland' ",795
2008 ,"'Group L Social Studies' ","'Scotland' ",3010
2008 ,"'Group L Social Studies' ","'Wales' ",1590
2008 ,"'Group M Law' ","'England' ",17420
2008 ,"'Group M Law' ","'Northern Ireland' ",510
2008 ,"'Group M Law' ","'Scotland' ",1530
2008 ,"'Group M Law' ","'Wales' ",1025
2008 ,"'Group N Business and Admin studies' ","'England' ",45665
2008 ,"'Group N Business and Admin studies' ","'Northern Ireland' ",1315
2008 ,"'Group N Business and Admin studies' ","'Scotland' ",5700
2008 ,"'Group N Business and Admin studies' ","'Wales' ",2290
2008 ,"'Group P Mass Communication and Documentation' ","'England' ",8795
2008 ,"'Group P Mass Communication and Documentation' ","'Northern Ireland' ",245
2008 ,"'Group P Mass Communication and Documentation' ","'Scotland' ",605
2008 ,"'Group P Mass Communication and Documentation' ","'Wales' ",555
2008 ,"'Group Q Linguistics, Classics and related' ","'England' ",9890
2008 ,"'Group Q Linguistics, Classics and related' ","'Northern Ireland' ",290
2008 ,"'Group Q Linguistics, Classics and related' ","'Scotland' ",755
2008 ,"'Group Q Linguistics, Classics and related' ","'Wales' ",705
2008 ,"'Group R European Languages, Literature and related' ","'England' ",3640
2008 ,"'Group R European Languages, Literature and related' ","'Northern Ireland' ",80
2008 ,"'Group R European Languages, Literature and related' ","'Scotland' ",500
2008 ,"'Group R European Languages, Literature and related' ","'Wales' ",250
2008 ,"'Group T Non-European Languages, Literature and related' ","'England' ",1375
2008 ,"'Group T Non-European Languages, Literature and related' ","'Scotland' ",85
2008 ,"'Group T Non-European Languages, Literature and related' ","'Wales' ",30
2008 ,"'Group V History and Philosophical studies' ","'England' ",11680
2008 ,"'Group V History and Philosophical studies' ","'Northern Ireland' ",290
2008 ,"'Group V History and Philosophical studies' ","'Scotland' ",1235
2008 ,"'Group V History and Philosophical studies' ","'Wales' ",960
2008 ,"'Group W Creative Arts and Design' ","'England' ",43180
2008 ,"'Group W Creative Arts and Design' ","'Northern Ireland' ",590
2008 ,"'Group W Creative Arts and Design' ","'Scotland' ",2425
2008 ,"'Group W Creative Arts and Design' ","'Wales' ",2465
2008 ,"'Group X Education' ","'England' ",12480
2008 ,"'Group X Education' ","'Northern Ireland' ",65
2008 ,"'Group X Education' ","'Scotland' ",1200
2008 ,"'Group X Education' ","'Wales' ",920
2008 ,"'Y Combined arts' ","'England' ",12425
2008 ,"'Y Combined arts' ","'Northern Ireland' ",220
2008 ,"'Y Combined arts' ","'Scotland' ",1190
2008 ,"'Y Combined arts' ","'Wales' ",965
2008 ,"'Y Combined sciences' ","'England' ",7240
2008 ,"'Y Combined sciences' ","'Northern Ireland' ",165
2008 ,"'Y Combined sciences' ","'Scotland' ",930
2008 ,"'Y Combined sciences' ","'Wales' ",370
2008 ,"'Y Combined social sciences' ","'England' ",5875
2008 ,"'Y Combined social sciences' ","'Northern Ireland' ",105
2008 ,"'Y Combined social sciences' ","'Scotland' ",585
2008 ,"'Y Combined social sciences' ","'Wales' ",325
2008 ,"'Y Sciences combined with Social Sciences or Arts' ","'England' ",20555
2008 ,"'Y Sciences combined with Social Sciences or Arts' ","'Northern Ireland' ",225
2008 ,"'Y Sciences combined with Social Sciences or Arts' ","'Scotland' ",2325
2008 ,"'Y Sciences combined with Social Sciences or Arts' ","'Wales' ",1065
2008 ,"'Y Social Sciences combined with Arts' ","'England' ",11300
2008 ,"'Y Social Sciences combined with Arts' ","'Northern Ireland' ",245
2008 ,"'Y Social Sciences combined with Arts' ","'Scotland' ",1470
2008 ,"'Y Social Sciences combined with Arts' ","'Wales' ",700
2008 ,"'Z General, other combined and unknown' ","'England' ",5135
2008 ,"'Z General, other combined and unknown' ","'Scotland' ",330
2008 ,"'Z General, other combined and unknown' ","'Wales' ",165
2009 ,"'Group A Medicine and Dentistry' ","'England' ",7305
2009 ,"'Group A Medicine and Dentistry' ","'Northern Ireland' ",320
2009 ,"'Group A Medicine and Dentistry' ","'Scotland' ",1180
2009 ,"'Group A Medicine and Dentistry' ","'Wales' ",430
2009 ,"'Group B Subjects allied to Medicine' ","'England' ",42140
2009 ,"'Group B Subjects allied to Medicine' ","'Northern Ireland' ",1175
2009 ,"'Group B Subjects allied to Medicine' ","'Scotland' ",2680
2009 ,"'Group B Subjects allied to Medicine' ","'Wales' ",2135
2009 ,"'Group C Biological Sciences' ","'England' ",29595
2009 ,"'Group C Biological Sciences' ","'Northern Ireland' ",675
2009 ,"'Group C Biological Sciences' ","'Scotland' ",3715
2009 ,"'Group C Biological Sciences' ","'Wales' ",2970
2009 ,"'Group D Veterinary Sciences, Agriculture and related' ","'England' ",4250
2009 ,"'Group D Veterinary Sciences, Agriculture and related' ","'Northern Ireland' ",205
2009 ,"'Group D Veterinary Sciences, Agriculture and related' ","'Scotland' ",755
2009 ,"'Group D Veterinary Sciences, Agriculture and related' ","'Wales' ",255
2009 ,"'Group F Physical Sciences' ","'England' ",13505
2009 ,"'Group F Physical Sciences' ","'Northern Ireland' ",385
2009 ,"'Group F Physical Sciences' ","'Scotland' ",2105
2009 ,"'Group F Physical Sciences' ","'Wales' ",1295
2009 ,"'Group G Mathematical Sciences' ","'England' ",6505
2009 ,"'Group G Mathematical Sciences' ","'Northern Ireland' ",105
2009 ,"'Group G Mathematical Sciences' ","'Scotland' ",755
2009 ,"'Group G Mathematical Sciences' ","'Wales' ",340
2009 ,"'Group H Engineering' ","'England' ",19575
2009 ,"'Group H Engineering' ","'Northern Ireland' ",620
2009 ,"'Group H Engineering' ","'Scotland' ",3775
2009 ,"'Group H Engineering' ","'Wales' ",1465
2009 ,"'Group I Computer Sciences' ","'England' ",16575
2009 ,"'Group I Computer Sciences' ","'Northern Ireland' ",725
2009 ,"'Group I Computer Sciences' ","'Scotland' ",2000
2009 ,"'Group I Computer Sciences' ","'Wales' ",985
2009 ,"'Group J Technologies' ","'England' ",2595
2009 ,"'Group J Technologies' ","'Northern Ireland' ",60
2009 ,"'Group J Technologies' ","'Scotland' ",175
2009 ,"'Group J Technologies' ","'Wales' ",245
2009 ,"'Group K Architecture, Building and Planning' ","'England' ",8135
2009 ,"'Group K Architecture, Building and Planning' ","'Northern Ireland' ",610
2009 ,"'Group K Architecture, Building and Planning' ","'Scotland' ",1260
2009 ,"'Group K Architecture, Building and Planning' ","'Wales' ",280
2009 ,"'Group L Social Studies' ","'England' ",30785
2009 ,"'Group L Social Studies' ","'Northern Ireland' ",940
2009 ,"'Group L Social Studies' ","'Scotland' ",3170
2009 ,"'Group L Social Studies' ","'Wales' ",1850
2009 ,"'Group M Law' ","'England' ",18520
2009 ,"'Group M Law' ","'Northern Ireland' ",520
2009 ,"'Group M Law' ","'Scotland' ",1655
2009 ,"'Group M Law' ","'Wales' ",1335
2009 ,"'Group N Business and Admin studies' ","'England' ",48480
2009 ,"'Group N Business and Admin studies' ","'Northern Ireland' ",1400
2009 ,"'Group N Business and Admin studies' ","'Scotland' ",5820
2009 ,"'Group N Business and Admin studies' ","'Wales' ",2720
2009 ,"'Group P Mass Communication and Documentation' ","'England' ",9500
2009 ,"'Group P Mass Communication and Documentation' ","'Northern Ireland' ",310
2009 ,"'Group P Mass Communication and Documentation' ","'Scotland' ",670
2009 ,"'Group P Mass Communication and Documentation' ","'Wales' ",545
2009 ,"'Group Q Linguistics, Classics and related' ","'England' ",10860
2009 ,"'Group Q Linguistics, Classics and related' ","'Northern Ireland' ",300
2009 ,"'Group Q Linguistics, Classics and related' ","'Scotland' ",890
2009 ,"'Group Q Linguistics, Classics and related' ","'Wales' ",825
2009 ,"'Group R European Languages, Literature and related' ","'England' ",3785
2009 ,"'Group R European Languages, Literature and related' ","'Northern Ireland' ",85
2009 ,"'Group R European Languages, Literature and related' ","'Scotland' ",470
2009 ,"'Group R European Languages, Literature and related' ","'Wales' ",275
2009 ,"'Group T Non-European Languages, Literature and related' ","'England' ",1285
2009 ,"'Group T Non-European Languages, Literature and related' ","'Scotland' ",155
2009 ,"'Group T Non-European Languages, Literature and related' ","'Wales' ",55
2009 ,"'Group V History and Philosophical studies' ","'England' ",12265
2009 ,"'Group V History and Philosophical studies' ","'Northern Ireland' ",275
2009 ,"'Group V History and Philosophical studies' ","'Scotland' ",1180
2009 ,"'Group V History and Philosophical studies' ","'Wales' ",1100
2009 ,"'Group W Creative Arts and Design' ","'England' ",46350
2009 ,"'Group W Creative Arts and Design' ","'Northern Ireland' ",600
2009 ,"'Group W Creative Arts and Design' ","'Scotland' ",2630
2009 ,"'Group W Creative Arts and Design' ","'Wales' ",2640
2009 ,"'Group X Education' ","'England' ",13535
2009 ,"'Group X Education' ","'Northern Ireland' ",135
2009 ,"'Group X Education' ","'Scotland' ",1285
2009 ,"'Group X Education' ","'Wales' ",1090
2009 ,"'Y Combined arts' ","'England' ",11310
2009 ,"'Y Combined arts' ","'Northern Ireland' ",185
2009 ,"'Y Combined arts' ","'Scotland' ",1155
2009 ,"'Y Combined arts' ","'Wales' ",955
2009 ,"'Y Combined sciences' ","'England' ",6825
2009 ,"'Y Combined sciences' ","'Northern Ireland' ",185
2009 ,"'Y Combined sciences' ","'Scotland' ",1025
2009 ,"'Y Combined sciences' ","'Wales' ",335
2009 ,"'Y Combined social sciences' ","'England' ",4805
2009 ,"'Y Combined social sciences' ","'Northern Ireland' ",40
2009 ,"'Y Combined social sciences' ","'Scotland' ",565
2009 ,"'Y Combined social sciences' ","'Wales' ",330
2009 ,"'Y Sciences combined with Social Sciences or Arts' ","'England' ",17945
2009 ,"'Y Sciences combined with Social Sciences or Arts' ","'Northern Ireland' ",135
2009 ,"'Y Sciences combined with Social Sciences or Arts' ","'Scotland' ",2305
2009 ,"'Y Sciences combined with Social Sciences or Arts' ","'Wales' ",1160
2009 ,"'Y Social Sciences combined with Arts' ","'England' ",10620
2009 ,"'Y Social Sciences combined with Arts' ","'Northern Ireland' ",155
2009 ,"'Y Social Sciences combined with Arts' ","'Scotland' ",1340
2009 ,"'Y Social Sciences combined with Arts' ","'Wales' ",600
2009 ,"'Z General, other combined and unknown' ","'England' ",5185
2009 ,"'Z General, other combined and unknown' ","'Scotland' ",345
2009 ,"'Z General, other combined and unknown' ","'Wales' ",215
2010 ,"'Group A Medicine and Dentistry' ","'England' ",7270
2010 ,"'Group A Medicine and Dentistry' ","'Northern Ireland' ",315
2010 ,"'Group A Medicine and Dentistry' ","'Scotland' ",1210
2010 ,"'Group A Medicine and Dentistry' ","'Wales' ",450
2010 ,"'Group B Subjects allied to Medicine' ","'England' ",41175
2010 ,"'Group B Subjects allied to Medicine' ","'Northern Ireland' ",1125
2010 ,"'Group B Subjects allied to Medicine' ","'Scotland' ",5595
2010 ,"'Group B Subjects allied to Medicine' ","'Wales' ",1990
2010 ,"'Group C Biological Sciences' ","'England' ",31545
2010 ,"'Group C Biological Sciences' ","'Northern Ireland' ",685
2010 ,"'Group C Biological Sciences' ","'Scotland' ",3490
2010 ,"'Group C Biological Sciences' ","'Wales' ",3105
2010 ,"'Group D Veterinary Sciences, Agriculture and related' ","'England' ",4535
2010 ,"'Group D Veterinary Sciences, Agriculture and related' ","'Northern Ireland' ",210
2010 ,"'Group D Veterinary Sciences, Agriculture and related' ","'Scotland' ",765
2010 ,"'Group D Veterinary Sciences, Agriculture and related' ","'Wales' ",275
2010 ,"'Group F Physical Sciences' ","'England' ",14675
2010 ,"'Group F Physical Sciences' ","'Northern Ireland' ",350
2010 ,"'Group F Physical Sciences' ","'Scotland' ",1730
2010 ,"'Group F Physical Sciences' ","'Wales' ",1250
2010 ,"'Group G Mathematical Sciences' ","'England' ",6875
2010 ,"'Group G Mathematical Sciences' ","'Northern Ireland' ",90
2010 ,"'Group G Mathematical Sciences' ","'Scotland' ",625
2010 ,"'Group G Mathematical Sciences' ","'Wales' ",340
2010 ,"'Group H Engineering' ","'England' ",20705
2010 ,"'Group H Engineering' ","'Northern Ireland' ",690
2010 ,"'Group H Engineering' ","'Scotland' ",3275
2010 ,"'Group H Engineering' ","'Wales' ",1390
2010 ,"'Group I Computer Sciences' ","'England' ",16920
2010 ,"'Group I Computer Sciences' ","'Northern Ireland' ",795
2010 ,"'Group I Computer Sciences' ","'Scotland' ",1890
2010 ,"'Group I Computer Sciences' ","'Wales' ",895
2010 ,"'Group J Technologies' ","'England' ",2725
2010 ,"'Group J Technologies' ","'Northern Ireland' ",65
2010 ,"'Group J Technologies' ","'Scotland' ",195
2010 ,"'Group J Technologies' ","'Wales' ",250
2010 ,"'Group K Architecture, Building and Planning' ","'England' ",7695
2010 ,"'Group K Architecture, Building and Planning' ","'Northern Ireland' ",455
2010 ,"'Group K Architecture, Building and Planning' ","'Scotland' ",980
2010 ,"'Group K Architecture, Building and Planning' ","'Wales' ",285
2010 ,"'Group L Social Studies' ","'England' ",32600
2010 ,"'Group L Social Studies' ","'Northern Ireland' ",935
2010 ,"'Group L Social Studies' ","'Scotland' ",3345
2010 ,"'Group L Social Studies' ","'Wales' ",1760
2010 ,"'Group M Law' ","'England' ",18400
2010 ,"'Group M Law' ","'Northern Ireland' ",465
2010 ,"'Group M Law' ","'Scotland' ",1760
2010 ,"'Group M Law' ","'Wales' ",1220
2010 ,"'Group N Business and Admin studies' ","'England' ",50310
2010 ,"'Group N Business and Admin studies' ","'Northern Ireland' ",1270
2010 ,"'Group N Business and Admin studies' ","'Scotland' ",5210
2010 ,"'Group N Business and Admin studies' ","'Wales' ",2460
2010 ,"'Group P Mass Communication and Documentation' ","'England' ",9845
2010 ,"'Group P Mass Communication and Documentation' ","'Northern Ireland' ",255
2010 ,"'Group P Mass Communication and Documentation' ","'Scotland' ",590
2010 ,"'Group P Mass Communication and Documentation' ","'Wales' ",520
2010 ,"'Group Q Linguistics, Classics and related' ","'England' ",10830
2010 ,"'Group Q Linguistics, Classics and related' ","'Northern Ireland' ",320
2010 ,"'Group Q Linguistics, Classics and related' ","'Scotland' ",800
2010 ,"'Group Q Linguistics, Classics and related' ","'Wales' ",710
2010 ,"'Group R European Languages, Literature and related' ","'England' ",3890
2010 ,"'Group R European Languages, Literature and related' ","'Northern Ireland' ",95
2010 ,"'Group R European Languages, Literature and related' ","'Scotland' ",440
2010 ,"'Group R European Languages, Literature and related' ","'Wales' ",255
2010 ,"'Group T Non-European Languages, Literature and related' ","'England' ",1345
2010 ,"'Group T Non-European Languages, Literature and related' ","'Northern Ireland' ",5
2010 ,"'Group T Non-European Languages, Literature and related' ","'Scotland' ",95
2010 ,"'Group T Non-European Languages, Literature and related' ","'Wales' ",45
2010 ,"'Group V History and Philosophical studies' ","'England' ",12520
2010 ,"'Group V History and Philosophical studies' ","'Northern Ireland' ",320
2010 ,"'Group V History and Philosophical studies' ","'Scotland' ",1060
2010 ,"'Group V History and Philosophical studies' ","'Wales' ",1070
2010 ,"'Group W Creative Arts and Design' ","'England' ",46045
2010 ,"'Group W Creative Arts and Design' ","'Northern Ireland' ",570
2010 ,"'Group W Creative Arts and Design' ","'Scotland' ",2355
2010 ,"'Group W Creative Arts and Design' ","'Wales' ",2585
2010 ,"'Group X Education' ","'England' ",14170
2010 ,"'Group X Education' ","'Northern Ireland' ",150
2010 ,"'Group X Education' ","'Scotland' ",995
2010 ,"'Group X Education' ","'Wales' ",1025
2010 ,"'Y Combined arts' ","'England' ",11150
2010 ,"'Y Combined arts' ","'Northern Ireland' ",155
2010 ,"'Y Combined arts' ","'Scotland' ",1040
2010 ,"'Y Combined arts' ","'Wales' ",925
2010 ,"'Y Combined sciences' ","'England' ",7255
2010 ,"'Y Combined sciences' ","'Northern Ireland' ",155
2010 ,"'Y Combined sciences' ","'Scotland' ",855
2010 ,"'Y Combined sciences' ","'Wales' ",310
2010 ,"'Y Combined social sciences' ","'England' ",4920
2010 ,"'Y Combined social sciences' ","'Northern Ireland' ",35
2010 ,"'Y Combined social sciences' ","'Scotland' ",515
2010 ,"'Y Combined social sciences' ","'Wales' ",335
2010 ,"'Y Sciences combined with Social Sciences or Arts' ","'England' ",17985
2010 ,"'Y Sciences combined with Social Sciences or Arts' ","'Northern Ireland' ",100
2010 ,"'Y Sciences combined with Social Sciences or Arts' ","'Scotland' ",2120
2010 ,"'Y Sciences combined with Social Sciences or Arts' ","'Wales' ",1040
2010 ,"'Y Social Sciences combined with Arts' ","'England' ",10400
2010 ,"'Y Social Sciences combined with Arts' ","'Northern Ireland' ",150
2010 ,"'Y Social Sciences combined with Arts' ","'Scotland' ",1310
2010 ,"'Y Social Sciences combined with Arts' ","'Wales' ",485
2010 ,"'Z General, other combined and unknown' ","'England' ",4305
2010 ,"'Z General, other combined and unknown' ","'Scotland' ",65
2010 ,"'Z General, other combined and unknown' ","'Wales' ",180
2011 ,"'Group A Medicine and Dentistry' ","'England' ",7015
2011 ,"'Group A Medicine and Dentistry' ","'Northern Ireland' ",320
2011 ,"'Group A Medicine and Dentistry' ","'Scotland' ",1305
2011 ,"'Group A Medicine and Dentistry' ","'Wales' ",425
2011 ,"'Group B Subjects allied to Medicine' ","'England' ",39475
2011 ,"'Group B Subjects allied to Medicine' ","'Northern Ireland' ",1125
2011 ,"'Group B Subjects allied to Medicine' ","'Scotland' ",5360
2011 ,"'Group B Subjects allied to Medicine' ","'Wales' ",2005
2011 ,"'Group C Biological Sciences' ","'England' ",33105
2011 ,"'Group C Biological Sciences' ","'Northern Ireland' ",680
2011 ,"'Group C Biological Sciences' ","'Scotland' ",3240
2011 ,"'Group C Biological Sciences' ","'Wales' ",3120
2011 ,"'Group D Veterinary Sciences, Agriculture and related' ","'England' ",4970
2011 ,"'Group D Veterinary Sciences, Agriculture and related' ","'Northern Ireland' ",230
2011 ,"'Group D Veterinary Sciences, Agriculture and related' ","'Scotland' ",630
2011 ,"'Group D Veterinary Sciences, Agriculture and related' ","'Wales' ",285
2011 ,"'Group F Physical Sciences' ","'England' ",14930
2011 ,"'Group F Physical Sciences' ","'Northern Ireland' ",355
2011 ,"'Group F Physical Sciences' ","'Scotland' ",1675
2011 ,"'Group F Physical Sciences' ","'Wales' ",1475
2011 ,"'Group G Mathematical Sciences' ","'England' ",7275
2011 ,"'Group G Mathematical Sciences' ","'Northern Ireland' ",100
2011 ,"'Group G Mathematical Sciences' ","'Scotland' ",610
2011 ,"'Group G Mathematical Sciences' ","'Wales' ",370
2011 ,"'Group H Engineering' ","'England' ",20585
2011 ,"'Group H Engineering' ","'Northern Ireland' ",650
2011 ,"'Group H Engineering' ","'Scotland' ",3190
2011 ,"'Group H Engineering' ","'Wales' ",1575
2011 ,"'Group I Computer Sciences' ","'England' ",16790
2011 ,"'Group I Computer Sciences' ","'Northern Ireland' ",780
2011 ,"'Group I Computer Sciences' ","'Scotland' ",1900
2011 ,"'Group I Computer Sciences' ","'Wales' ",945
2011 ,"'Group J Technologies' ","'England' ",2415
2011 ,"'Group J Technologies' ","'Northern Ireland' ",55
2011 ,"'Group J Technologies' ","'Scotland' ",150
2011 ,"'Group J Technologies' ","'Wales' ",195
2011 ,"'Group K Architecture, Building and Planning' ","'England' ",7315
2011 ,"'Group K Architecture, Building and Planning' ","'Northern Ireland' ",480
2011 ,"'Group K Architecture, Building and Planning' ","'Scotland' ",915
2011 ,"'Group K Architecture, Building and Planning' ","'Wales' ",250
2011 ,"'Group L Social Studies' ","'England' ",34030
2011 ,"'Group L Social Studies' ","'Northern Ireland' ",860
2011 ,"'Group L Social Studies' ","'Scotland' ",3105
2011 ,"'Group L Social Studies' ","'Wales' ",1935
2011 ,"'Group M Law' ","'England' ",19500
2011 ,"'Group M Law' ","'Northern Ireland' ",410
2011 ,"'Group M Law' ","'Scotland' ",1585
2011 ,"'Group M Law' ","'Wales' ",1225
2011 ,"'Group N Business and Admin studies' ","'England' ",51435
2011 ,"'Group N Business and Admin studies' ","'Northern Ireland' ",1385
2011 ,"'Group N Business and Admin studies' ","'Scotland' ",5545
2011 ,"'Group N Business and Admin studies' ","'Wales' ",2735
2011 ,"'Group P Mass Communication and Documentation' ","'England' ",10435
2011 ,"'Group P Mass Communication and Documentation' ","'Northern Ireland' ",195
2011 ,"'Group P Mass Communication and Documentation' ","'Scotland' ",695
2011 ,"'Group P Mass Communication and Documentation' ","'Wales' ",465
2011 ,"'Group Q Linguistics, Classics and related' ","'England' ",10870
2011 ,"'Group Q Linguistics, Classics and related' ","'Northern Ireland' ",260
2011 ,"'Group Q Linguistics, Classics and related' ","'Scotland' ",745
2011 ,"'Group Q Linguistics, Classics and related' ","'Wales' ",755
2011 ,"'Group R European Languages, Literature and related' ","'England' ",3800
2011 ,"'Group R European Languages, Literature and related' ","'Northern Ireland' ",75
2011 ,"'Group R European Languages, Literature and related' ","'Scotland' ",385
2011 ,"'Group R European Languages, Literature and related' ","'Wales' ",310
2011 ,"'Group T Non-European Languages, Literature and related' ","'England' ",1270
2011 ,"'Group T Non-European Languages, Literature and related' ","'Scotland' ",120
2011 ,"'Group T Non-European Languages, Literature and related' ","'Wales' ",45
2011 ,"'Group V History and Philosophical studies' ","'England' ",12625
2011 ,"'Group V History and Philosophical studies' ","'Northern Ireland' ",265
2011 ,"'Group V History and Philosophical studies' ","'Scotland' ",1050
2011 ,"'Group V History and Philosophical studies' ","'Wales' ",1120
2011 ,"'Group W Creative Arts and Design' ","'England' ",47290
2011 ,"'Group W Creative Arts and Design' ","'Northern Ireland' ",555
2011 ,"'Group W Creative Arts and Design' ","'Scotland' ",2640
2011 ,"'Group W Creative Arts and Design' ","'Wales' ",2580
2011 ,"'Group X Education' ","'England' ",14730
2011 ,"'Group X Education' ","'Northern Ireland' ",140
2011 ,"'Group X Education' ","'Scotland' ",980
2011 ,"'Group X Education' ","'Wales' ",1115
2011 ,"'Y Combined arts' ","'England' ",10920
2011 ,"'Y Combined arts' ","'Northern Ireland' ",145
2011 ,"'Y Combined arts' ","'Scotland' ",945
2011 ,"'Y Combined arts' ","'Wales' ",835
2011 ,"'Y Combined sciences' ","'England' ",7450
2011 ,"'Y Combined sciences' ","'Northern Ireland' ",185
2011 ,"'Y Combined sciences' ","'Scotland' ",785
2011 ,"'Y Combined sciences' ","'Wales' ",440
2011 ,"'Y Combined social sciences' ","'England' ",4745
2011 ,"'Y Combined social sciences' ","'Northern Ireland' ",50
2011 ,"'Y Combined social sciences' ","'Scotland' ",465
2011 ,"'Y Combined social sciences' ","'Wales' ",325
2011 ,"'Y Sciences combined with Social Sciences or Arts' ","'England' ",17450
2011 ,"'Y Sciences combined with Social Sciences or Arts' ","'Northern Ireland' ",90
2011 ,"'Y Sciences combined with Social Sciences or Arts' ","'Scotland' ",1900
2011 ,"'Y Sciences combined with Social Sciences or Arts' ","'Wales' ",980
2011 ,"'Y Social Sciences combined with Arts' ","'England' ",10380
2011 ,"'Y Social Sciences combined with Arts' ","'Northern Ireland' ",150
2011 ,"'Y Social Sciences combined with Arts' ","'Scotland' ",1160
2011 ,"'Y Social Sciences combined with Arts' ","'Wales' ",500
2011 ,"'Z General, other combined and unknown' ","'England' ",4255
2011 ,"'Z General, other combined and unknown' ","'Northern Ireland' ",5
2011 ,"'Z General, other combined and unknown' ","'Scotland' ",85
2011 ,"'Z General, other combined and unknown' ","'Wales' ",245
2012 ,"'Group A Medicine and Dentistry' ","'England' ",7130
2012 ,"'Group A Medicine and Dentistry' ","'Northern Ireland' ",335
2012 ,"'Group A Medicine and Dentistry' ","'Scotland' ",1155
2012 ,"'Group A Medicine and Dentistry' ","'Wales' ",460
2012 ,"'Group B Subjects allied to Medicine' ","'England' ",38495
2012 ,"'Group B Subjects allied to Medicine' ","'Northern Ireland' ",1100
2012 ,"'Group B Subjects allied to Medicine' ","'Scotland' ",4960
2012 ,"'Group B Subjects allied to Medicine' ","'Wales' ",2060
2012 ,"'Group C Biological Sciences' ","'England' ",32380
2012 ,"'Group C Biological Sciences' ","'Northern Ireland' ",765
2012 ,"'Group C Biological Sciences' ","'Scotland' ",3440
2012 ,"'Group C Biological Sciences' ","'Wales' ",3040
2012 ,"'Group D Veterinary Sciences, Agriculture and related' ","'England' ",4660
2012 ,"'Group D Veterinary Sciences, Agriculture and related' ","'Northern Ireland' ",235
2012 ,"'Group D Veterinary Sciences, Agriculture and related' ","'Scotland' ",640
2012 ,"'Group D Veterinary Sciences, Agriculture and related' ","'Wales' ",245
2012 ,"'Group F Physical Sciences' ","'England' ",14625
2012 ,"'Group F Physical Sciences' ","'Northern Ireland' ",415
2012 ,"'Group F Physical Sciences' ","'Scotland' ",1840
2012 ,"'Group F Physical Sciences' ","'Wales' ",1390
2012 ,"'Group G Mathematical Sciences' ","'England' ",6995
2012 ,"'Group G Mathematical Sciences' ","'Northern Ireland' ",90
2012 ,"'Group G Mathematical Sciences' ","'Scotland' ",690
2012 ,"'Group G Mathematical Sciences' ","'Wales' ",320
2012 ,"'Group H Engineering' ","'England' ",19705
2012 ,"'Group H Engineering' ","'Northern Ireland' ",715
2012 ,"'Group H Engineering' ","'Scotland' ",3405
2012 ,"'Group H Engineering' ","'Wales' ",1470
2012 ,"'Group I Computer Sciences' ","'England' ",15585
2012 ,"'Group I Computer Sciences' ","'Northern Ireland' ",870
2012 ,"'Group I Computer Sciences' ","'Scotland' ",2020
2012 ,"'Group I Computer Sciences' ","'Wales' ",885
2012 ,"'Group J Technologies' ","'England' ",1860
2012 ,"'Group J Technologies' ","'Northern Ireland' ",100
2012 ,"'Group J Technologies' ","'Scotland' ",200
2012 ,"'Group J Technologies' ","'Wales' ",185
2012 ,"'Group K Architecture, Building and Planning' ","'England' ",6010
2012 ,"'Group K Architecture, Building and Planning' ","'Northern Ireland' ",400
2012 ,"'Group K Architecture, Building and Planning' ","'Scotland' ",900
2012 ,"'Group K Architecture, Building and Planning' ","'Wales' ",240
2012 ,"'Group L Social Studies' ","'England' ",31590
2012 ,"'Group L Social Studies' ","'Northern Ireland' ",810
2012 ,"'Group L Social Studies' ","'Scotland' ",3440
2012 ,"'Group L Social Studies' ","'Wales' ",1990
2012 ,"'Group M Law' ","'England' ",19090
2012 ,"'Group M Law' ","'Northern Ireland' ",475
2012 ,"'Group M Law' ","'Scotland' ",1535
2012 ,"'Group M Law' ","'Wales' ",980
2012 ,"'Group N Business and Admin studies' ","'England' ",48265
2012 ,"'Group N Business and Admin studies' ","'Northern Ireland' ",1435
2012 ,"'Group N Business and Admin studies' ","'Scotland' ",5425
2012 ,"'Group N Business and Admin studies' ","'Wales' ",2470
2012 ,"'Group P Mass Communication and Documentation' ","'England' ",9270
2012 ,"'Group P Mass Communication and Documentation' ","'Northern Ireland' ",245
2012 ,"'Group P Mass Communication and Documentation' ","'Scotland' ",660
2012 ,"'Group P Mass Communication and Documentation' ","'Wales' ",425
2012 ,"'Group Q Linguistics, Classics and related' ","'England' ",10185
2012 ,"'Group Q Linguistics, Classics and related' ","'Northern Ireland' ",265
2012 ,"'Group Q Linguistics, Classics and related' ","'Scotland' ",885
2012 ,"'Group Q Linguistics, Classics and related' ","'Wales' ",695
2012 ,"'Group R European Languages, Literature and related' ","'England' ",3275
2012 ,"'Group R European Languages, Literature and related' ","'Northern Ireland' ",85
2012 ,"'Group R European Languages, Literature and related' ","'Scotland' ",490
2012 ,"'Group R European Languages, Literature and related' ","'Wales' ",215
2012 ,"'Group T Non-European Languages, Literature and related' ","'England' ",1170
2012 ,"'Group T Non-European Languages, Literature and related' ","'Scotland' ",45
2012 ,"'Group T Non-European Languages, Literature and related' ","'Wales' ",20
2012 ,"'Group V History and Philosophical studies' ","'England' ",11780
2012 ,"'Group V History and Philosophical studies' ","'Northern Ireland' ",280
2012 ,"'Group V History and Philosophical studies' ","'Scotland' ",1195
2012 ,"'Group V History and Philosophical studies' ","'Wales' ",910
2012 ,"'Group W Creative Arts and Design' ","'England' ",42480
2012 ,"'Group W Creative Arts and Design' ","'Northern Ireland' ",615
2012 ,"'Group W Creative Arts and Design' ","'Scotland' ",2570
2012 ,"'Group W Creative Arts and Design' ","'Wales' ",2070
2012 ,"'Group X Education' ","'England' ",14790
2012 ,"'Group X Education' ","'Northern Ireland' ",130
2012 ,"'Group X Education' ","'Scotland' ",920
2012 ,"'Group X Education' ","'Wales' ",1055
2012 ,"'Y Combined arts' ","'England' ",9405
2012 ,"'Y Combined arts' ","'Northern Ireland' ",135
2012 ,"'Y Combined arts' ","'Scotland' ",885
2012 ,"'Y Combined arts' ","'Wales' ",730
2012 ,"'Y Combined sciences' ","'England' ",6885
2012 ,"'Y Combined sciences' ","'Northern Ireland' ",250
2012 ,"'Y Combined sciences' ","'Scotland' ",675
2012 ,"'Y Combined sciences' ","'Wales' ",365
2012 ,"'Y Combined social sciences' ","'England' ",4275
2012 ,"'Y Combined social sciences' ","'Northern Ireland' ",40
2012 ,"'Y Combined social sciences' ","'Scotland' ",470
2012 ,"'Y Combined social sciences' ","'Wales' ",310
2012 ,"'Y Sciences combined with Social Sciences or Arts' ","'England' ",14845
2012 ,"'Y Sciences combined with Social Sciences or Arts' ","'Northern Ireland' ",65
2012 ,"'Y Sciences combined with Social Sciences or Arts' ","'Scotland' ",1835
2012 ,"'Y Sciences combined with Social Sciences or Arts' ","'Wales' ",785
2012 ,"'Y Social Sciences combined with Arts' ","'England' ",8950
2012 ,"'Y Social Sciences combined with Arts' ","'Northern Ireland' ",130
2012 ,"'Y Social Sciences combined with Arts' ","'Scotland' ",1090
2012 ,"'Y Social Sciences combined with Arts' ","'Wales' ",460
2012 ,"'Z General, other combined and unknown' ","'England' ",5105
2012 ,"'Z General, other combined and unknown' ","'Northern Ireland' ",55
2012 ,"'Z General, other combined and unknown' ","'Scotland' ",575
2012 ,"'Z General, other combined and unknown' ","'Wales' ",355
2013 ,"'Group A Medicine and Dentistry' ","'England' ",6810
2013 ,"'Group A Medicine and Dentistry' ","'Northern Ireland' ",330
2013 ,"'Group A Medicine and Dentistry' ","'Scotland' ",1160
2013 ,"'Group A Medicine and Dentistry' ","'Wales' ",460
2013 ,"'Group B Subjects allied to Medicine' ","'England' ",40380
2013 ,"'Group B Subjects allied to Medicine' ","'Northern Ireland' ",1545
2013 ,"'Group B Subjects allied to Medicine' ","'Scotland' ",5180
2013 ,"'Group B Subjects allied to Medicine' ","'Wales' ",2370
2013 ,"'Group C Biological Sciences' ","'England' ",36365
2013 ,"'Group C Biological Sciences' ","'Northern Ireland' ",715
2013 ,"'Group C Biological Sciences' ","'Scotland' ",3930
2013 ,"'Group C Biological Sciences' ","'Wales' ",3405
2013 ,"'Group D Veterinary Sciences, Agriculture and related' ","'England' ",5260
2013 ,"'Group D Veterinary Sciences, Agriculture and related' ","'Northern Ireland' ",240
2013 ,"'Group D Veterinary Sciences, Agriculture and related' ","'Scotland' ",630
2013 ,"'Group D Veterinary Sciences, Agriculture and related' ","'Wales' ",310
2013 ,"'Group F Physical Sciences' ","'England' ",15565
2013 ,"'Group F Physical Sciences' ","'Northern Ireland' ",370
2013 ,"'Group F Physical Sciences' ","'Scotland' ",1945
2013 ,"'Group F Physical Sciences' ","'Wales' ",1440
2013 ,"'Group G Mathematical Sciences' ","'England' ",7190
2013 ,"'Group G Mathematical Sciences' ","'Northern Ireland' ",120
2013 ,"'Group G Mathematical Sciences' ","'Scotland' ",775
2013 ,"'Group G Mathematical Sciences' ","'Wales' ",385
2013 ,"'Group H Engineering' ","'England' ",21410
2013 ,"'Group H Engineering' ","'Northern Ireland' ",745
2013 ,"'Group H Engineering' ","'Scotland' ",3435
2013 ,"'Group H Engineering' ","'Wales' ",1565
2013 ,"'Group I Computer Sciences' ","'England' ",17545
2013 ,"'Group I Computer Sciences' ","'Northern Ireland' ",1070
2013 ,"'Group I Computer Sciences' ","'Scotland' ",2065
2013 ,"'Group I Computer Sciences' ","'Wales' ",1030
2013 ,"'Group J Technologies' ","'England' ",2045
2013 ,"'Group J Technologies' ","'Northern Ireland' ",95
2013 ,"'Group J Technologies' ","'Scotland' ",220
2013 ,"'Group J Technologies' ","'Wales' ",195
2013 ,"'Group K Architecture, Building and Planning' ","'England' ",6270
2013 ,"'Group K Architecture, Building and Planning' ","'Northern Ireland' ",355
2013 ,"'Group K Architecture, Building and Planning' ","'Scotland' ",910
2013 ,"'Group K Architecture, Building and Planning' ","'Wales' ",195
2013 ,"'Group L Social Studies' ","'England' ",34565
2013 ,"'Group L Social Studies' ","'Northern Ireland' ",865
2013 ,"'Group L Social Studies' ","'Scotland' ",3375
2013 ,"'Group L Social Studies' ","'Wales' ",2125
2013 ,"'Group M Law' ","'England' ",20795
2013 ,"'Group M Law' ","'Northern Ireland' ",480
2013 ,"'Group M Law' ","'Scotland' ",1370
2013 ,"'Group M Law' ","'Wales' ",1095
2013 ,"'Group N Business and Admin studies' ","'England' ",51630
2013 ,"'Group N Business and Admin studies' ","'Northern Ireland' ",1485
2013 ,"'Group N Business and Admin studies' ","'Scotland' ",5360
2013 ,"'Group N Business and Admin studies' ","'Wales' ",2515
2013 ,"'Group P Mass Communication and Documentation' ","'England' ",10510
2013 ,"'Group P Mass Communication and Documentation' ","'Northern Ireland' ",255
2013 ,"'Group P Mass Communication and Documentation' ","'Scotland' ",660
2013 ,"'Group P Mass Communication and Documentation' ","'Wales' ",420
2013 ,"'Group Q Linguistics, Classics and related' ","'England' ",10585
2013 ,"'Group Q Linguistics, Classics and related' ","'Northern Ireland' ",275
2013 ,"'Group Q Linguistics, Classics and related' ","'Scotland' ",870
2013 ,"'Group Q Linguistics, Classics and related' ","'Wales' ",735
2013 ,"'Group R European Languages, Literature and related' ","'England' ",3200
2013 ,"'Group R European Languages, Literature and related' ","'Northern Ireland' ",90
2013 ,"'Group R European Languages, Literature and related' ","'Scotland' ",490
2013 ,"'Group R European Languages, Literature and related' ","'Wales' ",225
2013 ,"'Group T Non-European Languages, Literature and related' ","'England' ",1190
2013 ,"'Group T Non-European Languages, Literature and related' ","'Scotland' ",35
2013 ,"'Group T Non-European Languages, Literature and related' ","'Wales' ",30
2013 ,"'Group V History and Philosophical studies' ","'England' ",12495
2013 ,"'Group V History and Philosophical studies' ","'Northern Ireland' ",290
2013 ,"'Group V History and Philosophical studies' ","'Scotland' ",1200
2013 ,"'Group V History and Philosophical studies' ","'Wales' ",945
2013 ,"'Group W Creative Arts and Design' ","'England' ",46415
2013 ,"'Group W Creative Arts and Design' ","'Northern Ireland' ",690
2013 ,"'Group W Creative Arts and Design' ","'Scotland' ",2470
2013 ,"'Group W Creative Arts and Design' ","'Wales' ",2070
2013 ,"'Group X Education' ","'England' ",15795
2013 ,"'Group X Education' ","'Northern Ireland' ",140
2013 ,"'Group X Education' ","'Scotland' ",980
2013 ,"'Group X Education' ","'Wales' ",945
2013 ,"'Y Combined arts' ","'England' ",9055
2013 ,"'Y Combined arts' ","'Northern Ireland' ",160
2013 ,"'Y Combined arts' ","'Scotland' ",985
2013 ,"'Y Combined arts' ","'Wales' ",725
2013 ,"'Y Combined sciences' ","'England' ",6975
2013 ,"'Y Combined sciences' ","'Northern Ireland' ",260
2013 ,"'Y Combined sciences' ","'Scotland' ",790
2013 ,"'Y Combined sciences' ","'Wales' ",355
2013 ,"'Y Combined social sciences' ","'England' ",4225
2013 ,"'Y Combined social sciences' ","'Northern Ireland' ",70
2013 ,"'Y Combined social sciences' ","'Scotland' ",550
2013 ,"'Y Combined social sciences' ","'Wales' ",335
2013 ,"'Y Sciences combined with Social Sciences or Arts' ","'England' ",15040
2013 ,"'Y Sciences combined with Social Sciences or Arts' ","'Northern Ireland' ",95
2013 ,"'Y Sciences combined with Social Sciences or Arts' ","'Scotland' ",1570
2013 ,"'Y Sciences combined with Social Sciences or Arts' ","'Wales' ",705
2013 ,"'Y Social Sciences combined with Arts' ","'England' ",9295
2013 ,"'Y Social Sciences combined with Arts' ","'Northern Ireland' ",170
2013 ,"'Y Social Sciences combined with Arts' ","'Scotland' ",1125
2013 ,"'Y Social Sciences combined with Arts' ","'Wales' ",450
2013 ,"'Z General, other combined and unknown' ","'England' ",5960
2013 ,"'Z General, other combined and unknown' ","'Northern Ireland' ",55
2013 ,"'Z General, other combined and unknown' ","'Scotland' ",465
2013 ,"'Z General, other combined and unknown' ","'Wales' ",470
2014 ,"'Group A Medicine and Dentistry' ","'England' ",6910
2014 ,"'Group A Medicine and Dentistry' ","'Northern Ireland' ",360
2014 ,"'Group A Medicine and Dentistry' ","'Scotland' ",1185
2014 ,"'Group A Medicine and Dentistry' ","'Wales' ",460
2014 ,"'Group B Subjects allied to Medicine' ","'England' ",43345
2014 ,"'Group B Subjects allied to Medicine' ","'Northern Ireland' ",1475
2014 ,"'Group B Subjects allied to Medicine' ","'Scotland' ",5365
2014 ,"'Group B Subjects allied to Medicine' ","'Wales' ",2215
2014 ,"'Group C Biological Sciences' ","'England' ",40395
2014 ,"'Group C Biological Sciences' ","'Northern Ireland' ",790
2014 ,"'Group C Biological Sciences' ","'Scotland' ",3855
2014 ,"'Group C Biological Sciences' ","'Wales' ",3775
2014 ,"'Group D Veterinary Sciences, Agriculture and related' ","'England' ",5650
2014 ,"'Group D Veterinary Sciences, Agriculture and related' ","'Northern Ireland' ",225
2014 ,"'Group D Veterinary Sciences, Agriculture and related' ","'Scotland' ",575
2014 ,"'Group D Veterinary Sciences, Agriculture and related' ","'Wales' ",290
2014 ,"'Group F Physical Sciences' ","'England' ",16030
2014 ,"'Group F Physical Sciences' ","'Northern Ireland' ",375
2014 ,"'Group F Physical Sciences' ","'Scotland' ",2050
2014 ,"'Group F Physical Sciences' ","'Wales' ",1465
2014 ,"'Group G Mathematical Sciences' ","'England' ",7210
2014 ,"'Group G Mathematical Sciences' ","'Northern Ireland' ",115
2014 ,"'Group G Mathematical Sciences' ","'Scotland' ",775
2014 ,"'Group G Mathematical Sciences' ","'Wales' ",370
2014 ,"'Group H Engineering' ","'England' ",23195
2014 ,"'Group H Engineering' ","'Northern Ireland' ",705
2014 ,"'Group H Engineering' ","'Scotland' ",3420
2014 ,"'Group H Engineering' ","'Wales' ",1790
2014 ,"'Group I Computer Sciences' ","'England' ",19400
2014 ,"'Group I Computer Sciences' ","'Northern Ireland' ",1000
2014 ,"'Group I Computer Sciences' ","'Scotland' ",2065
2014 ,"'Group I Computer Sciences' ","'Wales' ",1120
2014 ,"'Group J Technologies' ","'England' ",2180
2014 ,"'Group J Technologies' ","'Northern Ireland' ",45
2014 ,"'Group J Technologies' ","'Scotland' ",175
2014 ,"'Group J Technologies' ","'Wales' ",185
2014 ,"'Group K Architecture, Building and Planning' ","'England' ",6250
2014 ,"'Group K Architecture, Building and Planning' ","'Northern Ireland' ",345
2014 ,"'Group K Architecture, Building and Planning' ","'Scotland' ",880
2014 ,"'Group K Architecture, Building and Planning' ","'Wales' ",205
2014 ,"'Group L Social Studies' ","'England' ",36900
2014 ,"'Group L Social Studies' ","'Northern Ireland' ",890
2014 ,"'Group L Social Studies' ","'Scotland' ",3095
2014 ,"'Group L Social Studies' ","'Wales' ",2440
2014 ,"'Group M Law' ","'England' ",20760
2014 ,"'Group M Law' ","'Northern Ireland' ",475
2014 ,"'Group M Law' ","'Scotland' ",1440
2014 ,"'Group M Law' ","'Wales' ",1020
2014 ,"'Group N Business and Admin studies' ","'England' ",54250
2014 ,"'Group N Business and Admin studies' ","'Northern Ireland' ",1835
2014 ,"'Group N Business and Admin studies' ","'Scotland' ",5040
2014 ,"'Group N Business and Admin studies' ","'Wales' ",2535
2014 ,"'Group P Mass Communication and Documentation' ","'England' ",11195
2014 ,"'Group P Mass Communication and Documentation' ","'Northern Ireland' ",255
2014 ,"'Group P Mass Communication and Documentation' ","'Scotland' ",750
2014 ,"'Group P Mass Communication and Documentation' ","'Wales' ",520
2014 ,"'Group Q Linguistics, Classics and related' ","'England' ",10725
2014 ,"'Group Q Linguistics, Classics and related' ","'Northern Ireland' ",290
2014 ,"'Group Q Linguistics, Classics and related' ","'Scotland' ",860
2014 ,"'Group Q Linguistics, Classics and related' ","'Wales' ",650
2014 ,"'Group R European Languages, Literature and related' ","'England' ",3045
2014 ,"'Group R European Languages, Literature and related' ","'Northern Ireland' ",90
2014 ,"'Group R European Languages, Literature and related' ","'Scotland' ",430
2014 ,"'Group R European Languages, Literature and related' ","'Wales' ",215
2014 ,"'Group T Non-European Languages, Literature and related' ","'England' ",1035
2014 ,"'Group T Non-European Languages, Literature and related' ","'Scotland' ",45
2014 ,"'Group T Non-European Languages, Literature and related' ","'Wales' ",35
2014 ,"'Group V History and Philosophical studies' ","'England' ",12735
2014 ,"'Group V History and Philosophical studies' ","'Northern Ireland' ",295
2014 ,"'Group V History and Philosophical studies' ","'Scotland' ",1280
2014 ,"'Group V History and Philosophical studies' ","'Wales' ",975
2014 ,"'Group W Creative Arts and Design' ","'England' ",48195
2014 ,"'Group W Creative Arts and Design' ","'Northern Ireland' ",750
2014 ,"'Group W Creative Arts and Design' ","'Scotland' ",2365
2014 ,"'Group W Creative Arts and Design' ","'Wales' ",2020
2014 ,"'Group X Education' ","'England' ",16420
2014 ,"'Group X Education' ","'Northern Ireland' ",135
2014 ,"'Group X Education' ","'Scotland' ",920
2014 ,"'Group X Education' ","'Wales' ",960
2014 ,"'Y Combined arts' ","'England' ",8680
2014 ,"'Y Combined arts' ","'Northern Ireland' ",130
2014 ,"'Y Combined arts' ","'Scotland' ",1115
2014 ,"'Y Combined arts' ","'Wales' ",655
2014 ,"'Y Combined sciences' ","'England' ",6890
2014 ,"'Y Combined sciences' ","'Northern Ireland' ",330
2014 ,"'Y Combined sciences' ","'Scotland' ",700
2014 ,"'Y Combined sciences' ","'Wales' ",375
2014 ,"'Y Combined social sciences' ","'England' ",4240
2014 ,"'Y Combined social sciences' ","'Northern Ireland' ",55
2014 ,"'Y Combined social sciences' ","'Scotland' ",625
2014 ,"'Y Combined social sciences' ","'Wales' ",285
2014 ,"'Y Sciences combined with Social Sciences or Arts' ","'England' ",12850
2014 ,"'Y Sciences combined with Social Sciences or Arts' ","'Northern Ireland' ",100
2014 ,"'Y Sciences combined with Social Sciences or Arts' ","'Scotland' ",1625
2014 ,"'Y Sciences combined with Social Sciences or Arts' ","'Wales' ",615
2014 ,"'Y Social Sciences combined with Arts' ","'England' ",8415
2014 ,"'Y Social Sciences combined with Arts' ","'Northern Ireland' ",150
2014 ,"'Y Social Sciences combined with Arts' ","'Scotland' ",1140
2014 ,"'Y Social Sciences combined with Arts' ","'Wales' ",440
2014 ,"'Z General, other combined and unknown' ","'England' ",6275
2014 ,"'Z General, other combined and unknown' ","'Northern Ireland' ",45
2014 ,"'Z General, other combined and unknown' ","'Scotland' ",225
2014 ,"'Z General, other combined and unknown' ","'Wales' ",315
2015 ,"'Group A Medicine and Dentistry' ","'England' ",6955
2015 ,"'Group A Medicine and Dentistry' ","'Northern Ireland' ",355
2015 ,"'Group A Medicine and Dentistry' ","'Scotland' ",1195
2015 ,"'Group A Medicine and Dentistry' ","'Wales' ",455
2015 ,"'Group B Subjects allied to Medicine' ","'England' ",44335
2015 ,"'Group B Subjects allied to Medicine' ","'Northern Ireland' ",1460
2015 ,"'Group B Subjects allied to Medicine' ","'Scotland' ",5230
2015 ,"'Group B Subjects allied to Medicine' ","'Wales' ",2515
2015 ,"'Group C Biological Sciences' ","'England' ",43760
2015 ,"'Group C Biological Sciences' ","'Northern Ireland' ",705
2015 ,"'Group C Biological Sciences' ","'Scotland' ",4120
2015 ,"'Group C Biological Sciences' ","'Wales' ",3665
2015 ,"'Group D Veterinary Sciences, Agriculture and related' ","'England' ",6030
2015 ,"'Group D Veterinary Sciences, Agriculture and related' ","'Northern Ireland' ",200
2015 ,"'Group D Veterinary Sciences, Agriculture and related' ","'Scotland' ",965
2015 ,"'Group D Veterinary Sciences, Agriculture and related' ","'Wales' ",345
2015 ,"'Group F Physical Sciences' ","'England' ",17030
2015 ,"'Group F Physical Sciences' ","'Northern Ireland' ",325
2015 ,"'Group F Physical Sciences' ","'Scotland' ",2050
2015 ,"'Group F Physical Sciences' ","'Wales' ",1535
2015 ,"'Group G Mathematical Sciences' ","'England' ",7450
2015 ,"'Group G Mathematical Sciences' ","'Northern Ireland' ",135
2015 ,"'Group G Mathematical Sciences' ","'Scotland' ",765
2015 ,"'Group G Mathematical Sciences' ","'Wales' ",385
2015 ,"'Group H Engineering' ","'England' ",24515
2015 ,"'Group H Engineering' ","'Northern Ireland' ",755
2015 ,"'Group H Engineering' ","'Scotland' ",3730
2015 ,"'Group H Engineering' ","'Wales' ",1850
2015 ,"'Group I Computer Sciences' ","'England' ",21535
2015 ,"'Group I Computer Sciences' ","'Northern Ireland' ",920
2015 ,"'Group I Computer Sciences' ","'Scotland' ",2290
2015 ,"'Group I Computer Sciences' ","'Wales' ",1200
2015 ,"'Group J Technologies' ","'England' ",2005
2015 ,"'Group J Technologies' ","'Northern Ireland' ",25
2015 ,"'Group J Technologies' ","'Scotland' ",205
2015 ,"'Group J Technologies' ","'Wales' ",145
2015 ,"'Group K Architecture, Building and Planning' ","'England' ",6815
2015 ,"'Group K Architecture, Building and Planning' ","'Northern Ireland' ",360
2015 ,"'Group K Architecture, Building and Planning' ","'Scotland' ",950
2015 ,"'Group K Architecture, Building and Planning' ","'Wales' ",215
2015 ,"'Group L Social Studies' ","'England' ",39865
2015 ,"'Group L Social Studies' ","'Northern Ireland' ",800
2015 ,"'Group L Social Studies' ","'Scotland' ",3315
2015 ,"'Group L Social Studies' ","'Wales' ",2595
2015 ,"'Group M Law' ","'England' ",21305
2015 ,"'Group M Law' ","'Northern Ireland' ",465
2015 ,"'Group M Law' ","'Scotland' ",1520
2015 ,"'Group M Law' ","'Wales' ",1010
2015 ,"'Group N Business and Admin studies' ","'England' ",57070
2015 ,"'Group N Business and Admin studies' ","'Northern Ireland' ",1515
2015 ,"'Group N Business and Admin studies' ","'Scotland' ",5435
2015 ,"'Group N Business and Admin studies' ","'Wales' ",2485
2015 ,"'Group P Mass Communication and Documentation' ","'England' ",11755
2015 ,"'Group P Mass Communication and Documentation' ","'Northern Ireland' ",165
2015 ,"'Group P Mass Communication and Documentation' ","'Scotland' ",665
2015 ,"'Group P Mass Communication and Documentation' ","'Wales' ",450
2015 ,"'Group Q Linguistics, Classics and related' ","'England' ",10730
2015 ,"'Group Q Linguistics, Classics and related' ","'Northern Ireland' ",220
2015 ,"'Group Q Linguistics, Classics and related' ","'Scotland' ",840
2015 ,"'Group Q Linguistics, Classics and related' ","'Wales' ",785
2015 ,"'Group R European Languages, Literature and related' ","'England' ",3175
2015 ,"'Group R European Languages, Literature and related' ","'Northern Ireland' ",90
2015 ,"'Group R European Languages, Literature and related' ","'Scotland' ",385
2015 ,"'Group R European Languages, Literature and related' ","'Wales' ",165
2015 ,"'Group T Non-European Languages, Literature and related' ","'England' ",1165
2015 ,"'Group T Non-European Languages, Literature and related' ","'Scotland' ",55
2015 ,"'Group T Non-European Languages, Literature and related' ","'Wales' ",45
2015 ,"'Group V History and Philosophical studies' ","'England' ",13035
2015 ,"'Group V History and Philosophical studies' ","'Northern Ireland' ",215
2015 ,"'Group V History and Philosophical studies' ","'Scotland' ",1295
2015 ,"'Group V History and Philosophical studies' ","'Wales' ",950
2015 ,"'Group W Creative Arts and Design' ","'England' ",50320
2015 ,"'Group W Creative Arts and Design' ","'Northern Ireland' ",575
2015 ,"'Group W Creative Arts and Design' ","'Scotland' ",2665
2015 ,"'Group W Creative Arts and Design' ","'Wales' ",1865
2015 ,"'Group X Education' ","'England' ",16215
2015 ,"'Group X Education' ","'Northern Ireland' ",130
2015 ,"'Group X Education' ","'Scotland' ",3275
2015 ,"'Group X Education' ","'Wales' ",800
2015 ,"'Y Combined arts' ","'England' ",8300
2015 ,"'Y Combined arts' ","'Northern Ireland' ",110
2015 ,"'Y Combined arts' ","'Scotland' ",1000
2015 ,"'Y Combined arts' ","'Wales' ",540
2015 ,"'Y Combined sciences' ","'England' ",5985
2015 ,"'Y Combined sciences' ","'Northern Ireland' ",295
2015 ,"'Y Combined sciences' ","'Scotland' ",770
2015 ,"'Y Combined sciences' ","'Wales' ",350
2015 ,"'Y Combined social sciences' ","'England' ",4595
2015 ,"'Y Combined social sciences' ","'Northern Ireland' ",80
2015 ,"'Y Combined social sciences' ","'Scotland' ",695
2015 ,"'Y Combined social sciences' ","'Wales' ",280
2015 ,"'Y Sciences combined with Social Sciences or Arts' ","'England' ",11175
2015 ,"'Y Sciences combined with Social Sciences or Arts' ","'Northern Ireland' ",90
2015 ,"'Y Sciences combined with Social Sciences or Arts' ","'Scotland' ",1415
2015 ,"'Y Sciences combined with Social Sciences or Arts' ","'Wales' ",500
2015 ,"'Y Social Sciences combined with Arts' ","'England' ",8510
2015 ,"'Y Social Sciences combined with Arts' ","'Northern Ireland' ",130
2015 ,"'Y Social Sciences combined with Arts' ","'Scotland' ",1220
2015 ,"'Y Social Sciences combined with Arts' ","'Wales' ",375
2015 ,"'Z General, other combined and unknown' ","'England' ",6380
2015 ,"'Z General, other combined and unknown' ","'Northern Ireland' ",35
2015 ,"'Z General, other combined and unknown' ","'Scotland' ",330
2015 ,"'Z General, other combined and unknown' ","'Wales' ",180
2016 ,"'Group A Medicine and Dentistry' ","'England' ",7110
2016 ,"'Group A Medicine and Dentistry' ","'Northern Ireland' ",350
2016 ,"'Group A Medicine and Dentistry' ","'Scotland' ",1240
2016 ,"'Group A Medicine and Dentistry' ","'Wales' ",425
2016 ,"'Group B Subjects allied to Medicine' ","'England' ",45840
2016 ,"'Group B Subjects allied to Medicine' ","'Northern Ireland' ",1565
2016 ,"'Group B Subjects allied to Medicine' ","'Scotland' ",5340
2016 ,"'Group B Subjects allied to Medicine' ","'Wales' ",2705
2016 ,"'Group C Biological Sciences' ","'England' ",45440
2016 ,"'Group C Biological Sciences' ","'Northern Ireland' ",670
2016 ,"'Group C Biological Sciences' ","'Scotland' ",4305
2016 ,"'Group C Biological Sciences' ","'Wales' ",3785
2016 ,"'Group D Veterinary Sciences, Agriculture and related' ","'England' ",5695
2016 ,"'Group D Veterinary Sciences, Agriculture and related' ","'Northern Ireland' ",215
2016 ,"'Group D Veterinary Sciences, Agriculture and related' ","'Scotland' ",930
2016 ,"'Group D Veterinary Sciences, Agriculture and related' ","'Wales' ",305
2016 ,"'Group F Physical Sciences' ","'England' ",16535
2016 ,"'Group F Physical Sciences' ","'Northern Ireland' ",335
2016 ,"'Group F Physical Sciences' ","'Scotland' ",1900
2016 ,"'Group F Physical Sciences' ","'Wales' ",1445
2016 ,"'Group G Mathematical Sciences' ","'England' ",7840
2016 ,"'Group G Mathematical Sciences' ","'Northern Ireland' ",105
2016 ,"'Group G Mathematical Sciences' ","'Scotland' ",715
2016 ,"'Group G Mathematical Sciences' ","'Wales' ",410
2016 ,"'Group H Engineering' ","'England' ",24220
2016 ,"'Group H Engineering' ","'Northern Ireland' ",735
2016 ,"'Group H Engineering' ","'Scotland' ",3765
2016 ,"'Group H Engineering' ","'Wales' ",2055
2016 ,"'Group I Computer Sciences' ","'England' ",22165
2016 ,"'Group I Computer Sciences' ","'Northern Ireland' ",940
2016 ,"'Group I Computer Sciences' ","'Scotland' ",2535
2016 ,"'Group I Computer Sciences' ","'Wales' ",1200
2016 ,"'Group J Technologies' ","'England' ",1790
2016 ,"'Group J Technologies' ","'Northern Ireland' ",25
2016 ,"'Group J Technologies' ","'Scotland' ",225
2016 ,"'Group J Technologies' ","'Wales' ",120
2016 ,"'Group K Architecture, Building and Planning' ","'England' ",6900
2016 ,"'Group K Architecture, Building and Planning' ","'Northern Ireland' ",400
2016 ,"'Group K Architecture, Building and Planning' ","'Scotland' ",1015
2016 ,"'Group K Architecture, Building and Planning' ","'Wales' ",260
2016 ,"'Group L Social Studies' ","'England' ",41105
2016 ,"'Group L Social Studies' ","'Northern Ireland' ",880
2016 ,"'Group L Social Studies' ","'Scotland' ",3545
2016 ,"'Group L Social Studies' ","'Wales' ",2400
2016 ,"'Group M Law' ","'England' ",21645
2016 ,"'Group M Law' ","'Northern Ireland' ",580
2016 ,"'Group M Law' ","'Scotland' ",1705
2016 ,"'Group M Law' ","'Wales' ",1115
2016 ,"'Group N Business and Admin studies' ","'England' ",58060
2016 ,"'Group N Business and Admin studies' ","'Northern Ireland' ",1430
2016 ,"'Group N Business and Admin studies' ","'Scotland' ",5530
2016 ,"'Group N Business and Admin studies' ","'Wales' ",2640
2016 ,"'Group P Mass Communication and Documentation' ","'England' ",12100
2016 ,"'Group P Mass Communication and Documentation' ","'Northern Ireland' ",245
2016 ,"'Group P Mass Communication and Documentation' ","'Scotland' ",725
2016 ,"'Group P Mass Communication and Documentation' ","'Wales' ",565
2016 ,"'Group Q Linguistics, Classics and related' ","'England' ",10480
2016 ,"'Group Q Linguistics, Classics and related' ","'Northern Ireland' ",190
2016 ,"'Group Q Linguistics, Classics and related' ","'Scotland' ",860
2016 ,"'Group Q Linguistics, Classics and related' ","'Wales' ",715
2016 ,"'Group R European Languages, Literature and related' ","'England' ",2895
2016 ,"'Group R European Languages, Literature and related' ","'Northern Ireland' ",50
2016 ,"'Group R European Languages, Literature and related' ","'Scotland' ",415
2016 ,"'Group R European Languages, Literature and related' ","'Wales' ",150
2016 ,"'Group T Non-European Languages, Literature and related' ","'England' ",1070
2016 ,"'Group T Non-European Languages, Literature and related' ","'Scotland' ",50
2016 ,"'Group T Non-European Languages, Literature and related' ","'Wales' ",30
2016 ,"'Group V History and Philosophical studies' ","'England' ",13075
2016 ,"'Group V History and Philosophical studies' ","'Northern Ireland' ",255
2016 ,"'Group V History and Philosophical studies' ","'Scotland' ",1335
2016 ,"'Group V History and Philosophical studies' ","'Wales' ",1030
2016 ,"'Group W Creative Arts and Design' ","'England' ",49420
2016 ,"'Group W Creative Arts and Design' ","'Northern Ireland' ",575
2016 ,"'Group W Creative Arts and Design' ","'Scotland' ",2635
2016 ,"'Group W Creative Arts and Design' ","'Wales' ",1855
2016 ,"'Group X Education' ","'England' ",15710
2016 ,"'Group X Education' ","'Northern Ireland' ",135
2016 ,"'Group X Education' ","'Scotland' ",3385
2016 ,"'Group X Education' ","'Wales' ",940
2016 ,"'Y Combined arts' ","'England' ",7590
2016 ,"'Y Combined arts' ","'Northern Ireland' ",105
2016 ,"'Y Combined arts' ","'Scotland' ",1105
2016 ,"'Y Combined arts' ","'Wales' ",560
2016 ,"'Y Combined sciences' ","'England' ",5450
2016 ,"'Y Combined sciences' ","'Northern Ireland' ",280
2016 ,"'Y Combined sciences' ","'Scotland' ",730
2016 ,"'Y Combined sciences' ","'Wales' ",365
2016 ,"'Y Combined social sciences' ","'England' ",4500
2016 ,"'Y Combined social sciences' ","'Northern Ireland' ",70
2016 ,"'Y Combined social sciences' ","'Scotland' ",680
2016 ,"'Y Combined social sciences' ","'Wales' ",295
2016 ,"'Y Sciences combined with Social Sciences or Arts' ","'England' ",9940
2016 ,"'Y Sciences combined with Social Sciences or Arts' ","'Northern Ireland' ",100
2016 ,"'Y Sciences combined with Social Sciences or Arts' ","'Scotland' ",1565
2016 ,"'Y Sciences combined with Social Sciences or Arts' ","'Wales' ",420
2016 ,"'Y Social Sciences combined with Arts' ","'England' ",7890
2016 ,"'Y Social Sciences combined with Arts' ","'Northern Ireland' ",190
2016 ,"'Y Social Sciences combined with Arts' ","'Scotland' ",1285
2016 ,"'Y Social Sciences combined with Arts' ","'Wales' ",385
2016 ,"'Z General, other combined and unknown' ","'England' ",6085
2016 ,"'Z General, other combined and unknown' ","'Northern Ireland' ",35
2016 ,"'Z General, other combined and unknown' ","'Scotland' ",365
2016 ,"'Z General, other combined and unknown' ","'Wales' ",115
