"Statistic:   Number of Acceptances"
"Variables:   Provider Country 2016 , Applicant Domicile (UK / EU / Not EU) , Acceptance Route , Cycle Year"
"Coverage:   All"
"For a list of key definitions and descriptions please refer to the PDF file provided - EOC_data_resource_2016-DR3_005_07.pdf"
 
Cycle Year,Provider Country 2016 , Applicant Domicile (UK / EU / Not EU) , Acceptance Route,Number of Acceptances,
2006 ,"'England' ","'UK' ","'Firm choice' ",212990
2006 ,"'England' ","'UK' ","'Insurance choice' ",15365
2006 ,"'England' ","'UK' ","'Other main scheme choice' ",9940
2006 ,"'England' ","'UK' ","'Extra' ",2575
2006 ,"'England' ","'UK' ","'Main scheme Clearing' ",21860
2006 ,"'England' ","'UK' ","'Direct Clearing' ",7070
2006 ,"'England' ","'UK' ","'RPA' ",16500
2006 ,"'England' ","'EU (excluding UK)' ","'Firm choice' ",9830
2006 ,"'England' ","'EU (excluding UK)' ","'Insurance choice' ",725
2006 ,"'England' ","'EU (excluding UK)' ","'Other main scheme choice' ",1340
2006 ,"'England' ","'EU (excluding UK)' ","'Extra' ",130
2006 ,"'England' ","'EU (excluding UK)' ","'Main scheme Clearing' ",810
2006 ,"'England' ","'EU (excluding UK)' ","'Direct Clearing' ",530
2006 ,"'England' ","'EU (excluding UK)' ","'RPA' ",930
2006 ,"'England' ","'Not EU' ","'Firm choice' ",14525
2006 ,"'England' ","'Not EU' ","'Insurance choice' ",1625
2006 ,"'England' ","'Not EU' ","'Other main scheme choice' ",2980
2006 ,"'England' ","'Not EU' ","'Extra' ",170
2006 ,"'England' ","'Not EU' ","'Main scheme Clearing' ",2080
2006 ,"'England' ","'Not EU' ","'Direct Clearing' ",415
2006 ,"'England' ","'Not EU' ","'RPA' ",2875
2006 ,"'Northern Ireland' ","'UK' ","'Firm choice' ",6205
2006 ,"'Northern Ireland' ","'UK' ","'Insurance choice' ",1005
2006 ,"'Northern Ireland' ","'UK' ","'Other main scheme choice' ",110
2006 ,"'Northern Ireland' ","'UK' ","'Extra' ",45
2006 ,"'Northern Ireland' ","'UK' ","'Main scheme Clearing' ",635
2006 ,"'Northern Ireland' ","'UK' ","'Direct Clearing' ",100
2006 ,"'Northern Ireland' ","'UK' ","'RPA' ",60
2006 ,"'Northern Ireland' ","'EU (excluding UK)' ","'Firm choice' ",275
2006 ,"'Northern Ireland' ","'EU (excluding UK)' ","'Insurance choice' ",40
2006 ,"'Northern Ireland' ","'EU (excluding UK)' ","'Other main scheme choice' ",10
2006 ,"'Northern Ireland' ","'EU (excluding UK)' ","'Main scheme Clearing' ",20
2006 ,"'Northern Ireland' ","'EU (excluding UK)' ","'Direct Clearing' ",10
2006 ,"'Northern Ireland' ","'EU (excluding UK)' ","'RPA' ",5
2006 ,"'Northern Ireland' ","'Not EU' ","'Firm choice' ",25
2006 ,"'Northern Ireland' ","'Not EU' ","'Other main scheme choice' ",5
2006 ,"'Northern Ireland' ","'Not EU' ","'Main scheme Clearing' ",10
2006 ,"'Northern Ireland' ","'Not EU' ","'Direct Clearing' ",5
2006 ,"'Northern Ireland' ","'Not EU' ","'RPA' ",5
2006 ,"'Scotland' ","'UK' ","'Firm choice' ",23135
2006 ,"'Scotland' ","'UK' ","'Insurance choice' ",1835
2006 ,"'Scotland' ","'UK' ","'Other main scheme choice' ",1000
2006 ,"'Scotland' ","'UK' ","'Extra' ",150
2006 ,"'Scotland' ","'UK' ","'Main scheme Clearing' ",1755
2006 ,"'Scotland' ","'UK' ","'Direct Clearing' ",415
2006 ,"'Scotland' ","'UK' ","'RPA' ",1590
2006 ,"'Scotland' ","'EU (excluding UK)' ","'Firm choice' ",1965
2006 ,"'Scotland' ","'EU (excluding UK)' ","'Insurance choice' ",125
2006 ,"'Scotland' ","'EU (excluding UK)' ","'Other main scheme choice' ",460
2006 ,"'Scotland' ","'EU (excluding UK)' ","'Extra' ",15
2006 ,"'Scotland' ","'EU (excluding UK)' ","'Main scheme Clearing' ",125
2006 ,"'Scotland' ","'EU (excluding UK)' ","'Direct Clearing' ",55
2006 ,"'Scotland' ","'EU (excluding UK)' ","'RPA' ",140
2006 ,"'Scotland' ","'Not EU' ","'Firm choice' ",1065
2006 ,"'Scotland' ","'Not EU' ","'Insurance choice' ",95
2006 ,"'Scotland' ","'Not EU' ","'Other main scheme choice' ",250
2006 ,"'Scotland' ","'Not EU' ","'Extra' ",15
2006 ,"'Scotland' ","'Not EU' ","'Main scheme Clearing' ",110
2006 ,"'Scotland' ","'Not EU' ","'Direct Clearing' ",30
2006 ,"'Scotland' ","'Not EU' ","'RPA' ",985
2006 ,"'Wales' ","'UK' ","'Firm choice' ",15360
2006 ,"'Wales' ","'UK' ","'Insurance choice' ",930
2006 ,"'Wales' ","'UK' ","'Other main scheme choice' ",595
2006 ,"'Wales' ","'UK' ","'Extra' ",155
2006 ,"'Wales' ","'UK' ","'Main scheme Clearing' ",1250
2006 ,"'Wales' ","'UK' ","'Direct Clearing' ",540
2006 ,"'Wales' ","'UK' ","'RPA' ",1200
2006 ,"'Wales' ","'EU (excluding UK)' ","'Firm choice' ",455
2006 ,"'Wales' ","'EU (excluding UK)' ","'Insurance choice' ",25
2006 ,"'Wales' ","'EU (excluding UK)' ","'Other main scheme choice' ",115
2006 ,"'Wales' ","'EU (excluding UK)' ","'Extra' ",10
2006 ,"'Wales' ","'EU (excluding UK)' ","'Main scheme Clearing' ",50
2006 ,"'Wales' ","'EU (excluding UK)' ","'Direct Clearing' ",65
2006 ,"'Wales' ","'EU (excluding UK)' ","'RPA' ",25
2006 ,"'Wales' ","'Not EU' ","'Firm choice' ",480
2006 ,"'Wales' ","'Not EU' ","'Insurance choice' ",50
2006 ,"'Wales' ","'Not EU' ","'Other main scheme choice' ",135
2006 ,"'Wales' ","'Not EU' ","'Main scheme Clearing' ",90
2006 ,"'Wales' ","'Not EU' ","'Direct Clearing' ",15
2006 ,"'Wales' ","'Not EU' ","'RPA' ",205
2007 ,"'England' ","'UK' ","'Firm choice' ",225185
2007 ,"'England' ","'UK' ","'Insurance choice' ",17025
2007 ,"'England' ","'UK' ","'Other main scheme choice' ",10405
2007 ,"'England' ","'UK' ","'Extra' ",2965
2007 ,"'England' ","'UK' ","'Main scheme Clearing' ",22970
2007 ,"'England' ","'UK' ","'Direct Clearing' ",7065
2007 ,"'England' ","'UK' ","'RPA' ",18105
2007 ,"'England' ","'EU (excluding UK)' ","'Firm choice' ",11325
2007 ,"'England' ","'EU (excluding UK)' ","'Insurance choice' ",895
2007 ,"'England' ","'EU (excluding UK)' ","'Other main scheme choice' ",1300
2007 ,"'England' ","'EU (excluding UK)' ","'Extra' ",130
2007 ,"'England' ","'EU (excluding UK)' ","'Main scheme Clearing' ",825
2007 ,"'England' ","'EU (excluding UK)' ","'Direct Clearing' ",385
2007 ,"'England' ","'EU (excluding UK)' ","'RPA' ",1155
2007 ,"'England' ","'Not EU' ","'Firm choice' ",14785
2007 ,"'England' ","'Not EU' ","'Insurance choice' ",1850
2007 ,"'England' ","'Not EU' ","'Other main scheme choice' ",2810
2007 ,"'England' ","'Not EU' ","'Extra' ",185
2007 ,"'England' ","'Not EU' ","'Main scheme Clearing' ",2000
2007 ,"'England' ","'Not EU' ","'Direct Clearing' ",390
2007 ,"'England' ","'Not EU' ","'RPA' ",3435
2007 ,"'Northern Ireland' ","'UK' ","'Firm choice' ",6855
2007 ,"'Northern Ireland' ","'UK' ","'Insurance choice' ",920
2007 ,"'Northern Ireland' ","'UK' ","'Other main scheme choice' ",160
2007 ,"'Northern Ireland' ","'UK' ","'Extra' ",65
2007 ,"'Northern Ireland' ","'UK' ","'Main scheme Clearing' ",575
2007 ,"'Northern Ireland' ","'UK' ","'Direct Clearing' ",165
2007 ,"'Northern Ireland' ","'EU (excluding UK)' ","'Firm choice' ",375
2007 ,"'Northern Ireland' ","'EU (excluding UK)' ","'Insurance choice' ",50
2007 ,"'Northern Ireland' ","'EU (excluding UK)' ","'Other main scheme choice' ",15
2007 ,"'Northern Ireland' ","'EU (excluding UK)' ","'Main scheme Clearing' ",25
2007 ,"'Northern Ireland' ","'EU (excluding UK)' ","'Direct Clearing' ",20
2007 ,"'Northern Ireland' ","'Not EU' ","'Firm choice' ",35
2007 ,"'Northern Ireland' ","'Not EU' ","'Other main scheme choice' ",10
2007 ,"'Northern Ireland' ","'Not EU' ","'Main scheme Clearing' ",5
2007 ,"'Northern Ireland' ","'Not EU' ","'Direct Clearing' ",5
2007 ,"'Northern Ireland' ","'Not EU' ","'RPA' ",5
2007 ,"'Scotland' ","'UK' ","'Firm choice' ",23585
2007 ,"'Scotland' ","'UK' ","'Insurance choice' ",1660
2007 ,"'Scotland' ","'UK' ","'Other main scheme choice' ",995
2007 ,"'Scotland' ","'UK' ","'Extra' ",170
2007 ,"'Scotland' ","'UK' ","'Main scheme Clearing' ",1715
2007 ,"'Scotland' ","'UK' ","'Direct Clearing' ",460
2007 ,"'Scotland' ","'UK' ","'RPA' ",1815
2007 ,"'Scotland' ","'EU (excluding UK)' ","'Firm choice' ",2525
2007 ,"'Scotland' ","'EU (excluding UK)' ","'Insurance choice' ",140
2007 ,"'Scotland' ","'EU (excluding UK)' ","'Other main scheme choice' ",360
2007 ,"'Scotland' ","'EU (excluding UK)' ","'Extra' ",15
2007 ,"'Scotland' ","'EU (excluding UK)' ","'Main scheme Clearing' ",150
2007 ,"'Scotland' ","'EU (excluding UK)' ","'Direct Clearing' ",75
2007 ,"'Scotland' ","'EU (excluding UK)' ","'RPA' ",115
2007 ,"'Scotland' ","'Not EU' ","'Firm choice' ",1235
2007 ,"'Scotland' ","'Not EU' ","'Insurance choice' ",105
2007 ,"'Scotland' ","'Not EU' ","'Other main scheme choice' ",265
2007 ,"'Scotland' ","'Not EU' ","'Extra' ",40
2007 ,"'Scotland' ","'Not EU' ","'Main scheme Clearing' ",135
2007 ,"'Scotland' ","'Not EU' ","'Direct Clearing' ",35
2007 ,"'Scotland' ","'Not EU' ","'RPA' ",880
2007 ,"'Wales' ","'UK' ","'Firm choice' ",15970
2007 ,"'Wales' ","'UK' ","'Insurance choice' ",1010
2007 ,"'Wales' ","'UK' ","'Other main scheme choice' ",565
2007 ,"'Wales' ","'UK' ","'Extra' ",180
2007 ,"'Wales' ","'UK' ","'Main scheme Clearing' ",1165
2007 ,"'Wales' ","'UK' ","'Direct Clearing' ",535
2007 ,"'Wales' ","'UK' ","'RPA' ",1090
2007 ,"'Wales' ","'EU (excluding UK)' ","'Firm choice' ",510
2007 ,"'Wales' ","'EU (excluding UK)' ","'Insurance choice' ",30
2007 ,"'Wales' ","'EU (excluding UK)' ","'Other main scheme choice' ",85
2007 ,"'Wales' ","'EU (excluding UK)' ","'Extra' ",5
2007 ,"'Wales' ","'EU (excluding UK)' ","'Main scheme Clearing' ",35
2007 ,"'Wales' ","'EU (excluding UK)' ","'Direct Clearing' ",35
2007 ,"'Wales' ","'EU (excluding UK)' ","'RPA' ",75
2007 ,"'Wales' ","'Not EU' ","'Firm choice' ",600
2007 ,"'Wales' ","'Not EU' ","'Insurance choice' ",70
2007 ,"'Wales' ","'Not EU' ","'Other main scheme choice' ",135
2007 ,"'Wales' ","'Not EU' ","'Extra' ",5
2007 ,"'Wales' ","'Not EU' ","'Main scheme Clearing' ",80
2007 ,"'Wales' ","'Not EU' ","'Direct Clearing' ",15
2007 ,"'Wales' ","'Not EU' ","'RPA' ",290
2008 ,"'England' ","'UK' ","'Firm choice' ",249130
2008 ,"'England' ","'UK' ","'Insurance choice' ",19745
2008 ,"'England' ","'UK' ","'Other main scheme choice' ",11665
2008 ,"'England' ","'UK' ","'Extra' ",4295
2008 ,"'England' ","'UK' ","'Main scheme Clearing' ",25890
2008 ,"'England' ","'UK' ","'Direct Clearing' ",8290
2008 ,"'England' ","'UK' ","'RPA' ",20800
2008 ,"'England' ","'EU (excluding UK)' ","'Firm choice' ",11495
2008 ,"'England' ","'EU (excluding UK)' ","'Insurance choice' ",1030
2008 ,"'England' ","'EU (excluding UK)' ","'Other main scheme choice' ",1100
2008 ,"'England' ","'EU (excluding UK)' ","'Extra' ",190
2008 ,"'England' ","'EU (excluding UK)' ","'Main scheme Clearing' ",875
2008 ,"'England' ","'EU (excluding UK)' ","'Direct Clearing' ",395
2008 ,"'England' ","'EU (excluding UK)' ","'RPA' ",1100
2008 ,"'England' ","'Not EU' ","'Firm choice' ",15715
2008 ,"'England' ","'Not EU' ","'Insurance choice' ",2070
2008 ,"'England' ","'Not EU' ","'Other main scheme choice' ",2430
2008 ,"'England' ","'Not EU' ","'Extra' ",250
2008 ,"'England' ","'Not EU' ","'Main scheme Clearing' ",2290
2008 ,"'England' ","'Not EU' ","'Direct Clearing' ",380
2008 ,"'England' ","'Not EU' ","'RPA' ",3395
2008 ,"'Northern Ireland' ","'UK' ","'Firm choice' ",7440
2008 ,"'Northern Ireland' ","'UK' ","'Insurance choice' ",795
2008 ,"'Northern Ireland' ","'UK' ","'Other main scheme choice' ",135
2008 ,"'Northern Ireland' ","'UK' ","'Extra' ",80
2008 ,"'Northern Ireland' ","'UK' ","'Main scheme Clearing' ",610
2008 ,"'Northern Ireland' ","'UK' ","'Direct Clearing' ",225
2008 ,"'Northern Ireland' ","'UK' ","'RPA' ",20
2008 ,"'Northern Ireland' ","'EU (excluding UK)' ","'Firm choice' ",335
2008 ,"'Northern Ireland' ","'EU (excluding UK)' ","'Insurance choice' ",50
2008 ,"'Northern Ireland' ","'EU (excluding UK)' ","'Other main scheme choice' ",10
2008 ,"'Northern Ireland' ","'EU (excluding UK)' ","'Main scheme Clearing' ",25
2008 ,"'Northern Ireland' ","'EU (excluding UK)' ","'Direct Clearing' ",15
2008 ,"'Northern Ireland' ","'EU (excluding UK)' ","'RPA' ",10
2008 ,"'Northern Ireland' ","'Not EU' ","'Firm choice' ",40
2008 ,"'Northern Ireland' ","'Not EU' ","'Insurance choice' ",5
2008 ,"'Northern Ireland' ","'Not EU' ","'Other main scheme choice' ",5
2008 ,"'Northern Ireland' ","'Not EU' ","'Main scheme Clearing' ",15
2008 ,"'Northern Ireland' ","'Not EU' ","'RPA' ",5
2008 ,"'Scotland' ","'UK' ","'Firm choice' ",24340
2008 ,"'Scotland' ","'UK' ","'Insurance choice' ",1935
2008 ,"'Scotland' ","'UK' ","'Other main scheme choice' ",1015
2008 ,"'Scotland' ","'UK' ","'Extra' ",235
2008 ,"'Scotland' ","'UK' ","'Main scheme Clearing' ",1750
2008 ,"'Scotland' ","'UK' ","'Direct Clearing' ",475
2008 ,"'Scotland' ","'UK' ","'RPA' ",3380
2008 ,"'Scotland' ","'EU (excluding UK)' ","'Firm choice' ",2810
2008 ,"'Scotland' ","'EU (excluding UK)' ","'Insurance choice' ",185
2008 ,"'Scotland' ","'EU (excluding UK)' ","'Other main scheme choice' ",330
2008 ,"'Scotland' ","'EU (excluding UK)' ","'Extra' ",35
2008 ,"'Scotland' ","'EU (excluding UK)' ","'Main scheme Clearing' ",160
2008 ,"'Scotland' ","'EU (excluding UK)' ","'Direct Clearing' ",75
2008 ,"'Scotland' ","'EU (excluding UK)' ","'RPA' ",295
2008 ,"'Scotland' ","'Not EU' ","'Firm choice' ",1540
2008 ,"'Scotland' ","'Not EU' ","'Insurance choice' ",155
2008 ,"'Scotland' ","'Not EU' ","'Other main scheme choice' ",280
2008 ,"'Scotland' ","'Not EU' ","'Extra' ",15
2008 ,"'Scotland' ","'Not EU' ","'Main scheme Clearing' ",150
2008 ,"'Scotland' ","'Not EU' ","'Direct Clearing' ",35
2008 ,"'Scotland' ","'Not EU' ","'RPA' ",1420
2008 ,"'Wales' ","'UK' ","'Firm choice' ",16295
2008 ,"'Wales' ","'UK' ","'Insurance choice' ",1125
2008 ,"'Wales' ","'UK' ","'Other main scheme choice' ",540
2008 ,"'Wales' ","'UK' ","'Extra' ",205
2008 ,"'Wales' ","'UK' ","'Main scheme Clearing' ",1385
2008 ,"'Wales' ","'UK' ","'Direct Clearing' ",650
2008 ,"'Wales' ","'UK' ","'RPA' ",1400
2008 ,"'Wales' ","'EU (excluding UK)' ","'Firm choice' ",515
2008 ,"'Wales' ","'EU (excluding UK)' ","'Insurance choice' ",30
2008 ,"'Wales' ","'EU (excluding UK)' ","'Other main scheme choice' ",60
2008 ,"'Wales' ","'EU (excluding UK)' ","'Main scheme Clearing' ",45
2008 ,"'Wales' ","'EU (excluding UK)' ","'Direct Clearing' ",55
2008 ,"'Wales' ","'EU (excluding UK)' ","'RPA' ",120
2008 ,"'Wales' ","'Not EU' ","'Firm choice' ",555
2008 ,"'Wales' ","'Not EU' ","'Insurance choice' ",70
2008 ,"'Wales' ","'Not EU' ","'Other main scheme choice' ",120
2008 ,"'Wales' ","'Not EU' ","'Extra' ",10
2008 ,"'Wales' ","'Not EU' ","'Main scheme Clearing' ",65
2008 ,"'Wales' ","'Not EU' ","'Direct Clearing' ",25
2008 ,"'Wales' ","'Not EU' ","'RPA' ",355
2009 ,"'England' ","'UK' ","'Firm choice' ",258495
2009 ,"'England' ","'UK' ","'Insurance choice' ",24270
2009 ,"'England' ","'UK' ","'Other main scheme choice' ",15320
2009 ,"'England' ","'UK' ","'Extra' ",4485
2009 ,"'England' ","'UK' ","'Adjustment' ",285
2009 ,"'England' ","'UK' ","'Main scheme Clearing' ",27955
2009 ,"'England' ","'UK' ","'Direct Clearing' ",8290
2009 ,"'England' ","'UK' ","'RPA' ",15925
2009 ,"'England' ","'EU (excluding UK)' ","'Firm choice' ",12710
2009 ,"'England' ","'EU (excluding UK)' ","'Insurance choice' ",1050
2009 ,"'England' ","'EU (excluding UK)' ","'Other main scheme choice' ",1440
2009 ,"'England' ","'EU (excluding UK)' ","'Extra' ",255
2009 ,"'England' ","'EU (excluding UK)' ","'Adjustment' ",10
2009 ,"'England' ","'EU (excluding UK)' ","'Main scheme Clearing' ",965
2009 ,"'England' ","'EU (excluding UK)' ","'Direct Clearing' ",340
2009 ,"'England' ","'EU (excluding UK)' ","'RPA' ",995
2009 ,"'England' ","'Not EU' ","'Firm choice' ",15805
2009 ,"'England' ","'Not EU' ","'Insurance choice' ",2290
2009 ,"'England' ","'Not EU' ","'Other main scheme choice' ",2725
2009 ,"'England' ","'Not EU' ","'Extra' ",285
2009 ,"'England' ","'Not EU' ","'Adjustment' ",30
2009 ,"'England' ","'Not EU' ","'Main scheme Clearing' ",2445
2009 ,"'England' ","'Not EU' ","'Direct Clearing' ",405
2009 ,"'England' ","'Not EU' ","'RPA' ",5450
2009 ,"'Northern Ireland' ","'UK' ","'Firm choice' ",7395
2009 ,"'Northern Ireland' ","'UK' ","'Insurance choice' ",1145
2009 ,"'Northern Ireland' ","'UK' ","'Other main scheme choice' ",175
2009 ,"'Northern Ireland' ","'UK' ","'Extra' ",70
2009 ,"'Northern Ireland' ","'UK' ","'Adjustment' ",25
2009 ,"'Northern Ireland' ","'UK' ","'Main scheme Clearing' ",590
2009 ,"'Northern Ireland' ","'UK' ","'Direct Clearing' ",180
2009 ,"'Northern Ireland' ","'UK' ","'RPA' ",20
2009 ,"'Northern Ireland' ","'EU (excluding UK)' ","'Firm choice' ",345
2009 ,"'Northern Ireland' ","'EU (excluding UK)' ","'Insurance choice' ",50
2009 ,"'Northern Ireland' ","'EU (excluding UK)' ","'Other main scheme choice' ",25
2009 ,"'Northern Ireland' ","'EU (excluding UK)' ","'Extra' ",5
2009 ,"'Northern Ireland' ","'EU (excluding UK)' ","'Main scheme Clearing' ",25
2009 ,"'Northern Ireland' ","'EU (excluding UK)' ","'Direct Clearing' ",15
2009 ,"'Northern Ireland' ","'Not EU' ","'Firm choice' ",45
2009 ,"'Northern Ireland' ","'Not EU' ","'Insurance choice' ",5
2009 ,"'Northern Ireland' ","'Not EU' ","'Other main scheme choice' ",5
2009 ,"'Northern Ireland' ","'Not EU' ","'Extra' ",5
2009 ,"'Northern Ireland' ","'Not EU' ","'Main scheme Clearing' ",5
2009 ,"'Northern Ireland' ","'Not EU' ","'RPA' ",25
2009 ,"'Scotland' ","'UK' ","'Firm choice' ",25520
2009 ,"'Scotland' ","'UK' ","'Insurance choice' ",2270
2009 ,"'Scotland' ","'UK' ","'Other main scheme choice' ",1110
2009 ,"'Scotland' ","'UK' ","'Extra' ",215
2009 ,"'Scotland' ","'UK' ","'Adjustment' ",5
2009 ,"'Scotland' ","'UK' ","'Main scheme Clearing' ",2235
2009 ,"'Scotland' ","'UK' ","'Direct Clearing' ",685
2009 ,"'Scotland' ","'UK' ","'RPA' ",3115
2009 ,"'Scotland' ","'EU (excluding UK)' ","'Firm choice' ",3210
2009 ,"'Scotland' ","'EU (excluding UK)' ","'Insurance choice' ",200
2009 ,"'Scotland' ","'EU (excluding UK)' ","'Other main scheme choice' ",405
2009 ,"'Scotland' ","'EU (excluding UK)' ","'Extra' ",35
2009 ,"'Scotland' ","'EU (excluding UK)' ","'Main scheme Clearing' ",205
2009 ,"'Scotland' ","'EU (excluding UK)' ","'Direct Clearing' ",85
2009 ,"'Scotland' ","'EU (excluding UK)' ","'RPA' ",360
2009 ,"'Scotland' ","'Not EU' ","'Firm choice' ",1505
2009 ,"'Scotland' ","'Not EU' ","'Insurance choice' ",170
2009 ,"'Scotland' ","'Not EU' ","'Other main scheme choice' ",205
2009 ,"'Scotland' ","'Not EU' ","'Extra' ",10
2009 ,"'Scotland' ","'Not EU' ","'Main scheme Clearing' ",150
2009 ,"'Scotland' ","'Not EU' ","'Direct Clearing' ",45
2009 ,"'Scotland' ","'Not EU' ","'RPA' ",1325
2009 ,"'Wales' ","'UK' ","'Firm choice' ",17165
2009 ,"'Wales' ","'UK' ","'Insurance choice' ",1705
2009 ,"'Wales' ","'UK' ","'Other main scheme choice' ",885
2009 ,"'Wales' ","'UK' ","'Extra' ",235
2009 ,"'Wales' ","'UK' ","'Adjustment' ",25
2009 ,"'Wales' ","'UK' ","'Main scheme Clearing' ",2140
2009 ,"'Wales' ","'UK' ","'Direct Clearing' ",715
2009 ,"'Wales' ","'UK' ","'RPA' ",1310
2009 ,"'Wales' ","'EU (excluding UK)' ","'Firm choice' ",655
2009 ,"'Wales' ","'EU (excluding UK)' ","'Insurance choice' ",55
2009 ,"'Wales' ","'EU (excluding UK)' ","'Other main scheme choice' ",100
2009 ,"'Wales' ","'EU (excluding UK)' ","'Extra' ",10
2009 ,"'Wales' ","'EU (excluding UK)' ","'Main scheme Clearing' ",60
2009 ,"'Wales' ","'EU (excluding UK)' ","'Direct Clearing' ",35
2009 ,"'Wales' ","'EU (excluding UK)' ","'RPA' ",170
2009 ,"'Wales' ","'Not EU' ","'Firm choice' ",615
2009 ,"'Wales' ","'Not EU' ","'Insurance choice' ",90
2009 ,"'Wales' ","'Not EU' ","'Other main scheme choice' ",130
2009 ,"'Wales' ","'Not EU' ","'Extra' ",15
2009 ,"'Wales' ","'Not EU' ","'Main scheme Clearing' ",90
2009 ,"'Wales' ","'Not EU' ","'Direct Clearing' ",15
2009 ,"'Wales' ","'Not EU' ","'RPA' ",205
2010 ,"'England' ","'UK' ","'Firm choice' ",268605
2010 ,"'England' ","'UK' ","'Insurance choice' ",27670
2010 ,"'England' ","'UK' ","'Other main scheme choice' ",8780
2010 ,"'England' ","'UK' ","'Extra' ",5575
2010 ,"'England' ","'UK' ","'Adjustment' ",275
2010 ,"'England' ","'UK' ","'Main scheme Clearing' ",30710
2010 ,"'England' ","'UK' ","'Direct Clearing' ",6435
2010 ,"'England' ","'UK' ","'RPA' ",8445
2010 ,"'England' ","'EU (excluding UK)' ","'Firm choice' ",14720
2010 ,"'England' ","'EU (excluding UK)' ","'Insurance choice' ",1385
2010 ,"'England' ","'EU (excluding UK)' ","'Other main scheme choice' ",1085
2010 ,"'England' ","'EU (excluding UK)' ","'Extra' ",300
2010 ,"'England' ","'EU (excluding UK)' ","'Adjustment' ",10
2010 ,"'England' ","'EU (excluding UK)' ","'Main scheme Clearing' ",1165
2010 ,"'England' ","'EU (excluding UK)' ","'Direct Clearing' ",360
2010 ,"'England' ","'EU (excluding UK)' ","'RPA' ",960
2010 ,"'England' ","'Not EU' ","'Firm choice' ",17955
2010 ,"'England' ","'Not EU' ","'Insurance choice' ",2490
2010 ,"'England' ","'Not EU' ","'Other main scheme choice' ",2145
2010 ,"'England' ","'Not EU' ","'Extra' ",335
2010 ,"'England' ","'Not EU' ","'Adjustment' ",40
2010 ,"'England' ","'Not EU' ","'Main scheme Clearing' ",2435
2010 ,"'England' ","'Not EU' ","'Direct Clearing' ",450
2010 ,"'England' ","'Not EU' ","'RPA' ",7755
2010 ,"'Northern Ireland' ","'UK' ","'Firm choice' ",7245
2010 ,"'Northern Ireland' ","'UK' ","'Insurance choice' ",1195
2010 ,"'Northern Ireland' ","'UK' ","'Other main scheme choice' ",100
2010 ,"'Northern Ireland' ","'UK' ","'Extra' ",100
2010 ,"'Northern Ireland' ","'UK' ","'Adjustment' ",20
2010 ,"'Northern Ireland' ","'UK' ","'Main scheme Clearing' ",345
2010 ,"'Northern Ireland' ","'UK' ","'Direct Clearing' ",50
2010 ,"'Northern Ireland' ","'UK' ","'RPA' ",30
2010 ,"'Northern Ireland' ","'EU (excluding UK)' ","'Firm choice' ",410
2010 ,"'Northern Ireland' ","'EU (excluding UK)' ","'Insurance choice' ",70
2010 ,"'Northern Ireland' ","'EU (excluding UK)' ","'Other main scheme choice' ",20
2010 ,"'Northern Ireland' ","'EU (excluding UK)' ","'Extra' ",5
2010 ,"'Northern Ireland' ","'EU (excluding UK)' ","'Main scheme Clearing' ",15
2010 ,"'Northern Ireland' ","'EU (excluding UK)' ","'Direct Clearing' ",5
2010 ,"'Northern Ireland' ","'EU (excluding UK)' ","'RPA' ",30
2010 ,"'Northern Ireland' ","'Not EU' ","'Firm choice' ",40
2010 ,"'Northern Ireland' ","'Not EU' ","'Insurance choice' ",5
2010 ,"'Northern Ireland' ","'Not EU' ","'Other main scheme choice' ",10
2010 ,"'Northern Ireland' ","'Not EU' ","'Extra' ",5
2010 ,"'Northern Ireland' ","'Not EU' ","'Main scheme Clearing' ",5
2010 ,"'Northern Ireland' ","'Not EU' ","'RPA' ",45
2010 ,"'Scotland' ","'UK' ","'Firm choice' ",26845
2010 ,"'Scotland' ","'UK' ","'Insurance choice' ",2415
2010 ,"'Scotland' ","'UK' ","'Other main scheme choice' ",765
2010 ,"'Scotland' ","'UK' ","'Extra' ",295
2010 ,"'Scotland' ","'UK' ","'Main scheme Clearing' ",1710
2010 ,"'Scotland' ","'UK' ","'Direct Clearing' ",220
2010 ,"'Scotland' ","'UK' ","'RPA' ",2800
2010 ,"'Scotland' ","'EU (excluding UK)' ","'Firm choice' ",3205
2010 ,"'Scotland' ","'EU (excluding UK)' ","'Insurance choice' ",220
2010 ,"'Scotland' ","'EU (excluding UK)' ","'Other main scheme choice' ",100
2010 ,"'Scotland' ","'EU (excluding UK)' ","'Extra' ",40
2010 ,"'Scotland' ","'EU (excluding UK)' ","'Main scheme Clearing' ",105
2010 ,"'Scotland' ","'EU (excluding UK)' ","'Direct Clearing' ",10
2010 ,"'Scotland' ","'EU (excluding UK)' ","'RPA' ",335
2010 ,"'Scotland' ","'Not EU' ","'Firm choice' ",1620
2010 ,"'Scotland' ","'Not EU' ","'Insurance choice' ",190
2010 ,"'Scotland' ","'Not EU' ","'Other main scheme choice' ",150
2010 ,"'Scotland' ","'Not EU' ","'Extra' ",25
2010 ,"'Scotland' ","'Not EU' ","'Adjustment' ",5
2010 ,"'Scotland' ","'Not EU' ","'Main scheme Clearing' ",150
2010 ,"'Scotland' ","'Not EU' ","'Direct Clearing' ",25
2010 ,"'Scotland' ","'Not EU' ","'RPA' ",1090
2010 ,"'Wales' ","'UK' ","'Firm choice' ",16920
2010 ,"'Wales' ","'UK' ","'Insurance choice' ",1675
2010 ,"'Wales' ","'UK' ","'Other main scheme choice' ",410
2010 ,"'Wales' ","'UK' ","'Extra' ",315
2010 ,"'Wales' ","'UK' ","'Adjustment' ",25
2010 ,"'Wales' ","'UK' ","'Main scheme Clearing' ",2135
2010 ,"'Wales' ","'UK' ","'Direct Clearing' ",365
2010 ,"'Wales' ","'UK' ","'RPA' ",960
2010 ,"'Wales' ","'EU (excluding UK)' ","'Firm choice' ",655
2010 ,"'Wales' ","'EU (excluding UK)' ","'Insurance choice' ",65
2010 ,"'Wales' ","'EU (excluding UK)' ","'Other main scheme choice' ",50
2010 ,"'Wales' ","'EU (excluding UK)' ","'Extra' ",10
2010 ,"'Wales' ","'EU (excluding UK)' ","'Main scheme Clearing' ",70
2010 ,"'Wales' ","'EU (excluding UK)' ","'Direct Clearing' ",25
2010 ,"'Wales' ","'EU (excluding UK)' ","'RPA' ",165
2010 ,"'Wales' ","'Not EU' ","'Firm choice' ",585
2010 ,"'Wales' ","'Not EU' ","'Insurance choice' ",85
2010 ,"'Wales' ","'Not EU' ","'Other main scheme choice' ",95
2010 ,"'Wales' ","'Not EU' ","'Extra' ",20
2010 ,"'Wales' ","'Not EU' ","'Main scheme Clearing' ",115
2010 ,"'Wales' ","'Not EU' ","'Direct Clearing' ",20
2010 ,"'Wales' ","'Not EU' ","'RPA' ",395
2011 ,"'England' ","'UK' ","'Firm choice' ",268980
2011 ,"'England' ","'UK' ","'Insurance choice' ",30340
2011 ,"'England' ","'UK' ","'Other main scheme choice' ",9160
2011 ,"'England' ","'UK' ","'Extra' ",7815
2011 ,"'England' ","'UK' ","'Adjustment' ",445
2011 ,"'England' ","'UK' ","'Main scheme Clearing' ",34315
2011 ,"'England' ","'UK' ","'Direct Clearing' ",6765
2011 ,"'England' ","'UK' ","'RPA' ",6375
2011 ,"'England' ","'EU (excluding UK)' ","'Firm choice' ",16050
2011 ,"'England' ","'EU (excluding UK)' ","'Insurance choice' ",1620
2011 ,"'England' ","'EU (excluding UK)' ","'Other main scheme choice' ",1115
2011 ,"'England' ","'EU (excluding UK)' ","'Extra' ",385
2011 ,"'England' ","'EU (excluding UK)' ","'Adjustment' ",10
2011 ,"'England' ","'EU (excluding UK)' ","'Main scheme Clearing' ",1050
2011 ,"'England' ","'EU (excluding UK)' ","'Direct Clearing' ",285
2011 ,"'England' ","'EU (excluding UK)' ","'RPA' ",435
2011 ,"'England' ","'Not EU' ","'Firm choice' ",18585
2011 ,"'England' ","'Not EU' ","'Insurance choice' ",2470
2011 ,"'England' ","'Not EU' ","'Other main scheme choice' ",2220
2011 ,"'England' ","'Not EU' ","'Extra' ",400
2011 ,"'England' ","'Not EU' ","'Adjustment' ",35
2011 ,"'England' ","'Not EU' ","'Main scheme Clearing' ",2375
2011 ,"'England' ","'Not EU' ","'Direct Clearing' ",405
2011 ,"'England' ","'Not EU' ","'RPA' ",3435
2011 ,"'Northern Ireland' ","'UK' ","'Firm choice' ",7080
2011 ,"'Northern Ireland' ","'UK' ","'Insurance choice' ",1215
2011 ,"'Northern Ireland' ","'UK' ","'Other main scheme choice' ",85
2011 ,"'Northern Ireland' ","'UK' ","'Extra' ",65
2011 ,"'Northern Ireland' ","'UK' ","'Adjustment' ",15
2011 ,"'Northern Ireland' ","'UK' ","'Main scheme Clearing' ",380
2011 ,"'Northern Ireland' ","'UK' ","'Direct Clearing' ",35
2011 ,"'Northern Ireland' ","'UK' ","'RPA' ",30
2011 ,"'Northern Ireland' ","'EU (excluding UK)' ","'Firm choice' ",340
2011 ,"'Northern Ireland' ","'EU (excluding UK)' ","'Insurance choice' ",45
2011 ,"'Northern Ireland' ","'EU (excluding UK)' ","'Other main scheme choice' ",5
2011 ,"'Northern Ireland' ","'EU (excluding UK)' ","'Main scheme Clearing' ",10
2011 ,"'Northern Ireland' ","'EU (excluding UK)' ","'Direct Clearing' ",5
2011 ,"'Northern Ireland' ","'EU (excluding UK)' ","'RPA' ",30
2011 ,"'Northern Ireland' ","'Not EU' ","'Firm choice' ",100
2011 ,"'Northern Ireland' ","'Not EU' ","'Insurance choice' ",10
2011 ,"'Northern Ireland' ","'Not EU' ","'Other main scheme choice' ",5
2011 ,"'Northern Ireland' ","'Not EU' ","'Extra' ",10
2011 ,"'Northern Ireland' ","'Not EU' ","'Main scheme Clearing' ",15
2011 ,"'Northern Ireland' ","'Not EU' ","'RPA' ",55
2011 ,"'Scotland' ","'UK' ","'Firm choice' ",26650
2011 ,"'Scotland' ","'UK' ","'Insurance choice' ",2175
2011 ,"'Scotland' ","'UK' ","'Other main scheme choice' ",710
2011 ,"'Scotland' ","'UK' ","'Extra' ",360
2011 ,"'Scotland' ","'UK' ","'Adjustment' ",15
2011 ,"'Scotland' ","'UK' ","'Main scheme Clearing' ",1195
2011 ,"'Scotland' ","'UK' ","'Direct Clearing' ",145
2011 ,"'Scotland' ","'UK' ","'RPA' ",2230
2011 ,"'Scotland' ","'EU (excluding UK)' ","'Firm choice' ",3480
2011 ,"'Scotland' ","'EU (excluding UK)' ","'Insurance choice' ",310
2011 ,"'Scotland' ","'EU (excluding UK)' ","'Other main scheme choice' ",75
2011 ,"'Scotland' ","'EU (excluding UK)' ","'Extra' ",35
2011 ,"'Scotland' ","'EU (excluding UK)' ","'Main scheme Clearing' ",75
2011 ,"'Scotland' ","'EU (excluding UK)' ","'Direct Clearing' ",15
2011 ,"'Scotland' ","'EU (excluding UK)' ","'RPA' ",285
2011 ,"'Scotland' ","'Not EU' ","'Firm choice' ",1655
2011 ,"'Scotland' ","'Not EU' ","'Insurance choice' ",200
2011 ,"'Scotland' ","'Not EU' ","'Other main scheme choice' ",180
2011 ,"'Scotland' ","'Not EU' ","'Extra' ",20
2011 ,"'Scotland' ","'Not EU' ","'Main scheme Clearing' ",160
2011 ,"'Scotland' ","'Not EU' ","'Direct Clearing' ",45
2011 ,"'Scotland' ","'Not EU' ","'RPA' ",1145
2011 ,"'Wales' ","'UK' ","'Firm choice' ",16460
2011 ,"'Wales' ","'UK' ","'Insurance choice' ",1820
2011 ,"'Wales' ","'UK' ","'Other main scheme choice' ",415
2011 ,"'Wales' ","'UK' ","'Extra' ",405
2011 ,"'Wales' ","'UK' ","'Adjustment' ",25
2011 ,"'Wales' ","'UK' ","'Main scheme Clearing' ",3255
2011 ,"'Wales' ","'UK' ","'Direct Clearing' ",390
2011 ,"'Wales' ","'UK' ","'RPA' ",700
2011 ,"'Wales' ","'EU (excluding UK)' ","'Firm choice' ",655
2011 ,"'Wales' ","'EU (excluding UK)' ","'Insurance choice' ",60
2011 ,"'Wales' ","'EU (excluding UK)' ","'Other main scheme choice' ",75
2011 ,"'Wales' ","'EU (excluding UK)' ","'Extra' ",25
2011 ,"'Wales' ","'EU (excluding UK)' ","'Main scheme Clearing' ",90
2011 ,"'Wales' ","'EU (excluding UK)' ","'Direct Clearing' ",20
2011 ,"'Wales' ","'EU (excluding UK)' ","'RPA' ",120
2011 ,"'Wales' ","'Not EU' ","'Firm choice' ",730
2011 ,"'Wales' ","'Not EU' ","'Insurance choice' ",115
2011 ,"'Wales' ","'Not EU' ","'Other main scheme choice' ",140
2011 ,"'Wales' ","'Not EU' ","'Extra' ",20
2011 ,"'Wales' ","'Not EU' ","'Main scheme Clearing' ",115
2011 ,"'Wales' ","'Not EU' ","'Direct Clearing' ",20
2011 ,"'Wales' ","'Not EU' ","'RPA' ",595
2012 ,"'England' ","'UK' ","'Firm choice' ",251515
2012 ,"'England' ","'UK' ","'Insurance choice' ",20990
2012 ,"'England' ","'UK' ","'Other main scheme choice' ",7115
2012 ,"'England' ","'UK' ","'Extra' ",6435
2012 ,"'England' ","'UK' ","'Adjustment' ",1145
2012 ,"'England' ","'UK' ","'Main scheme Clearing' ",34175
2012 ,"'England' ","'UK' ","'Direct Clearing' ",10335
2012 ,"'England' ","'UK' ","'RPA' ",9165
2012 ,"'England' ","'EU (excluding UK)' ","'Firm choice' ",13060
2012 ,"'England' ","'EU (excluding UK)' ","'Insurance choice' ",1180
2012 ,"'England' ","'EU (excluding UK)' ","'Other main scheme choice' ",745
2012 ,"'England' ","'EU (excluding UK)' ","'Extra' ",315
2012 ,"'England' ","'EU (excluding UK)' ","'Adjustment' ",30
2012 ,"'England' ","'EU (excluding UK)' ","'Main scheme Clearing' ",1165
2012 ,"'England' ","'EU (excluding UK)' ","'Direct Clearing' ",410
2012 ,"'England' ","'EU (excluding UK)' ","'RPA' ",445
2012 ,"'England' ","'Not EU' ","'Firm choice' ",19510
2012 ,"'England' ","'Not EU' ","'Insurance choice' ",2540
2012 ,"'England' ","'Not EU' ","'Other main scheme choice' ",1940
2012 ,"'England' ","'Not EU' ","'Extra' ",330
2012 ,"'England' ","'Not EU' ","'Adjustment' ",60
2012 ,"'England' ","'Not EU' ","'Main scheme Clearing' ",2690
2012 ,"'England' ","'Not EU' ","'Direct Clearing' ",535
2012 ,"'England' ","'Not EU' ","'RPA' ",2970
2012 ,"'Northern Ireland' ","'UK' ","'Firm choice' ",7470
2012 ,"'Northern Ireland' ","'UK' ","'Insurance choice' ",1125
2012 ,"'Northern Ireland' ","'UK' ","'Other main scheme choice' ",75
2012 ,"'Northern Ireland' ","'UK' ","'Extra' ",70
2012 ,"'Northern Ireland' ","'UK' ","'Adjustment' ",20
2012 ,"'Northern Ireland' ","'UK' ","'Main scheme Clearing' ",470
2012 ,"'Northern Ireland' ","'UK' ","'Direct Clearing' ",55
2012 ,"'Northern Ireland' ","'UK' ","'RPA' ",100
2012 ,"'Northern Ireland' ","'EU (excluding UK)' ","'Firm choice' ",345
2012 ,"'Northern Ireland' ","'EU (excluding UK)' ","'Insurance choice' ",45
2012 ,"'Northern Ireland' ","'EU (excluding UK)' ","'Other main scheme choice' ",10
2012 ,"'Northern Ireland' ","'EU (excluding UK)' ","'Main scheme Clearing' ",15
2012 ,"'Northern Ireland' ","'EU (excluding UK)' ","'Direct Clearing' ",5
2012 ,"'Northern Ireland' ","'EU (excluding UK)' ","'RPA' ",40
2012 ,"'Northern Ireland' ","'Not EU' ","'Firm choice' ",110
2012 ,"'Northern Ireland' ","'Not EU' ","'Insurance choice' ",5
2012 ,"'Northern Ireland' ","'Not EU' ","'Other main scheme choice' ",10
2012 ,"'Northern Ireland' ","'Not EU' ","'Extra' ",10
2012 ,"'Northern Ireland' ","'Not EU' ","'Main scheme Clearing' ",35
2012 ,"'Northern Ireland' ","'Not EU' ","'RPA' ",25
2012 ,"'Scotland' ","'UK' ","'Firm choice' ",27285
2012 ,"'Scotland' ","'UK' ","'Insurance choice' ",2130
2012 ,"'Scotland' ","'UK' ","'Other main scheme choice' ",620
2012 ,"'Scotland' ","'UK' ","'Extra' ",300
2012 ,"'Scotland' ","'UK' ","'Adjustment' ",25
2012 ,"'Scotland' ","'UK' ","'Main scheme Clearing' ",1670
2012 ,"'Scotland' ","'UK' ","'Direct Clearing' ",205
2012 ,"'Scotland' ","'UK' ","'RPA' ",2150
2012 ,"'Scotland' ","'EU (excluding UK)' ","'Firm choice' ",3560
2012 ,"'Scotland' ","'EU (excluding UK)' ","'Insurance choice' ",320
2012 ,"'Scotland' ","'EU (excluding UK)' ","'Other main scheme choice' ",80
2012 ,"'Scotland' ","'EU (excluding UK)' ","'Extra' ",45
2012 ,"'Scotland' ","'EU (excluding UK)' ","'Main scheme Clearing' ",100
2012 ,"'Scotland' ","'EU (excluding UK)' ","'Direct Clearing' ",20
2012 ,"'Scotland' ","'EU (excluding UK)' ","'RPA' ",275
2012 ,"'Scotland' ","'Not EU' ","'Firm choice' ",1750
2012 ,"'Scotland' ","'Not EU' ","'Insurance choice' ",185
2012 ,"'Scotland' ","'Not EU' ","'Other main scheme choice' ",135
2012 ,"'Scotland' ","'Not EU' ","'Extra' ",30
2012 ,"'Scotland' ","'Not EU' ","'Main scheme Clearing' ",130
2012 ,"'Scotland' ","'Not EU' ","'Direct Clearing' ",45
2012 ,"'Scotland' ","'Not EU' ","'RPA' ",885
2012 ,"'Wales' ","'UK' ","'Firm choice' ",15315
2012 ,"'Wales' ","'UK' ","'Insurance choice' ",1320
2012 ,"'Wales' ","'UK' ","'Other main scheme choice' ",325
2012 ,"'Wales' ","'UK' ","'Extra' ",290
2012 ,"'Wales' ","'UK' ","'Adjustment' ",40
2012 ,"'Wales' ","'UK' ","'Main scheme Clearing' ",2705
2012 ,"'Wales' ","'UK' ","'Direct Clearing' ",630
2012 ,"'Wales' ","'UK' ","'RPA' ",975
2012 ,"'Wales' ","'EU (excluding UK)' ","'Firm choice' ",670
2012 ,"'Wales' ","'EU (excluding UK)' ","'Insurance choice' ",50
2012 ,"'Wales' ","'EU (excluding UK)' ","'Other main scheme choice' ",45
2012 ,"'Wales' ","'EU (excluding UK)' ","'Extra' ",10
2012 ,"'Wales' ","'EU (excluding UK)' ","'Main scheme Clearing' ",110
2012 ,"'Wales' ","'EU (excluding UK)' ","'Direct Clearing' ",40
2012 ,"'Wales' ","'EU (excluding UK)' ","'RPA' ",100
2012 ,"'Wales' ","'Not EU' ","'Firm choice' ",715
2012 ,"'Wales' ","'Not EU' ","'Insurance choice' ",110
2012 ,"'Wales' ","'Not EU' ","'Other main scheme choice' ",135
2012 ,"'Wales' ","'Not EU' ","'Extra' ",20
2012 ,"'Wales' ","'Not EU' ","'Main scheme Clearing' ",165
2012 ,"'Wales' ","'Not EU' ","'Direct Clearing' ",25
2012 ,"'Wales' ","'Not EU' ","'RPA' ",335
2013 ,"'England' ","'UK' ","'Firm choice' ",268295
2013 ,"'England' ","'UK' ","'Insurance choice' ",23050
2013 ,"'England' ","'UK' ","'Other main scheme choice' ",9490
2013 ,"'England' ","'UK' ","'Extra' ",6225
2013 ,"'England' ","'UK' ","'Adjustment' ",1045
2013 ,"'England' ","'UK' ","'Main scheme Clearing' ",33685
2013 ,"'England' ","'UK' ","'Direct Clearing' ",12700
2013 ,"'England' ","'UK' ","'RPA' ",10920
2013 ,"'England' ","'EU (excluding UK)' ","'Firm choice' ",14195
2013 ,"'England' ","'EU (excluding UK)' ","'Insurance choice' ",1365
2013 ,"'England' ","'EU (excluding UK)' ","'Other main scheme choice' ",970
2013 ,"'England' ","'EU (excluding UK)' ","'Extra' ",295
2013 ,"'England' ","'EU (excluding UK)' ","'Adjustment' ",35
2013 ,"'England' ","'EU (excluding UK)' ","'Main scheme Clearing' ",1095
2013 ,"'England' ","'EU (excluding UK)' ","'Direct Clearing' ",435
2013 ,"'England' ","'EU (excluding UK)' ","'RPA' ",520
2013 ,"'England' ","'Not EU' ","'Firm choice' ",20780
2013 ,"'England' ","'Not EU' ","'Insurance choice' ",2805
2013 ,"'England' ","'Not EU' ","'Other main scheme choice' ",2345
2013 ,"'England' ","'Not EU' ","'Extra' ",355
2013 ,"'England' ","'Not EU' ","'Adjustment' ",55
2013 ,"'England' ","'Not EU' ","'Main scheme Clearing' ",2670
2013 ,"'England' ","'Not EU' ","'Direct Clearing' ",550
2013 ,"'England' ","'Not EU' ","'RPA' ",2690
2013 ,"'Northern Ireland' ","'UK' ","'Firm choice' ",8175
2013 ,"'Northern Ireland' ","'UK' ","'Insurance choice' ",1210
2013 ,"'Northern Ireland' ","'UK' ","'Other main scheme choice' ",90
2013 ,"'Northern Ireland' ","'UK' ","'Extra' ",130
2013 ,"'Northern Ireland' ","'UK' ","'Adjustment' ",20
2013 ,"'Northern Ireland' ","'UK' ","'Main scheme Clearing' ",545
2013 ,"'Northern Ireland' ","'UK' ","'Direct Clearing' ",105
2013 ,"'Northern Ireland' ","'UK' ","'RPA' ",15
2013 ,"'Northern Ireland' ","'EU (excluding UK)' ","'Firm choice' ",330
2013 ,"'Northern Ireland' ","'EU (excluding UK)' ","'Insurance choice' ",40
2013 ,"'Northern Ireland' ","'EU (excluding UK)' ","'Other main scheme choice' ",10
2013 ,"'Northern Ireland' ","'EU (excluding UK)' ","'Extra' ",5
2013 ,"'Northern Ireland' ","'EU (excluding UK)' ","'Main scheme Clearing' ",20
2013 ,"'Northern Ireland' ","'EU (excluding UK)' ","'Direct Clearing' ",5
2013 ,"'Northern Ireland' ","'EU (excluding UK)' ","'RPA' ",30
2013 ,"'Northern Ireland' ","'Not EU' ","'Firm choice' ",120
2013 ,"'Northern Ireland' ","'Not EU' ","'Insurance choice' ",5
2013 ,"'Northern Ireland' ","'Not EU' ","'Other main scheme choice' ",25
2013 ,"'Northern Ireland' ","'Not EU' ","'Extra' ",5
2013 ,"'Northern Ireland' ","'Not EU' ","'Main scheme Clearing' ",30
2013 ,"'Northern Ireland' ","'Not EU' ","'Direct Clearing' ",5
2013 ,"'Northern Ireland' ","'Not EU' ","'RPA' ",35
2013 ,"'Scotland' ","'UK' ","'Firm choice' ",28150
2013 ,"'Scotland' ","'UK' ","'Insurance choice' ",2040
2013 ,"'Scotland' ","'UK' ","'Other main scheme choice' ",480
2013 ,"'Scotland' ","'UK' ","'Extra' ",340
2013 ,"'Scotland' ","'UK' ","'Adjustment' ",15
2013 ,"'Scotland' ","'UK' ","'Main scheme Clearing' ",1580
2013 ,"'Scotland' ","'UK' ","'Direct Clearing' ",205
2013 ,"'Scotland' ","'UK' ","'RPA' ",2260
2013 ,"'Scotland' ","'EU (excluding UK)' ","'Firm choice' ",3455
2013 ,"'Scotland' ","'EU (excluding UK)' ","'Insurance choice' ",305
2013 ,"'Scotland' ","'EU (excluding UK)' ","'Other main scheme choice' ",70
2013 ,"'Scotland' ","'EU (excluding UK)' ","'Extra' ",40
2013 ,"'Scotland' ","'EU (excluding UK)' ","'Main scheme Clearing' ",100
2013 ,"'Scotland' ","'EU (excluding UK)' ","'Direct Clearing' ",15
2013 ,"'Scotland' ","'EU (excluding UK)' ","'RPA' ",125
2013 ,"'Scotland' ","'Not EU' ","'Firm choice' ",1910
2013 ,"'Scotland' ","'Not EU' ","'Insurance choice' ",210
2013 ,"'Scotland' ","'Not EU' ","'Other main scheme choice' ",135
2013 ,"'Scotland' ","'Not EU' ","'Extra' ",25
2013 ,"'Scotland' ","'Not EU' ","'Main scheme Clearing' ",120
2013 ,"'Scotland' ","'Not EU' ","'Direct Clearing' ",35
2013 ,"'Scotland' ","'Not EU' ","'RPA' ",950
2013 ,"'Wales' ","'UK' ","'Firm choice' ",16365
2013 ,"'Wales' ","'UK' ","'Insurance choice' ",1600
2013 ,"'Wales' ","'UK' ","'Other main scheme choice' ",435
2013 ,"'Wales' ","'UK' ","'Extra' ",345
2013 ,"'Wales' ","'UK' ","'Adjustment' ",40
2013 ,"'Wales' ","'UK' ","'Main scheme Clearing' ",2165
2013 ,"'Wales' ","'UK' ","'Direct Clearing' ",715
2013 ,"'Wales' ","'UK' ","'RPA' ",1180
2013 ,"'Wales' ","'EU (excluding UK)' ","'Firm choice' ",715
2013 ,"'Wales' ","'EU (excluding UK)' ","'Insurance choice' ",70
2013 ,"'Wales' ","'EU (excluding UK)' ","'Other main scheme choice' ",55
2013 ,"'Wales' ","'EU (excluding UK)' ","'Extra' ",20
2013 ,"'Wales' ","'EU (excluding UK)' ","'Main scheme Clearing' ",100
2013 ,"'Wales' ","'EU (excluding UK)' ","'Direct Clearing' ",25
2013 ,"'Wales' ","'EU (excluding UK)' ","'RPA' ",60
2013 ,"'Wales' ","'Not EU' ","'Firm choice' ",765
2013 ,"'Wales' ","'Not EU' ","'Insurance choice' ",155
2013 ,"'Wales' ","'Not EU' ","'Other main scheme choice' ",175
2013 ,"'Wales' ","'Not EU' ","'Extra' ",25
2013 ,"'Wales' ","'Not EU' ","'Main scheme Clearing' ",175
2013 ,"'Wales' ","'Not EU' ","'Direct Clearing' ",15
2013 ,"'Wales' ","'Not EU' ","'RPA' ",305
2014 ,"'England' ","'UK' ","'Firm choice' ",273945
2014 ,"'England' ","'UK' ","'Insurance choice' ",26055
2014 ,"'England' ","'UK' ","'Other main scheme choice' ",9220
2014 ,"'England' ","'UK' ","'Extra' ",6090
2014 ,"'England' ","'UK' ","'Adjustment' ",950
2014 ,"'England' ","'UK' ","'Main scheme Clearing' ",37980
2014 ,"'England' ","'UK' ","'Direct Clearing' ",11480
2014 ,"'England' ","'UK' ","'RPA' ",13850
2014 ,"'England' ","'EU (excluding UK)' ","'Firm choice' ",15525
2014 ,"'England' ","'EU (excluding UK)' ","'Insurance choice' ",1520
2014 ,"'England' ","'EU (excluding UK)' ","'Other main scheme choice' ",945
2014 ,"'England' ","'EU (excluding UK)' ","'Extra' ",280
2014 ,"'England' ","'EU (excluding UK)' ","'Adjustment' ",20
2014 ,"'England' ","'EU (excluding UK)' ","'Main scheme Clearing' ",1290
2014 ,"'England' ","'EU (excluding UK)' ","'Direct Clearing' ",450
2014 ,"'England' ","'EU (excluding UK)' ","'RPA' ",405
2014 ,"'England' ","'Not EU' ","'Firm choice' ",21535
2014 ,"'England' ","'Not EU' ","'Insurance choice' ",2980
2014 ,"'England' ","'Not EU' ","'Other main scheme choice' ",1980
2014 ,"'England' ","'Not EU' ","'Extra' ",395
2014 ,"'England' ","'Not EU' ","'Adjustment' ",80
2014 ,"'England' ","'Not EU' ","'Main scheme Clearing' ",2975
2014 ,"'England' ","'Not EU' ","'Direct Clearing' ",515
2014 ,"'England' ","'Not EU' ","'RPA' ",2705
2014 ,"'Northern Ireland' ","'UK' ","'Firm choice' ",8025
2014 ,"'Northern Ireland' ","'UK' ","'Insurance choice' ",1165
2014 ,"'Northern Ireland' ","'UK' ","'Other main scheme choice' ",115
2014 ,"'Northern Ireland' ","'UK' ","'Extra' ",90
2014 ,"'Northern Ireland' ","'UK' ","'Adjustment' ",20
2014 ,"'Northern Ireland' ","'UK' ","'Main scheme Clearing' ",695
2014 ,"'Northern Ireland' ","'UK' ","'Direct Clearing' ",440
2014 ,"'Northern Ireland' ","'UK' ","'RPA' ",5
2014 ,"'Northern Ireland' ","'EU (excluding UK)' ","'Firm choice' ",355
2014 ,"'Northern Ireland' ","'EU (excluding UK)' ","'Insurance choice' ",35
2014 ,"'Northern Ireland' ","'EU (excluding UK)' ","'Other main scheme choice' ",10
2014 ,"'Northern Ireland' ","'EU (excluding UK)' ","'Extra' ",5
2014 ,"'Northern Ireland' ","'EU (excluding UK)' ","'Main scheme Clearing' ",30
2014 ,"'Northern Ireland' ","'EU (excluding UK)' ","'Direct Clearing' ",15
2014 ,"'Northern Ireland' ","'Not EU' ","'Firm choice' ",140
2014 ,"'Northern Ireland' ","'Not EU' ","'Insurance choice' ",10
2014 ,"'Northern Ireland' ","'Not EU' ","'Other main scheme choice' ",10
2014 ,"'Northern Ireland' ","'Not EU' ","'Extra' ",5
2014 ,"'Northern Ireland' ","'Not EU' ","'Main scheme Clearing' ",30
2014 ,"'Northern Ireland' ","'Not EU' ","'Direct Clearing' ",5
2014 ,"'Northern Ireland' ","'Not EU' ","'RPA' ",45
2014 ,"'Scotland' ","'UK' ","'Firm choice' ",29235
2014 ,"'Scotland' ","'UK' ","'Insurance choice' ",2235
2014 ,"'Scotland' ","'UK' ","'Other main scheme choice' ",485
2014 ,"'Scotland' ","'UK' ","'Extra' ",355
2014 ,"'Scotland' ","'UK' ","'Adjustment' ",40
2014 ,"'Scotland' ","'UK' ","'Main scheme Clearing' ",1540
2014 ,"'Scotland' ","'UK' ","'Direct Clearing' ",185
2014 ,"'Scotland' ","'UK' ","'RPA' ",400
2014 ,"'Scotland' ","'EU (excluding UK)' ","'Firm choice' ",3670
2014 ,"'Scotland' ","'EU (excluding UK)' ","'Insurance choice' ",285
2014 ,"'Scotland' ","'EU (excluding UK)' ","'Other main scheme choice' ",75
2014 ,"'Scotland' ","'EU (excluding UK)' ","'Extra' ",70
2014 ,"'Scotland' ","'EU (excluding UK)' ","'Adjustment' ",15
2014 ,"'Scotland' ","'EU (excluding UK)' ","'Main scheme Clearing' ",85
2014 ,"'Scotland' ","'EU (excluding UK)' ","'Direct Clearing' ",10
2014 ,"'Scotland' ","'EU (excluding UK)' ","'RPA' ",145
2014 ,"'Scotland' ","'Not EU' ","'Firm choice' ",1885
2014 ,"'Scotland' ","'Not EU' ","'Insurance choice' ",260
2014 ,"'Scotland' ","'Not EU' ","'Other main scheme choice' ",130
2014 ,"'Scotland' ","'Not EU' ","'Extra' ",25
2014 ,"'Scotland' ","'Not EU' ","'Adjustment' ",5
2014 ,"'Scotland' ","'Not EU' ","'Main scheme Clearing' ",155
2014 ,"'Scotland' ","'Not EU' ","'Direct Clearing' ",25
2014 ,"'Scotland' ","'Not EU' ","'RPA' ",695
2014 ,"'Wales' ","'UK' ","'Firm choice' ",16145
2014 ,"'Wales' ","'UK' ","'Insurance choice' ",1945
2014 ,"'Wales' ","'UK' ","'Other main scheme choice' ",460
2014 ,"'Wales' ","'UK' ","'Extra' ",275
2014 ,"'Wales' ","'UK' ","'Adjustment' ",35
2014 ,"'Wales' ","'UK' ","'Main scheme Clearing' ",2470
2014 ,"'Wales' ","'UK' ","'Direct Clearing' ",625
2014 ,"'Wales' ","'UK' ","'RPA' ",895
2014 ,"'Wales' ","'EU (excluding UK)' ","'Firm choice' ",805
2014 ,"'Wales' ","'EU (excluding UK)' ","'Insurance choice' ",75
2014 ,"'Wales' ","'EU (excluding UK)' ","'Other main scheme choice' ",50
2014 ,"'Wales' ","'EU (excluding UK)' ","'Extra' ",20
2014 ,"'Wales' ","'EU (excluding UK)' ","'Main scheme Clearing' ",85
2014 ,"'Wales' ","'EU (excluding UK)' ","'Direct Clearing' ",35
2014 ,"'Wales' ","'EU (excluding UK)' ","'RPA' ",70
2014 ,"'Wales' ","'Not EU' ","'Firm choice' ",890
2014 ,"'Wales' ","'Not EU' ","'Insurance choice' ",165
2014 ,"'Wales' ","'Not EU' ","'Other main scheme choice' ",115
2014 ,"'Wales' ","'Not EU' ","'Extra' ",15
2014 ,"'Wales' ","'Not EU' ","'Main scheme Clearing' ",170
2014 ,"'Wales' ","'Not EU' ","'Direct Clearing' ",15
2014 ,"'Wales' ","'Not EU' ","'RPA' ",570
2015 ,"'England' ","'UK' ","'Firm choice' ",280635
2015 ,"'England' ","'UK' ","'Insurance choice' ",28305
2015 ,"'England' ","'UK' ","'Other main scheme choice' ",9255
2015 ,"'England' ","'UK' ","'Extra' ",5870
2015 ,"'England' ","'UK' ","'Adjustment' ",945
2015 ,"'England' ","'UK' ","'Main scheme Clearing' ",39790
2015 ,"'England' ","'UK' ","'Direct Clearing' ",12970
2015 ,"'England' ","'UK' ","'RPA' ",14935
2015 ,"'England' ","'EU (excluding UK)' ","'Firm choice' ",17825
2015 ,"'England' ","'EU (excluding UK)' ","'Insurance choice' ",1795
2015 ,"'England' ","'EU (excluding UK)' ","'Other main scheme choice' ",965
2015 ,"'England' ","'EU (excluding UK)' ","'Extra' ",330
2015 ,"'England' ","'EU (excluding UK)' ","'Adjustment' ",35
2015 ,"'England' ","'EU (excluding UK)' ","'Main scheme Clearing' ",1380
2015 ,"'England' ","'EU (excluding UK)' ","'Direct Clearing' ",475
2015 ,"'England' ","'EU (excluding UK)' ","'RPA' ",580
2015 ,"'England' ","'Not EU' ","'Firm choice' ",23055
2015 ,"'England' ","'Not EU' ","'Insurance choice' ",3160
2015 ,"'England' ","'Not EU' ","'Other main scheme choice' ",1680
2015 ,"'England' ","'Not EU' ","'Extra' ",350
2015 ,"'England' ","'Not EU' ","'Adjustment' ",65
2015 ,"'England' ","'Not EU' ","'Main scheme Clearing' ",2705
2015 ,"'England' ","'Not EU' ","'Direct Clearing' ",570
2015 ,"'England' ","'Not EU' ","'RPA' ",2345
2015 ,"'Northern Ireland' ","'UK' ","'Firm choice' ",7675
2015 ,"'Northern Ireland' ","'UK' ","'Insurance choice' ",1220
2015 ,"'Northern Ireland' ","'UK' ","'Other main scheme choice' ",65
2015 ,"'Northern Ireland' ","'UK' ","'Extra' ",80
2015 ,"'Northern Ireland' ","'UK' ","'Adjustment' ",25
2015 ,"'Northern Ireland' ","'UK' ","'Main scheme Clearing' ",405
2015 ,"'Northern Ireland' ","'UK' ","'Direct Clearing' ",90
2015 ,"'Northern Ireland' ","'UK' ","'RPA' ",20
2015 ,"'Northern Ireland' ","'EU (excluding UK)' ","'Firm choice' ",300
2015 ,"'Northern Ireland' ","'EU (excluding UK)' ","'Insurance choice' ",55
2015 ,"'Northern Ireland' ","'EU (excluding UK)' ","'Other main scheme choice' ",5
2015 ,"'Northern Ireland' ","'EU (excluding UK)' ","'Extra' ",5
2015 ,"'Northern Ireland' ","'EU (excluding UK)' ","'Main scheme Clearing' ",10
2015 ,"'Northern Ireland' ","'EU (excluding UK)' ","'Direct Clearing' ",10
2015 ,"'Northern Ireland' ","'Not EU' ","'Firm choice' ",105
2015 ,"'Northern Ireland' ","'Not EU' ","'Insurance choice' ",15
2015 ,"'Northern Ireland' ","'Not EU' ","'Other main scheme choice' ",25
2015 ,"'Northern Ireland' ","'Not EU' ","'Adjustment' ",5
2015 ,"'Northern Ireland' ","'Not EU' ","'Main scheme Clearing' ",25
2015 ,"'Northern Ireland' ","'Not EU' ","'RPA' ",25
2015 ,"'Scotland' ","'UK' ","'Firm choice' ",31340
2015 ,"'Scotland' ","'UK' ","'Insurance choice' ",2225
2015 ,"'Scotland' ","'UK' ","'Other main scheme choice' ",510
2015 ,"'Scotland' ","'UK' ","'Extra' ",440
2015 ,"'Scotland' ","'UK' ","'Adjustment' ",20
2015 ,"'Scotland' ","'UK' ","'Main scheme Clearing' ",1805
2015 ,"'Scotland' ","'UK' ","'Direct Clearing' ",320
2015 ,"'Scotland' ","'UK' ","'RPA' ",2125
2015 ,"'Scotland' ","'EU (excluding UK)' ","'Firm choice' ",3465
2015 ,"'Scotland' ","'EU (excluding UK)' ","'Insurance choice' ",300
2015 ,"'Scotland' ","'EU (excluding UK)' ","'Other main scheme choice' ",65
2015 ,"'Scotland' ","'EU (excluding UK)' ","'Extra' ",55
2015 ,"'Scotland' ","'EU (excluding UK)' ","'Adjustment' ",5
2015 ,"'Scotland' ","'EU (excluding UK)' ","'Main scheme Clearing' ",105
2015 ,"'Scotland' ","'EU (excluding UK)' ","'Direct Clearing' ",10
2015 ,"'Scotland' ","'EU (excluding UK)' ","'RPA' ",240
2015 ,"'Scotland' ","'Not EU' ","'Firm choice' ",1985
2015 ,"'Scotland' ","'Not EU' ","'Insurance choice' ",260
2015 ,"'Scotland' ","'Not EU' ","'Other main scheme choice' ",130
2015 ,"'Scotland' ","'Not EU' ","'Extra' ",35
2015 ,"'Scotland' ","'Not EU' ","'Adjustment' ",5
2015 ,"'Scotland' ","'Not EU' ","'Main scheme Clearing' ",210
2015 ,"'Scotland' ","'Not EU' ","'Direct Clearing' ",35
2015 ,"'Scotland' ","'Not EU' ","'RPA' ",700
2015 ,"'Wales' ","'UK' ","'Firm choice' ",16050
2015 ,"'Wales' ","'UK' ","'Insurance choice' ",1905
2015 ,"'Wales' ","'UK' ","'Other main scheme choice' ",475
2015 ,"'Wales' ","'UK' ","'Extra' ",275
2015 ,"'Wales' ","'UK' ","'Adjustment' ",40
2015 ,"'Wales' ","'UK' ","'Main scheme Clearing' ",2425
2015 ,"'Wales' ","'UK' ","'Direct Clearing' ",665
2015 ,"'Wales' ","'UK' ","'RPA' ",815
2015 ,"'Wales' ","'EU (excluding UK)' ","'Firm choice' ",925
2015 ,"'Wales' ","'EU (excluding UK)' ","'Insurance choice' ",95
2015 ,"'Wales' ","'EU (excluding UK)' ","'Other main scheme choice' ",75
2015 ,"'Wales' ","'EU (excluding UK)' ","'Extra' ",30
2015 ,"'Wales' ","'EU (excluding UK)' ","'Main scheme Clearing' ",105
2015 ,"'Wales' ","'EU (excluding UK)' ","'Direct Clearing' ",40
2015 ,"'Wales' ","'EU (excluding UK)' ","'RPA' ",20
2015 ,"'Wales' ","'Not EU' ","'Firm choice' ",775
2015 ,"'Wales' ","'Not EU' ","'Insurance choice' ",160
2015 ,"'Wales' ","'Not EU' ","'Other main scheme choice' ",130
2015 ,"'Wales' ","'Not EU' ","'Extra' ",15
2015 ,"'Wales' ","'Not EU' ","'Main scheme Clearing' ",165
2015 ,"'Wales' ","'Not EU' ","'Direct Clearing' ",20
2015 ,"'Wales' ","'Not EU' ","'RPA' ",495
2016 ,"'England' ","'UK' ","'Firm choice' ",280795
2016 ,"'England' ","'UK' ","'Insurance choice' ",28295
2016 ,"'England' ","'UK' ","'Other main scheme choice' ",10100
2016 ,"'England' ","'UK' ","'Extra' ",5850
2016 ,"'England' ","'UK' ","'Adjustment' ",720
2016 ,"'England' ","'UK' ","'Main scheme Clearing' ",40030
2016 ,"'England' ","'UK' ","'Direct Clearing' ",12665
2016 ,"'England' ","'UK' ","'RPA' ",14065
2016 ,"'England' ","'EU (excluding UK)' ","'Firm choice' ",19130
2016 ,"'England' ","'EU (excluding UK)' ","'Insurance choice' ",1885
2016 ,"'England' ","'EU (excluding UK)' ","'Other main scheme choice' ",1085
2016 ,"'England' ","'EU (excluding UK)' ","'Extra' ",320
2016 ,"'England' ","'EU (excluding UK)' ","'Adjustment' ",35
2016 ,"'England' ","'EU (excluding UK)' ","'Main scheme Clearing' ",1360
2016 ,"'England' ","'EU (excluding UK)' ","'Direct Clearing' ",400
2016 ,"'England' ","'EU (excluding UK)' ","'RPA' ",625
2016 ,"'England' ","'Not EU' ","'Firm choice' ",22055
2016 ,"'England' ","'Not EU' ","'Insurance choice' ",3210
2016 ,"'England' ","'Not EU' ","'Other main scheme choice' ",1710
2016 ,"'England' ","'Not EU' ","'Extra' ",350
2016 ,"'England' ","'Not EU' ","'Adjustment' ",60
2016 ,"'England' ","'Not EU' ","'Main scheme Clearing' ",2795
2016 ,"'England' ","'Not EU' ","'Direct Clearing' ",555
2016 ,"'England' ","'Not EU' ","'RPA' ",2450
2016 ,"'Northern Ireland' ","'UK' ","'Firm choice' ",7845
2016 ,"'Northern Ireland' ","'UK' ","'Insurance choice' ",1205
2016 ,"'Northern Ireland' ","'UK' ","'Other main scheme choice' ",55
2016 ,"'Northern Ireland' ","'UK' ","'Extra' ",95
2016 ,"'Northern Ireland' ","'UK' ","'Adjustment' ",20
2016 ,"'Northern Ireland' ","'UK' ","'Main scheme Clearing' ",540
2016 ,"'Northern Ireland' ","'UK' ","'Direct Clearing' ",90
2016 ,"'Northern Ireland' ","'UK' ","'RPA' ",5
2016 ,"'Northern Ireland' ","'EU (excluding UK)' ","'Firm choice' ",260
2016 ,"'Northern Ireland' ","'EU (excluding UK)' ","'Insurance choice' ",45
2016 ,"'Northern Ireland' ","'EU (excluding UK)' ","'Other main scheme choice' ",5
2016 ,"'Northern Ireland' ","'EU (excluding UK)' ","'Main scheme Clearing' ",20
2016 ,"'Northern Ireland' ","'EU (excluding UK)' ","'Direct Clearing' ",10
2016 ,"'Northern Ireland' ","'Not EU' ","'Firm choice' ",140
2016 ,"'Northern Ireland' ","'Not EU' ","'Insurance choice' ",20
2016 ,"'Northern Ireland' ","'Not EU' ","'Other main scheme choice' ",30
2016 ,"'Northern Ireland' ","'Not EU' ","'Main scheme Clearing' ",35
2016 ,"'Northern Ireland' ","'Not EU' ","'Direct Clearing' ",5
2016 ,"'Northern Ireland' ","'Not EU' ","'RPA' ",20
2016 ,"'Scotland' ","'UK' ","'Firm choice' ",32290
2016 ,"'Scotland' ","'UK' ","'Insurance choice' ",2200
2016 ,"'Scotland' ","'UK' ","'Other main scheme choice' ",615
2016 ,"'Scotland' ","'UK' ","'Extra' ",450
2016 ,"'Scotland' ","'UK' ","'Adjustment' ",20
2016 ,"'Scotland' ","'UK' ","'Main scheme Clearing' ",1815
2016 ,"'Scotland' ","'UK' ","'Direct Clearing' ",410
2016 ,"'Scotland' ","'UK' ","'RPA' ",2070
2016 ,"'Scotland' ","'EU (excluding UK)' ","'Firm choice' ",3930
2016 ,"'Scotland' ","'EU (excluding UK)' ","'Insurance choice' ",255
2016 ,"'Scotland' ","'EU (excluding UK)' ","'Other main scheme choice' ",85
2016 ,"'Scotland' ","'EU (excluding UK)' ","'Extra' ",80
2016 ,"'Scotland' ","'EU (excluding UK)' ","'Adjustment' ",5
2016 ,"'Scotland' ","'EU (excluding UK)' ","'Main scheme Clearing' ",115
2016 ,"'Scotland' ","'EU (excluding UK)' ","'Direct Clearing' ",15
2016 ,"'Scotland' ","'EU (excluding UK)' ","'RPA' ",165
2016 ,"'Scotland' ","'Not EU' ","'Firm choice' ",1980
2016 ,"'Scotland' ","'Not EU' ","'Insurance choice' ",250
2016 ,"'Scotland' ","'Not EU' ","'Other main scheme choice' ",135
2016 ,"'Scotland' ","'Not EU' ","'Extra' ",30
2016 ,"'Scotland' ","'Not EU' ","'Main scheme Clearing' ",185
2016 ,"'Scotland' ","'Not EU' ","'Direct Clearing' ",40
2016 ,"'Scotland' ","'Not EU' ","'RPA' ",750
2016 ,"'Wales' ","'UK' ","'Firm choice' ",16135
2016 ,"'Wales' ","'UK' ","'Insurance choice' ",1895
2016 ,"'Wales' ","'UK' ","'Other main scheme choice' ",530
2016 ,"'Wales' ","'UK' ","'Extra' ",275
2016 ,"'Wales' ","'UK' ","'Adjustment' ",35
2016 ,"'Wales' ","'UK' ","'Main scheme Clearing' ",2820
2016 ,"'Wales' ","'UK' ","'Direct Clearing' ",595
2016 ,"'Wales' ","'UK' ","'RPA' ",945
2016 ,"'Wales' ","'EU (excluding UK)' ","'Firm choice' ",1045
2016 ,"'Wales' ","'EU (excluding UK)' ","'Insurance choice' ",85
2016 ,"'Wales' ","'EU (excluding UK)' ","'Other main scheme choice' ",70
2016 ,"'Wales' ","'EU (excluding UK)' ","'Extra' ",20
2016 ,"'Wales' ","'EU (excluding UK)' ","'Main scheme Clearing' ",115
2016 ,"'Wales' ","'EU (excluding UK)' ","'Direct Clearing' ",45
2016 ,"'Wales' ","'EU (excluding UK)' ","'RPA' ",140
2016 ,"'Wales' ","'Not EU' ","'Firm choice' ",740
2016 ,"'Wales' ","'Not EU' ","'Insurance choice' ",150
2016 ,"'Wales' ","'Not EU' ","'Other main scheme choice' ",95
2016 ,"'Wales' ","'Not EU' ","'Extra' ",15
2016 ,"'Wales' ","'Not EU' ","'Main scheme Clearing' ",190
2016 ,"'Wales' ","'Not EU' ","'Direct Clearing' ",25
2016 ,"'Wales' ","'Not EU' ","'RPA' ",315
