"Statistic:   Number of Acceptances"
"Variables:   Provider Country 2016 , Age Band , Acceptance Route , Cycle Year"
"Coverage:   All"
"For a list of key definitions and descriptions please refer to the PDF file provided - EOC_data_resource_2016-DR3_007_07.pdf"
 
Cycle Year,Provider Country 2016 , Age Band , Acceptance Route,Number of Acceptances,
2006 ,"'England' ","'17 and under' ","'Firm choice' ",2435
2006 ,"'England' ","'17 and under' ","'Insurance choice' ",255
2006 ,"'England' ","'17 and under' ","'Other main scheme choice' ",225
2006 ,"'England' ","'17 and under' ","'Extra' ",35
2006 ,"'England' ","'17 and under' ","'Main scheme Clearing' ",245
2006 ,"'England' ","'17 and under' ","'Direct Clearing' ",75
2006 ,"'England' ","'17 and under' ","'RPA' ",190
2006 ,"'England' ","'18' ","'Firm choice' ",136475
2006 ,"'England' ","'18' ","'Insurance choice' ",12960
2006 ,"'England' ","'18' ","'Other main scheme choice' ",1670
2006 ,"'England' ","'18' ","'Extra' ",1560
2006 ,"'England' ","'18' ","'Main scheme Clearing' ",13205
2006 ,"'England' ","'18' ","'Direct Clearing' ",1010
2006 ,"'England' ","'18' ","'RPA' ",2190
2006 ,"'England' ","'19' ","'Firm choice' ",43380
2006 ,"'England' ","'19' ","'Insurance choice' ",2930
2006 ,"'England' ","'19' ","'Other main scheme choice' ",2445
2006 ,"'England' ","'19' ","'Extra' ",630
2006 ,"'England' ","'19' ","'Main scheme Clearing' ",5040
2006 ,"'England' ","'19' ","'Direct Clearing' ",1465
2006 ,"'England' ","'19' ","'RPA' ",2885
2006 ,"'England' ","'20' ","'Firm choice' ",15955
2006 ,"'England' ","'20' ","'Insurance choice' ",765
2006 ,"'England' ","'20' ","'Other main scheme choice' ",1870
2006 ,"'England' ","'20' ","'Extra' ",265
2006 ,"'England' ","'20' ","'Main scheme Clearing' ",1990
2006 ,"'England' ","'20' ","'Direct Clearing' ",1200
2006 ,"'England' ","'20' ","'RPA' ",2540
2006 ,"'England' ","'21 and over' ","'Firm choice' ",39100
2006 ,"'England' ","'21 and over' ","'Insurance choice' ",800
2006 ,"'England' ","'21 and over' ","'Other main scheme choice' ",8055
2006 ,"'England' ","'21 and over' ","'Extra' ",385
2006 ,"'England' ","'21 and over' ","'Main scheme Clearing' ",4265
2006 ,"'England' ","'21 and over' ","'Direct Clearing' ",4260
2006 ,"'England' ","'21 and over' ","'RPA' ",12500
2006 ,"'Northern Ireland' ","'17 and under' ","'Firm choice' ",65
2006 ,"'Northern Ireland' ","'17 and under' ","'Insurance choice' ",15
2006 ,"'Northern Ireland' ","'17 and under' ","'Main scheme Clearing' ",5
2006 ,"'Northern Ireland' ","'18' ","'Firm choice' ",4540
2006 ,"'Northern Ireland' ","'18' ","'Insurance choice' ",885
2006 ,"'Northern Ireland' ","'18' ","'Other main scheme choice' ",20
2006 ,"'Northern Ireland' ","'18' ","'Extra' ",25
2006 ,"'Northern Ireland' ","'18' ","'Main scheme Clearing' ",435
2006 ,"'Northern Ireland' ","'18' ","'Direct Clearing' ",10
2006 ,"'Northern Ireland' ","'18' ","'RPA' ",10
2006 ,"'Northern Ireland' ","'19' ","'Firm choice' ",700
2006 ,"'Northern Ireland' ","'19' ","'Insurance choice' ",95
2006 ,"'Northern Ireland' ","'19' ","'Other main scheme choice' ",25
2006 ,"'Northern Ireland' ","'19' ","'Extra' ",5
2006 ,"'Northern Ireland' ","'19' ","'Main scheme Clearing' ",85
2006 ,"'Northern Ireland' ","'19' ","'Direct Clearing' ",35
2006 ,"'Northern Ireland' ","'19' ","'RPA' ",20
2006 ,"'Northern Ireland' ","'20' ","'Firm choice' ",285
2006 ,"'Northern Ireland' ","'20' ","'Insurance choice' ",25
2006 ,"'Northern Ireland' ","'20' ","'Other main scheme choice' ",30
2006 ,"'Northern Ireland' ","'20' ","'Extra' ",5
2006 ,"'Northern Ireland' ","'20' ","'Main scheme Clearing' ",30
2006 ,"'Northern Ireland' ","'20' ","'Direct Clearing' ",30
2006 ,"'Northern Ireland' ","'20' ","'RPA' ",15
2006 ,"'Northern Ireland' ","'21 and over' ","'Firm choice' ",910
2006 ,"'Northern Ireland' ","'21 and over' ","'Insurance choice' ",30
2006 ,"'Northern Ireland' ","'21 and over' ","'Other main scheme choice' ",50
2006 ,"'Northern Ireland' ","'21 and over' ","'Extra' ",10
2006 ,"'Northern Ireland' ","'21 and over' ","'Main scheme Clearing' ",115
2006 ,"'Northern Ireland' ","'21 and over' ","'Direct Clearing' ",35
2006 ,"'Northern Ireland' ","'21 and over' ","'RPA' ",25
2006 ,"'Scotland' ","'17 and under' ","'Firm choice' ",705
2006 ,"'Scotland' ","'17 and under' ","'Insurance choice' ",70
2006 ,"'Scotland' ","'17 and under' ","'Other main scheme choice' ",30
2006 ,"'Scotland' ","'17 and under' ","'Main scheme Clearing' ",70
2006 ,"'Scotland' ","'17 and under' ","'Direct Clearing' ",15
2006 ,"'Scotland' ","'17 and under' ","'RPA' ",145
2006 ,"'Scotland' ","'18' ","'Firm choice' ",14690
2006 ,"'Scotland' ","'18' ","'Insurance choice' ",1615
2006 ,"'Scotland' ","'18' ","'Other main scheme choice' ",110
2006 ,"'Scotland' ","'18' ","'Extra' ",100
2006 ,"'Scotland' ","'18' ","'Main scheme Clearing' ",1155
2006 ,"'Scotland' ","'18' ","'Direct Clearing' ",20
2006 ,"'Scotland' ","'18' ","'RPA' ",280
2006 ,"'Scotland' ","'19' ","'Firm choice' ",3290
2006 ,"'Scotland' ","'19' ","'Insurance choice' ",190
2006 ,"'Scotland' ","'19' ","'Other main scheme choice' ",225
2006 ,"'Scotland' ","'19' ","'Extra' ",35
2006 ,"'Scotland' ","'19' ","'Main scheme Clearing' ",225
2006 ,"'Scotland' ","'19' ","'Direct Clearing' ",75
2006 ,"'Scotland' ","'19' ","'RPA' ",355
2006 ,"'Scotland' ","'20' ","'Firm choice' ",1885
2006 ,"'Scotland' ","'20' ","'Insurance choice' ",75
2006 ,"'Scotland' ","'20' ","'Other main scheme choice' ",285
2006 ,"'Scotland' ","'20' ","'Extra' ",10
2006 ,"'Scotland' ","'20' ","'Main scheme Clearing' ",125
2006 ,"'Scotland' ","'20' ","'Direct Clearing' ",75
2006 ,"'Scotland' ","'20' ","'RPA' ",390
2006 ,"'Scotland' ","'21 and over' ","'Firm choice' ",5595
2006 ,"'Scotland' ","'21 and over' ","'Insurance choice' ",105
2006 ,"'Scotland' ","'21 and over' ","'Other main scheme choice' ",1060
2006 ,"'Scotland' ","'21 and over' ","'Extra' ",30
2006 ,"'Scotland' ","'21 and over' ","'Main scheme Clearing' ",410
2006 ,"'Scotland' ","'21 and over' ","'Direct Clearing' ",315
2006 ,"'Scotland' ","'21 and over' ","'RPA' ",1545
2006 ,"'Wales' ","'17 and under' ","'Firm choice' ",60
2006 ,"'Wales' ","'17 and under' ","'Insurance choice' ",10
2006 ,"'Wales' ","'17 and under' ","'Other main scheme choice' ",15
2006 ,"'Wales' ","'17 and under' ","'Main scheme Clearing' ",10
2006 ,"'Wales' ","'17 and under' ","'RPA' ",10
2006 ,"'Wales' ","'18' ","'Firm choice' ",10250
2006 ,"'Wales' ","'18' ","'Insurance choice' ",850
2006 ,"'Wales' ","'18' ","'Other main scheme choice' ",120
2006 ,"'Wales' ","'18' ","'Extra' ",105
2006 ,"'Wales' ","'18' ","'Main scheme Clearing' ",840
2006 ,"'Wales' ","'18' ","'Direct Clearing' ",100
2006 ,"'Wales' ","'18' ","'RPA' ",195
2006 ,"'Wales' ","'19' ","'Firm choice' ",2430
2006 ,"'Wales' ","'19' ","'Insurance choice' ",95
2006 ,"'Wales' ","'19' ","'Other main scheme choice' ",165
2006 ,"'Wales' ","'19' ","'Extra' ",35
2006 ,"'Wales' ","'19' ","'Main scheme Clearing' ",225
2006 ,"'Wales' ","'19' ","'Direct Clearing' ",115
2006 ,"'Wales' ","'19' ","'RPA' ",245
2006 ,"'Wales' ","'20' ","'Firm choice' ",905
2006 ,"'Wales' ","'20' ","'Insurance choice' ",20
2006 ,"'Wales' ","'20' ","'Other main scheme choice' ",100
2006 ,"'Wales' ","'20' ","'Extra' ",10
2006 ,"'Wales' ","'20' ","'Main scheme Clearing' ",75
2006 ,"'Wales' ","'20' ","'Direct Clearing' ",85
2006 ,"'Wales' ","'20' ","'RPA' ",165
2006 ,"'Wales' ","'21 and over' ","'Firm choice' ",2650
2006 ,"'Wales' ","'21 and over' ","'Insurance choice' ",35
2006 ,"'Wales' ","'21 and over' ","'Other main scheme choice' ",450
2006 ,"'Wales' ","'21 and over' ","'Extra' ",15
2006 ,"'Wales' ","'21 and over' ","'Main scheme Clearing' ",245
2006 ,"'Wales' ","'21 and over' ","'Direct Clearing' ",315
2006 ,"'Wales' ","'21 and over' ","'RPA' ",810
2007 ,"'England' ","'17 and under' ","'Firm choice' ",2540
2007 ,"'England' ","'17 and under' ","'Insurance choice' ",295
2007 ,"'England' ","'17 and under' ","'Other main scheme choice' ",225
2007 ,"'England' ","'17 and under' ","'Extra' ",30
2007 ,"'England' ","'17 and under' ","'Main scheme Clearing' ",275
2007 ,"'England' ","'17 and under' ","'Direct Clearing' ",90
2007 ,"'England' ","'17 and under' ","'RPA' ",245
2007 ,"'England' ","'18' ","'Firm choice' ",136535
2007 ,"'England' ","'18' ","'Insurance choice' ",14420
2007 ,"'England' ","'18' ","'Other main scheme choice' ",1610
2007 ,"'England' ","'18' ","'Extra' ",1695
2007 ,"'England' ","'18' ","'Main scheme Clearing' ",13655
2007 ,"'England' ","'18' ","'Direct Clearing' ",965
2007 ,"'England' ","'18' ","'RPA' ",2320
2007 ,"'England' ","'19' ","'Firm choice' ",53280
2007 ,"'England' ","'19' ","'Insurance choice' ",3350
2007 ,"'England' ","'19' ","'Other main scheme choice' ",2610
2007 ,"'England' ","'19' ","'Extra' ",805
2007 ,"'England' ","'19' ","'Main scheme Clearing' ",5770
2007 ,"'England' ","'19' ","'Direct Clearing' ",1630
2007 ,"'England' ","'19' ","'RPA' ",3285
2007 ,"'England' ","'20' ","'Firm choice' ",17315
2007 ,"'England' ","'20' ","'Insurance choice' ",835
2007 ,"'England' ","'20' ","'Other main scheme choice' ",2065
2007 ,"'England' ","'20' ","'Extra' ",275
2007 ,"'England' ","'20' ","'Main scheme Clearing' ",2065
2007 ,"'England' ","'20' ","'Direct Clearing' ",1135
2007 ,"'England' ","'20' ","'RPA' ",2945
2007 ,"'England' ","'21 and over' ","'Firm choice' ",41615
2007 ,"'England' ","'21 and over' ","'Insurance choice' ",870
2007 ,"'England' ","'21 and over' ","'Other main scheme choice' ",8000
2007 ,"'England' ","'21 and over' ","'Extra' ",475
2007 ,"'England' ","'21 and over' ","'Main scheme Clearing' ",4030
2007 ,"'England' ","'21 and over' ","'Direct Clearing' ",4020
2007 ,"'England' ","'21 and over' ","'RPA' ",13900
2007 ,"'Northern Ireland' ","'17 and under' ","'Firm choice' ",95
2007 ,"'Northern Ireland' ","'17 and under' ","'Insurance choice' ",15
2007 ,"'Northern Ireland' ","'17 and under' ","'Other main scheme choice' ",5
2007 ,"'Northern Ireland' ","'17 and under' ","'Extra' ",5
2007 ,"'Northern Ireland' ","'17 and under' ","'Main scheme Clearing' ",5
2007 ,"'Northern Ireland' ","'17 and under' ","'Direct Clearing' ",5
2007 ,"'Northern Ireland' ","'18' ","'Firm choice' ",4855
2007 ,"'Northern Ireland' ","'18' ","'Insurance choice' ",820
2007 ,"'Northern Ireland' ","'18' ","'Other main scheme choice' ",20
2007 ,"'Northern Ireland' ","'18' ","'Extra' ",40
2007 ,"'Northern Ireland' ","'18' ","'Main scheme Clearing' ",405
2007 ,"'Northern Ireland' ","'18' ","'Direct Clearing' ",20
2007 ,"'Northern Ireland' ","'19' ","'Firm choice' ",940
2007 ,"'Northern Ireland' ","'19' ","'Insurance choice' ",80
2007 ,"'Northern Ireland' ","'19' ","'Other main scheme choice' ",55
2007 ,"'Northern Ireland' ","'19' ","'Extra' ",15
2007 ,"'Northern Ireland' ","'19' ","'Main scheme Clearing' ",70
2007 ,"'Northern Ireland' ","'19' ","'Direct Clearing' ",55
2007 ,"'Northern Ireland' ","'19' ","'RPA' ",5
2007 ,"'Northern Ireland' ","'20' ","'Firm choice' ",350
2007 ,"'Northern Ireland' ","'20' ","'Insurance choice' ",15
2007 ,"'Northern Ireland' ","'20' ","'Other main scheme choice' ",30
2007 ,"'Northern Ireland' ","'20' ","'Extra' ",5
2007 ,"'Northern Ireland' ","'20' ","'Main scheme Clearing' ",25
2007 ,"'Northern Ireland' ","'20' ","'Direct Clearing' ",30
2007 ,"'Northern Ireland' ","'20' ","'RPA' ",5
2007 ,"'Northern Ireland' ","'21 and over' ","'Firm choice' ",1030
2007 ,"'Northern Ireland' ","'21 and over' ","'Insurance choice' ",35
2007 ,"'Northern Ireland' ","'21 and over' ","'Other main scheme choice' ",75
2007 ,"'Northern Ireland' ","'21 and over' ","'Extra' ",5
2007 ,"'Northern Ireland' ","'21 and over' ","'Main scheme Clearing' ",100
2007 ,"'Northern Ireland' ","'21 and over' ","'Direct Clearing' ",80
2007 ,"'Northern Ireland' ","'21 and over' ","'RPA' ",5
2007 ,"'Scotland' ","'17 and under' ","'Firm choice' ",735
2007 ,"'Scotland' ","'17 and under' ","'Insurance choice' ",70
2007 ,"'Scotland' ","'17 and under' ","'Other main scheme choice' ",40
2007 ,"'Scotland' ","'17 and under' ","'Extra' ",5
2007 ,"'Scotland' ","'17 and under' ","'Main scheme Clearing' ",65
2007 ,"'Scotland' ","'17 and under' ","'Direct Clearing' ",35
2007 ,"'Scotland' ","'17 and under' ","'RPA' ",175
2007 ,"'Scotland' ","'18' ","'Firm choice' ",14300
2007 ,"'Scotland' ","'18' ","'Insurance choice' ",1440
2007 ,"'Scotland' ","'18' ","'Other main scheme choice' ",140
2007 ,"'Scotland' ","'18' ","'Extra' ",115
2007 ,"'Scotland' ","'18' ","'Main scheme Clearing' ",1135
2007 ,"'Scotland' ","'18' ","'Direct Clearing' ",35
2007 ,"'Scotland' ","'18' ","'RPA' ",310
2007 ,"'Scotland' ","'19' ","'Firm choice' ",3915
2007 ,"'Scotland' ","'19' ","'Insurance choice' ",190
2007 ,"'Scotland' ","'19' ","'Other main scheme choice' ",215
2007 ,"'Scotland' ","'19' ","'Extra' ",45
2007 ,"'Scotland' ","'19' ","'Main scheme Clearing' ",265
2007 ,"'Scotland' ","'19' ","'Direct Clearing' ",80
2007 ,"'Scotland' ","'19' ","'RPA' ",355
2007 ,"'Scotland' ","'20' ","'Firm choice' ",2190
2007 ,"'Scotland' ","'20' ","'Insurance choice' ",60
2007 ,"'Scotland' ","'20' ","'Other main scheme choice' ",230
2007 ,"'Scotland' ","'20' ","'Extra' ",25
2007 ,"'Scotland' ","'20' ","'Main scheme Clearing' ",150
2007 ,"'Scotland' ","'20' ","'Direct Clearing' ",85
2007 ,"'Scotland' ","'20' ","'RPA' ",405
2007 ,"'Scotland' ","'21 and over' ","'Firm choice' ",6205
2007 ,"'Scotland' ","'21 and over' ","'Insurance choice' ",145
2007 ,"'Scotland' ","'21 and over' ","'Other main scheme choice' ",1000
2007 ,"'Scotland' ","'21 and over' ","'Extra' ",35
2007 ,"'Scotland' ","'21 and over' ","'Main scheme Clearing' ",385
2007 ,"'Scotland' ","'21 and over' ","'Direct Clearing' ",335
2007 ,"'Scotland' ","'21 and over' ","'RPA' ",1565
2007 ,"'Wales' ","'17 and under' ","'Firm choice' ",85
2007 ,"'Wales' ","'17 and under' ","'Insurance choice' ",5
2007 ,"'Wales' ","'17 and under' ","'Other main scheme choice' ",15
2007 ,"'Wales' ","'17 and under' ","'Main scheme Clearing' ",15
2007 ,"'Wales' ","'17 and under' ","'Direct Clearing' ",5
2007 ,"'Wales' ","'17 and under' ","'RPA' ",30
2007 ,"'Wales' ","'18' ","'Firm choice' ",10045
2007 ,"'Wales' ","'18' ","'Insurance choice' ",910
2007 ,"'Wales' ","'18' ","'Other main scheme choice' ",85
2007 ,"'Wales' ","'18' ","'Extra' ",125
2007 ,"'Wales' ","'18' ","'Main scheme Clearing' ",775
2007 ,"'Wales' ","'18' ","'Direct Clearing' ",70
2007 ,"'Wales' ","'18' ","'RPA' ",215
2007 ,"'Wales' ","'19' ","'Firm choice' ",3155
2007 ,"'Wales' ","'19' ","'Insurance choice' ",110
2007 ,"'Wales' ","'19' ","'Other main scheme choice' ",170
2007 ,"'Wales' ","'19' ","'Extra' ",45
2007 ,"'Wales' ","'19' ","'Main scheme Clearing' ",230
2007 ,"'Wales' ","'19' ","'Direct Clearing' ",110
2007 ,"'Wales' ","'19' ","'RPA' ",260
2007 ,"'Wales' ","'20' ","'Firm choice' ",950
2007 ,"'Wales' ","'20' ","'Insurance choice' ",35
2007 ,"'Wales' ","'20' ","'Other main scheme choice' ",115
2007 ,"'Wales' ","'20' ","'Extra' ",10
2007 ,"'Wales' ","'20' ","'Main scheme Clearing' ",85
2007 ,"'Wales' ","'20' ","'Direct Clearing' ",80
2007 ,"'Wales' ","'20' ","'RPA' ",200
2007 ,"'Wales' ","'21 and over' ","'Firm choice' ",2840
2007 ,"'Wales' ","'21 and over' ","'Insurance choice' ",45
2007 ,"'Wales' ","'21 and over' ","'Other main scheme choice' ",410
2007 ,"'Wales' ","'21 and over' ","'Extra' ",15
2007 ,"'Wales' ","'21 and over' ","'Main scheme Clearing' ",180
2007 ,"'Wales' ","'21 and over' ","'Direct Clearing' ",315
2007 ,"'Wales' ","'21 and over' ","'RPA' ",755
2008 ,"'England' ","'17 and under' ","'Firm choice' ",2470
2008 ,"'England' ","'17 and under' ","'Insurance choice' ",385
2008 ,"'England' ","'17 and under' ","'Other main scheme choice' ",230
2008 ,"'England' ","'17 and under' ","'Extra' ",30
2008 ,"'England' ","'17 and under' ","'Main scheme Clearing' ",295
2008 ,"'England' ","'17 and under' ","'Direct Clearing' ",85
2008 ,"'England' ","'17 and under' ","'RPA' ",270
2008 ,"'England' ","'18' ","'Firm choice' ",143680
2008 ,"'England' ","'18' ","'Insurance choice' ",16675
2008 ,"'England' ","'18' ","'Other main scheme choice' ",1590
2008 ,"'England' ","'18' ","'Extra' ",2325
2008 ,"'England' ","'18' ","'Main scheme Clearing' ",14960
2008 ,"'England' ","'18' ","'Direct Clearing' ",935
2008 ,"'England' ","'18' ","'RPA' ",2400
2008 ,"'England' ","'19' ","'Firm choice' ",58375
2008 ,"'England' ","'19' ","'Insurance choice' ",3755
2008 ,"'England' ","'19' ","'Other main scheme choice' ",2475
2008 ,"'England' ","'19' ","'Extra' ",1220
2008 ,"'England' ","'19' ","'Main scheme Clearing' ",6375
2008 ,"'England' ","'19' ","'Direct Clearing' ",1720
2008 ,"'England' ","'19' ","'RPA' ",3565
2008 ,"'England' ","'20' ","'Firm choice' ",21175
2008 ,"'England' ","'20' ","'Insurance choice' ",1055
2008 ,"'England' ","'20' ","'Other main scheme choice' ",2180
2008 ,"'England' ","'20' ","'Extra' ",460
2008 ,"'England' ","'20' ","'Main scheme Clearing' ",2430
2008 ,"'England' ","'20' ","'Direct Clearing' ",1350
2008 ,"'England' ","'20' ","'RPA' ",3460
2008 ,"'England' ","'21 and over' ","'Firm choice' ",50640
2008 ,"'England' ","'21 and over' ","'Insurance choice' ",980
2008 ,"'England' ","'21 and over' ","'Other main scheme choice' ",8715
2008 ,"'England' ","'21 and over' ","'Extra' ",705
2008 ,"'England' ","'21 and over' ","'Main scheme Clearing' ",4995
2008 ,"'England' ","'21 and over' ","'Direct Clearing' ",4975
2008 ,"'England' ","'21 and over' ","'RPA' ",15600
2008 ,"'Northern Ireland' ","'17 and under' ","'Firm choice' ",65
2008 ,"'Northern Ireland' ","'17 and under' ","'Insurance choice' ",5
2008 ,"'Northern Ireland' ","'17 and under' ","'Main scheme Clearing' ",5
2008 ,"'Northern Ireland' ","'18' ","'Firm choice' ",5155
2008 ,"'Northern Ireland' ","'18' ","'Insurance choice' ",715
2008 ,"'Northern Ireland' ","'18' ","'Other main scheme choice' ",10
2008 ,"'Northern Ireland' ","'18' ","'Extra' ",55
2008 ,"'Northern Ireland' ","'18' ","'Main scheme Clearing' ",420
2008 ,"'Northern Ireland' ","'18' ","'Direct Clearing' ",15
2008 ,"'Northern Ireland' ","'18' ","'RPA' ",5
2008 ,"'Northern Ireland' ","'19' ","'Firm choice' ",995
2008 ,"'Northern Ireland' ","'19' ","'Insurance choice' ",85
2008 ,"'Northern Ireland' ","'19' ","'Other main scheme choice' ",40
2008 ,"'Northern Ireland' ","'19' ","'Extra' ",10
2008 ,"'Northern Ireland' ","'19' ","'Main scheme Clearing' ",90
2008 ,"'Northern Ireland' ","'19' ","'Direct Clearing' ",75
2008 ,"'Northern Ireland' ","'19' ","'RPA' ",10
2008 ,"'Northern Ireland' ","'20' ","'Firm choice' ",435
2008 ,"'Northern Ireland' ","'20' ","'Insurance choice' ",20
2008 ,"'Northern Ireland' ","'20' ","'Other main scheme choice' ",30
2008 ,"'Northern Ireland' ","'20' ","'Extra' ",5
2008 ,"'Northern Ireland' ","'20' ","'Main scheme Clearing' ",30
2008 ,"'Northern Ireland' ","'20' ","'Direct Clearing' ",50
2008 ,"'Northern Ireland' ","'21 and over' ","'Firm choice' ",1165
2008 ,"'Northern Ireland' ","'21 and over' ","'Insurance choice' ",25
2008 ,"'Northern Ireland' ","'21 and over' ","'Other main scheme choice' ",75
2008 ,"'Northern Ireland' ","'21 and over' ","'Extra' ",10
2008 ,"'Northern Ireland' ","'21 and over' ","'Main scheme Clearing' ",100
2008 ,"'Northern Ireland' ","'21 and over' ","'Direct Clearing' ",100
2008 ,"'Northern Ireland' ","'21 and over' ","'RPA' ",20
2008 ,"'Scotland' ","'17 and under' ","'Firm choice' ",700
2008 ,"'Scotland' ","'17 and under' ","'Insurance choice' ",95
2008 ,"'Scotland' ","'17 and under' ","'Other main scheme choice' ",35
2008 ,"'Scotland' ","'17 and under' ","'Extra' ",5
2008 ,"'Scotland' ","'17 and under' ","'Main scheme Clearing' ",80
2008 ,"'Scotland' ","'17 and under' ","'Direct Clearing' ",20
2008 ,"'Scotland' ","'17 and under' ","'RPA' ",315
2008 ,"'Scotland' ","'18' ","'Firm choice' ",15290
2008 ,"'Scotland' ","'18' ","'Insurance choice' ",1660
2008 ,"'Scotland' ","'18' ","'Other main scheme choice' ",115
2008 ,"'Scotland' ","'18' ","'Extra' ",150
2008 ,"'Scotland' ","'18' ","'Main scheme Clearing' ",1140
2008 ,"'Scotland' ","'18' ","'Direct Clearing' ",40
2008 ,"'Scotland' ","'18' ","'RPA' ",680
2008 ,"'Scotland' ","'19' ","'Firm choice' ",4090
2008 ,"'Scotland' ","'19' ","'Insurance choice' ",255
2008 ,"'Scotland' ","'19' ","'Other main scheme choice' ",230
2008 ,"'Scotland' ","'19' ","'Extra' ",50
2008 ,"'Scotland' ","'19' ","'Main scheme Clearing' ",275
2008 ,"'Scotland' ","'19' ","'Direct Clearing' ",95
2008 ,"'Scotland' ","'19' ","'RPA' ",645
2008 ,"'Scotland' ","'20' ","'Firm choice' ",2300
2008 ,"'Scotland' ","'20' ","'Insurance choice' ",100
2008 ,"'Scotland' ","'20' ","'Other main scheme choice' ",225
2008 ,"'Scotland' ","'20' ","'Extra' ",30
2008 ,"'Scotland' ","'20' ","'Main scheme Clearing' ",145
2008 ,"'Scotland' ","'20' ","'Direct Clearing' ",75
2008 ,"'Scotland' ","'20' ","'RPA' ",645
2008 ,"'Scotland' ","'21 and over' ","'Firm choice' ",6305
2008 ,"'Scotland' ","'21 and over' ","'Insurance choice' ",170
2008 ,"'Scotland' ","'21 and over' ","'Other main scheme choice' ",1025
2008 ,"'Scotland' ","'21 and over' ","'Extra' ",55
2008 ,"'Scotland' ","'21 and over' ","'Main scheme Clearing' ",425
2008 ,"'Scotland' ","'21 and over' ","'Direct Clearing' ",355
2008 ,"'Scotland' ","'21 and over' ","'RPA' ",2805
2008 ,"'Wales' ","'17 and under' ","'Firm choice' ",80
2008 ,"'Wales' ","'17 and under' ","'Insurance choice' ",10
2008 ,"'Wales' ","'17 and under' ","'Other main scheme choice' ",5
2008 ,"'Wales' ","'17 and under' ","'Extra' ",5
2008 ,"'Wales' ","'17 and under' ","'Main scheme Clearing' ",15
2008 ,"'Wales' ","'17 and under' ","'Direct Clearing' ",10
2008 ,"'Wales' ","'17 and under' ","'RPA' ",25
2008 ,"'Wales' ","'18' ","'Firm choice' ",10100
2008 ,"'Wales' ","'18' ","'Insurance choice' ",1010
2008 ,"'Wales' ","'18' ","'Other main scheme choice' ",110
2008 ,"'Wales' ","'18' ","'Extra' ",125
2008 ,"'Wales' ","'18' ","'Main scheme Clearing' ",935
2008 ,"'Wales' ","'18' ","'Direct Clearing' ",95
2008 ,"'Wales' ","'18' ","'RPA' ",260
2008 ,"'Wales' ","'19' ","'Firm choice' ",3235
2008 ,"'Wales' ","'19' ","'Insurance choice' ",140
2008 ,"'Wales' ","'19' ","'Other main scheme choice' ",125
2008 ,"'Wales' ","'19' ","'Extra' ",50
2008 ,"'Wales' ","'19' ","'Main scheme Clearing' ",235
2008 ,"'Wales' ","'19' ","'Direct Clearing' ",140
2008 ,"'Wales' ","'19' ","'RPA' ",265
2008 ,"'Wales' ","'20' ","'Firm choice' ",1145
2008 ,"'Wales' ","'20' ","'Insurance choice' ",25
2008 ,"'Wales' ","'20' ","'Other main scheme choice' ",105
2008 ,"'Wales' ","'20' ","'Extra' ",10
2008 ,"'Wales' ","'20' ","'Main scheme Clearing' ",75
2008 ,"'Wales' ","'20' ","'Direct Clearing' ",115
2008 ,"'Wales' ","'20' ","'RPA' ",265
2008 ,"'Wales' ","'21 and over' ","'Firm choice' ",2805
2008 ,"'Wales' ","'21 and over' ","'Insurance choice' ",35
2008 ,"'Wales' ","'21 and over' ","'Other main scheme choice' ",380
2008 ,"'Wales' ","'21 and over' ","'Extra' ",25
2008 ,"'Wales' ","'21 and over' ","'Main scheme Clearing' ",230
2008 ,"'Wales' ","'21 and over' ","'Direct Clearing' ",375
2008 ,"'Wales' ","'21 and over' ","'RPA' ",1060
2009 ,"'England' ","'17 and under' ","'Firm choice' ",2655
2009 ,"'England' ","'17 and under' ","'Insurance choice' ",390
2009 ,"'England' ","'17 and under' ","'Other main scheme choice' ",285
2009 ,"'England' ","'17 and under' ","'Extra' ",55
2009 ,"'England' ","'17 and under' ","'Adjustment' ",5
2009 ,"'England' ","'17 and under' ","'Main scheme Clearing' ",290
2009 ,"'England' ","'17 and under' ","'Direct Clearing' ",55
2009 ,"'England' ","'17 and under' ","'RPA' ",195
2009 ,"'England' ","'18' ","'Firm choice' ",144255
2009 ,"'England' ","'18' ","'Insurance choice' ",20455
2009 ,"'England' ","'18' ","'Other main scheme choice' ",1905
2009 ,"'England' ","'18' ","'Extra' ",2240
2009 ,"'England' ","'18' ","'Adjustment' ",255
2009 ,"'England' ","'18' ","'Main scheme Clearing' ",16265
2009 ,"'England' ","'18' ","'Direct Clearing' ",915
2009 ,"'England' ","'18' ","'RPA' ",1960
2009 ,"'England' ","'19' ","'Firm choice' ",61880
2009 ,"'England' ","'19' ","'Insurance choice' ",4530
2009 ,"'England' ","'19' ","'Other main scheme choice' ",3145
2009 ,"'England' ","'19' ","'Extra' ",1390
2009 ,"'England' ","'19' ","'Adjustment' ",50
2009 ,"'England' ","'19' ","'Main scheme Clearing' ",6905
2009 ,"'England' ","'19' ","'Direct Clearing' ",1600
2009 ,"'England' ","'19' ","'RPA' ",3105
2009 ,"'England' ","'20' ","'Firm choice' ",22270
2009 ,"'England' ","'20' ","'Insurance choice' ",1140
2009 ,"'England' ","'20' ","'Other main scheme choice' ",2485
2009 ,"'England' ","'20' ","'Extra' ",480
2009 ,"'England' ","'20' ","'Adjustment' ",10
2009 ,"'England' ","'20' ","'Main scheme Clearing' ",2445
2009 ,"'England' ","'20' ","'Direct Clearing' ",1395
2009 ,"'England' ","'20' ","'RPA' ",3095
2009 ,"'England' ","'21 and over' ","'Firm choice' ",55955
2009 ,"'England' ","'21 and over' ","'Insurance choice' ",1100
2009 ,"'England' ","'21 and over' ","'Other main scheme choice' ",11665
2009 ,"'England' ","'21 and over' ","'Extra' ",855
2009 ,"'England' ","'21 and over' ","'Adjustment' ",5
2009 ,"'England' ","'21 and over' ","'Main scheme Clearing' ",5465
2009 ,"'England' ","'21 and over' ","'Direct Clearing' ",5070
2009 ,"'England' ","'21 and over' ","'RPA' ",14015
2009 ,"'Northern Ireland' ","'17 and under' ","'Firm choice' ",75
2009 ,"'Northern Ireland' ","'17 and under' ","'Insurance choice' ",10
2009 ,"'Northern Ireland' ","'17 and under' ","'Main scheme Clearing' ",5
2009 ,"'Northern Ireland' ","'18' ","'Firm choice' ",5190
2009 ,"'Northern Ireland' ","'18' ","'Insurance choice' ",1010
2009 ,"'Northern Ireland' ","'18' ","'Other main scheme choice' ",10
2009 ,"'Northern Ireland' ","'18' ","'Extra' ",50
2009 ,"'Northern Ireland' ","'18' ","'Adjustment' ",20
2009 ,"'Northern Ireland' ","'18' ","'Main scheme Clearing' ",450
2009 ,"'Northern Ireland' ","'18' ","'Direct Clearing' ",10
2009 ,"'Northern Ireland' ","'19' ","'Firm choice' ",870
2009 ,"'Northern Ireland' ","'19' ","'Insurance choice' ",115
2009 ,"'Northern Ireland' ","'19' ","'Other main scheme choice' ",50
2009 ,"'Northern Ireland' ","'19' ","'Extra' ",10
2009 ,"'Northern Ireland' ","'19' ","'Main scheme Clearing' ",70
2009 ,"'Northern Ireland' ","'19' ","'Direct Clearing' ",60
2009 ,"'Northern Ireland' ","'19' ","'RPA' ",10
2009 ,"'Northern Ireland' ","'20' ","'Firm choice' ",445
2009 ,"'Northern Ireland' ","'20' ","'Insurance choice' ",30
2009 ,"'Northern Ireland' ","'20' ","'Other main scheme choice' ",50
2009 ,"'Northern Ireland' ","'20' ","'Extra' ",5
2009 ,"'Northern Ireland' ","'20' ","'Main scheme Clearing' ",30
2009 ,"'Northern Ireland' ","'20' ","'Direct Clearing' ",50
2009 ,"'Northern Ireland' ","'20' ","'RPA' ",10
2009 ,"'Northern Ireland' ","'21 and over' ","'Firm choice' ",1200
2009 ,"'Northern Ireland' ","'21 and over' ","'Insurance choice' ",35
2009 ,"'Northern Ireland' ","'21 and over' ","'Other main scheme choice' ",90
2009 ,"'Northern Ireland' ","'21 and over' ","'Extra' ",15
2009 ,"'Northern Ireland' ","'21 and over' ","'Main scheme Clearing' ",65
2009 ,"'Northern Ireland' ","'21 and over' ","'Direct Clearing' ",75
2009 ,"'Northern Ireland' ","'21 and over' ","'RPA' ",25
2009 ,"'Scotland' ","'17 and under' ","'Firm choice' ",685
2009 ,"'Scotland' ","'17 and under' ","'Insurance choice' ",90
2009 ,"'Scotland' ","'17 and under' ","'Other main scheme choice' ",35
2009 ,"'Scotland' ","'17 and under' ","'Extra' ",5
2009 ,"'Scotland' ","'17 and under' ","'Main scheme Clearing' ",80
2009 ,"'Scotland' ","'17 and under' ","'Direct Clearing' ",40
2009 ,"'Scotland' ","'17 and under' ","'RPA' ",260
2009 ,"'Scotland' ","'18' ","'Firm choice' ",15580
2009 ,"'Scotland' ","'18' ","'Insurance choice' ",1980
2009 ,"'Scotland' ","'18' ","'Other main scheme choice' ",145
2009 ,"'Scotland' ","'18' ","'Extra' ",120
2009 ,"'Scotland' ","'18' ","'Adjustment' ",10
2009 ,"'Scotland' ","'18' ","'Main scheme Clearing' ",1495
2009 ,"'Scotland' ","'18' ","'Direct Clearing' ",75
2009 ,"'Scotland' ","'18' ","'RPA' ",665
2009 ,"'Scotland' ","'19' ","'Firm choice' ",4540
2009 ,"'Scotland' ","'19' ","'Insurance choice' ",305
2009 ,"'Scotland' ","'19' ","'Other main scheme choice' ",255
2009 ,"'Scotland' ","'19' ","'Extra' ",55
2009 ,"'Scotland' ","'19' ","'Main scheme Clearing' ",395
2009 ,"'Scotland' ","'19' ","'Direct Clearing' ",110
2009 ,"'Scotland' ","'19' ","'RPA' ",715
2009 ,"'Scotland' ","'20' ","'Firm choice' ",2535
2009 ,"'Scotland' ","'20' ","'Insurance choice' ",110
2009 ,"'Scotland' ","'20' ","'Other main scheme choice' ",260
2009 ,"'Scotland' ","'20' ","'Extra' ",25
2009 ,"'Scotland' ","'20' ","'Main scheme Clearing' ",165
2009 ,"'Scotland' ","'20' ","'Direct Clearing' ",120
2009 ,"'Scotland' ","'20' ","'RPA' ",630
2009 ,"'Scotland' ","'21 and over' ","'Firm choice' ",6895
2009 ,"'Scotland' ","'21 and over' ","'Insurance choice' ",160
2009 ,"'Scotland' ","'21 and over' ","'Other main scheme choice' ",1025
2009 ,"'Scotland' ","'21 and over' ","'Extra' ",60
2009 ,"'Scotland' ","'21 and over' ","'Main scheme Clearing' ",455
2009 ,"'Scotland' ","'21 and over' ","'Direct Clearing' ",470
2009 ,"'Scotland' ","'21 and over' ","'RPA' ",2520
2009 ,"'Wales' ","'17 and under' ","'Firm choice' ",80
2009 ,"'Wales' ","'17 and under' ","'Insurance choice' ",15
2009 ,"'Wales' ","'17 and under' ","'Other main scheme choice' ",10
2009 ,"'Wales' ","'17 and under' ","'Extra' ",5
2009 ,"'Wales' ","'17 and under' ","'Main scheme Clearing' ",20
2009 ,"'Wales' ","'17 and under' ","'RPA' ",10
2009 ,"'Wales' ","'18' ","'Firm choice' ",10200
2009 ,"'Wales' ","'18' ","'Insurance choice' ",1490
2009 ,"'Wales' ","'18' ","'Other main scheme choice' ",115
2009 ,"'Wales' ","'18' ","'Extra' ",145
2009 ,"'Wales' ","'18' ","'Adjustment' ",20
2009 ,"'Wales' ","'18' ","'Main scheme Clearing' ",1535
2009 ,"'Wales' ","'18' ","'Direct Clearing' ",85
2009 ,"'Wales' ","'18' ","'RPA' ",185
2009 ,"'Wales' ","'19' ","'Firm choice' ",3520
2009 ,"'Wales' ","'19' ","'Insurance choice' ",245
2009 ,"'Wales' ","'19' ","'Other main scheme choice' ",200
2009 ,"'Wales' ","'19' ","'Extra' ",70
2009 ,"'Wales' ","'19' ","'Adjustment' ",5
2009 ,"'Wales' ","'19' ","'Main scheme Clearing' ",365
2009 ,"'Wales' ","'19' ","'Direct Clearing' ",140
2009 ,"'Wales' ","'19' ","'RPA' ",220
2009 ,"'Wales' ","'20' ","'Firm choice' ",1245
2009 ,"'Wales' ","'20' ","'Insurance choice' ",50
2009 ,"'Wales' ","'20' ","'Other main scheme choice' ",170
2009 ,"'Wales' ","'20' ","'Extra' ",15
2009 ,"'Wales' ","'20' ","'Main scheme Clearing' ",125
2009 ,"'Wales' ","'20' ","'Direct Clearing' ",120
2009 ,"'Wales' ","'20' ","'RPA' ",245
2009 ,"'Wales' ","'21 and over' ","'Firm choice' ",3385
2009 ,"'Wales' ","'21 and over' ","'Insurance choice' ",50
2009 ,"'Wales' ","'21 and over' ","'Other main scheme choice' ",625
2009 ,"'Wales' ","'21 and over' ","'Extra' ",25
2009 ,"'Wales' ","'21 and over' ","'Main scheme Clearing' ",245
2009 ,"'Wales' ","'21 and over' ","'Direct Clearing' ",420
2009 ,"'Wales' ","'21 and over' ","'RPA' ",1025
2010 ,"'England' ","'17 and under' ","'Firm choice' ",2565
2010 ,"'England' ","'17 and under' ","'Insurance choice' ",430
2010 ,"'England' ","'17 and under' ","'Other main scheme choice' ",160
2010 ,"'England' ","'17 and under' ","'Extra' ",45
2010 ,"'England' ","'17 and under' ","'Adjustment' ",5
2010 ,"'England' ","'17 and under' ","'Main scheme Clearing' ",320
2010 ,"'England' ","'17 and under' ","'Direct Clearing' ",60
2010 ,"'England' ","'17 and under' ","'RPA' ",175
2010 ,"'England' ","'18' ","'Firm choice' ",143575
2010 ,"'England' ","'18' ","'Insurance choice' ",23325
2010 ,"'England' ","'18' ","'Other main scheme choice' ",1195
2010 ,"'England' ","'18' ","'Extra' ",2295
2010 ,"'England' ","'18' ","'Adjustment' ",225
2010 ,"'England' ","'18' ","'Main scheme Clearing' ",18215
2010 ,"'England' ","'18' ","'Direct Clearing' ",535
2010 ,"'England' ","'18' ","'RPA' ",1090
2010 ,"'England' ","'19' ","'Firm choice' ",67795
2010 ,"'England' ","'19' ","'Insurance choice' ",5055
2010 ,"'England' ","'19' ","'Other main scheme choice' ",1905
2010 ,"'England' ","'19' ","'Extra' ",1865
2010 ,"'England' ","'19' ","'Adjustment' ",75
2010 ,"'England' ","'19' ","'Main scheme Clearing' ",7520
2010 ,"'England' ","'19' ","'Direct Clearing' ",1270
2010 ,"'England' ","'19' ","'RPA' ",2110
2010 ,"'England' ","'20' ","'Firm choice' ",24395
2010 ,"'England' ","'20' ","'Insurance choice' ",1340
2010 ,"'England' ","'20' ","'Other main scheme choice' ",1660
2010 ,"'England' ","'20' ","'Extra' ",665
2010 ,"'England' ","'20' ","'Adjustment' ",15
2010 ,"'England' ","'20' ","'Main scheme Clearing' ",2635
2010 ,"'England' ","'20' ","'Direct Clearing' ",1185
2010 ,"'England' ","'20' ","'RPA' ",2875
2010 ,"'England' ","'21 and over' ","'Firm choice' ",62955
2010 ,"'England' ","'21 and over' ","'Insurance choice' ",1395
2010 ,"'England' ","'21 and over' ","'Other main scheme choice' ",7100
2010 ,"'England' ","'21 and over' ","'Extra' ",1340
2010 ,"'England' ","'21 and over' ","'Adjustment' ",5
2010 ,"'England' ","'21 and over' ","'Main scheme Clearing' ",5630
2010 ,"'England' ","'21 and over' ","'Direct Clearing' ",4195
2010 ,"'England' ","'21 and over' ","'RPA' ",10915
2010 ,"'Northern Ireland' ","'17 and under' ","'Firm choice' ",55
2010 ,"'Northern Ireland' ","'17 and under' ","'Insurance choice' ",15
2010 ,"'Northern Ireland' ","'18' ","'Firm choice' ",4760
2010 ,"'Northern Ireland' ","'18' ","'Insurance choice' ",1060
2010 ,"'Northern Ireland' ","'18' ","'Other main scheme choice' ",10
2010 ,"'Northern Ireland' ","'18' ","'Extra' ",65
2010 ,"'Northern Ireland' ","'18' ","'Adjustment' ",20
2010 ,"'Northern Ireland' ","'18' ","'Main scheme Clearing' ",245
2010 ,"'Northern Ireland' ","'18' ","'Direct Clearing' ",5
2010 ,"'Northern Ireland' ","'18' ","'RPA' ",5
2010 ,"'Northern Ireland' ","'19' ","'Firm choice' ",975
2010 ,"'Northern Ireland' ","'19' ","'Insurance choice' ",110
2010 ,"'Northern Ireland' ","'19' ","'Other main scheme choice' ",35
2010 ,"'Northern Ireland' ","'19' ","'Extra' ",20
2010 ,"'Northern Ireland' ","'19' ","'Main scheme Clearing' ",35
2010 ,"'Northern Ireland' ","'19' ","'Direct Clearing' ",15
2010 ,"'Northern Ireland' ","'19' ","'RPA' ",15
2010 ,"'Northern Ireland' ","'20' ","'Firm choice' ",455
2010 ,"'Northern Ireland' ","'20' ","'Insurance choice' ",35
2010 ,"'Northern Ireland' ","'20' ","'Other main scheme choice' ",20
2010 ,"'Northern Ireland' ","'20' ","'Extra' ",10
2010 ,"'Northern Ireland' ","'20' ","'Main scheme Clearing' ",10
2010 ,"'Northern Ireland' ","'20' ","'Direct Clearing' ",10
2010 ,"'Northern Ireland' ","'20' ","'RPA' ",25
2010 ,"'Northern Ireland' ","'21 and over' ","'Firm choice' ",1445
2010 ,"'Northern Ireland' ","'21 and over' ","'Insurance choice' ",55
2010 ,"'Northern Ireland' ","'21 and over' ","'Other main scheme choice' ",70
2010 ,"'Northern Ireland' ","'21 and over' ","'Extra' ",15
2010 ,"'Northern Ireland' ","'21 and over' ","'Main scheme Clearing' ",70
2010 ,"'Northern Ireland' ","'21 and over' ","'Direct Clearing' ",25
2010 ,"'Northern Ireland' ","'21 and over' ","'RPA' ",60
2010 ,"'Scotland' ","'17 and under' ","'Firm choice' ",625
2010 ,"'Scotland' ","'17 and under' ","'Insurance choice' ",75
2010 ,"'Scotland' ","'17 and under' ","'Other main scheme choice' ",15
2010 ,"'Scotland' ","'17 and under' ","'Extra' ",5
2010 ,"'Scotland' ","'17 and under' ","'Main scheme Clearing' ",60
2010 ,"'Scotland' ","'17 and under' ","'Direct Clearing' ",5
2010 ,"'Scotland' ","'17 and under' ","'RPA' ",165
2010 ,"'Scotland' ","'18' ","'Firm choice' ",15275
2010 ,"'Scotland' ","'18' ","'Insurance choice' ",2110
2010 ,"'Scotland' ","'18' ","'Other main scheme choice' ",60
2010 ,"'Scotland' ","'18' ","'Extra' ",155
2010 ,"'Scotland' ","'18' ","'Main scheme Clearing' ",1070
2010 ,"'Scotland' ","'18' ","'Direct Clearing' ",15
2010 ,"'Scotland' ","'18' ","'RPA' ",650
2010 ,"'Scotland' ","'19' ","'Firm choice' ",4985
2010 ,"'Scotland' ","'19' ","'Insurance choice' ",355
2010 ,"'Scotland' ","'19' ","'Other main scheme choice' ",140
2010 ,"'Scotland' ","'19' ","'Extra' ",70
2010 ,"'Scotland' ","'19' ","'Main scheme Clearing' ",265
2010 ,"'Scotland' ","'19' ","'Direct Clearing' ",30
2010 ,"'Scotland' ","'19' ","'RPA' ",570
2010 ,"'Scotland' ","'20' ","'Firm choice' ",2635
2010 ,"'Scotland' ","'20' ","'Insurance choice' ",100
2010 ,"'Scotland' ","'20' ","'Other main scheme choice' ",150
2010 ,"'Scotland' ","'20' ","'Extra' ",35
2010 ,"'Scotland' ","'20' ","'Main scheme Clearing' ",150
2010 ,"'Scotland' ","'20' ","'Direct Clearing' ",40
2010 ,"'Scotland' ","'20' ","'RPA' ",490
2010 ,"'Scotland' ","'21 and over' ","'Firm choice' ",8145
2010 ,"'Scotland' ","'21 and over' ","'Insurance choice' ",185
2010 ,"'Scotland' ","'21 and over' ","'Other main scheme choice' ",660
2010 ,"'Scotland' ","'21 and over' ","'Extra' ",95
2010 ,"'Scotland' ","'21 and over' ","'Main scheme Clearing' ",420
2010 ,"'Scotland' ","'21 and over' ","'Direct Clearing' ",165
2010 ,"'Scotland' ","'21 and over' ","'RPA' ",2350
2010 ,"'Wales' ","'17 and under' ","'Firm choice' ",85
2010 ,"'Wales' ","'17 and under' ","'Insurance choice' ",15
2010 ,"'Wales' ","'17 and under' ","'Other main scheme choice' ",5
2010 ,"'Wales' ","'17 and under' ","'Main scheme Clearing' ",15
2010 ,"'Wales' ","'17 and under' ","'Direct Clearing' ",5
2010 ,"'Wales' ","'17 and under' ","'RPA' ",10
2010 ,"'Wales' ","'18' ","'Firm choice' ",9630
2010 ,"'Wales' ","'18' ","'Insurance choice' ",1500
2010 ,"'Wales' ","'18' ","'Other main scheme choice' ",65
2010 ,"'Wales' ","'18' ","'Extra' ",150
2010 ,"'Wales' ","'18' ","'Adjustment' ",20
2010 ,"'Wales' ","'18' ","'Main scheme Clearing' ",1465
2010 ,"'Wales' ","'18' ","'Direct Clearing' ",40
2010 ,"'Wales' ","'18' ","'RPA' ",125
2010 ,"'Wales' ","'19' ","'Firm choice' ",3830
2010 ,"'Wales' ","'19' ","'Insurance choice' ",215
2010 ,"'Wales' ","'19' ","'Other main scheme choice' ",105
2010 ,"'Wales' ","'19' ","'Extra' ",95
2010 ,"'Wales' ","'19' ","'Adjustment' ",5
2010 ,"'Wales' ","'19' ","'Main scheme Clearing' ",430
2010 ,"'Wales' ","'19' ","'Direct Clearing' ",95
2010 ,"'Wales' ","'19' ","'RPA' ",215
2010 ,"'Wales' ","'20' ","'Firm choice' ",1215
2010 ,"'Wales' ","'20' ","'Insurance choice' ",40
2010 ,"'Wales' ","'20' ","'Other main scheme choice' ",80
2010 ,"'Wales' ","'20' ","'Extra' ",30
2010 ,"'Wales' ","'20' ","'Main scheme Clearing' ",120
2010 ,"'Wales' ","'20' ","'Direct Clearing' ",60
2010 ,"'Wales' ","'20' ","'RPA' ",270
2010 ,"'Wales' ","'21 and over' ","'Firm choice' ",3405
2010 ,"'Wales' ","'21 and over' ","'Insurance choice' ",55
2010 ,"'Wales' ","'21 and over' ","'Other main scheme choice' ",300
2010 ,"'Wales' ","'21 and over' ","'Extra' ",65
2010 ,"'Wales' ","'21 and over' ","'Main scheme Clearing' ",290
2010 ,"'Wales' ","'21 and over' ","'Direct Clearing' ",220
2010 ,"'Wales' ","'21 and over' ","'RPA' ",905
2011 ,"'England' ","'17 and under' ","'Firm choice' ",2535
2011 ,"'England' ","'17 and under' ","'Insurance choice' ",440
2011 ,"'England' ","'17 and under' ","'Other main scheme choice' ",200
2011 ,"'England' ","'17 and under' ","'Extra' ",45
2011 ,"'England' ","'17 and under' ","'Adjustment' ",5
2011 ,"'England' ","'17 and under' ","'Main scheme Clearing' ",315
2011 ,"'England' ","'17 and under' ","'Direct Clearing' ",50
2011 ,"'England' ","'17 and under' ","'RPA' ",115
2011 ,"'England' ","'18' ","'Firm choice' ",144945
2011 ,"'England' ","'18' ","'Insurance choice' ",24760
2011 ,"'England' ","'18' ","'Other main scheme choice' ",1235
2011 ,"'England' ","'18' ","'Extra' ",3285
2011 ,"'England' ","'18' ","'Adjustment' ",375
2011 ,"'England' ","'18' ","'Main scheme Clearing' ",20565
2011 ,"'England' ","'18' ","'Direct Clearing' ",690
2011 ,"'England' ","'18' ","'RPA' ",730
2011 ,"'England' ","'19' ","'Firm choice' ",70195
2011 ,"'England' ","'19' ","'Insurance choice' ",6320
2011 ,"'England' ","'19' ","'Other main scheme choice' ",2035
2011 ,"'England' ","'19' ","'Extra' ",2260
2011 ,"'England' ","'19' ","'Adjustment' ",90
2011 ,"'England' ","'19' ","'Main scheme Clearing' ",8700
2011 ,"'England' ","'19' ","'Direct Clearing' ",1230
2011 ,"'England' ","'19' ","'RPA' ",1285
2011 ,"'England' ","'20' ","'Firm choice' ",25080
2011 ,"'England' ","'20' ","'Insurance choice' ",1360
2011 ,"'England' ","'20' ","'Other main scheme choice' ",1790
2011 ,"'England' ","'20' ","'Extra' ",930
2011 ,"'England' ","'20' ","'Adjustment' ",15
2011 ,"'England' ","'20' ","'Main scheme Clearing' ",2650
2011 ,"'England' ","'20' ","'Direct Clearing' ",1180
2011 ,"'England' ","'20' ","'RPA' ",1440
2011 ,"'England' ","'21 and over' ","'Firm choice' ",60860
2011 ,"'England' ","'21 and over' ","'Insurance choice' ",1555
2011 ,"'England' ","'21 and over' ","'Other main scheme choice' ",7240
2011 ,"'England' ","'21 and over' ","'Extra' ",2080
2011 ,"'England' ","'21 and over' ","'Adjustment' ",15
2011 ,"'England' ","'21 and over' ","'Main scheme Clearing' ",5510
2011 ,"'England' ","'21 and over' ","'Direct Clearing' ",4300
2011 ,"'England' ","'21 and over' ","'RPA' ",6670
2011 ,"'Northern Ireland' ","'17 and under' ","'Firm choice' ",60
2011 ,"'Northern Ireland' ","'17 and under' ","'Insurance choice' ",15
2011 ,"'Northern Ireland' ","'18' ","'Firm choice' ",4455
2011 ,"'Northern Ireland' ","'18' ","'Insurance choice' ",990
2011 ,"'Northern Ireland' ","'18' ","'Other main scheme choice' ",10
2011 ,"'Northern Ireland' ","'18' ","'Extra' ",55
2011 ,"'Northern Ireland' ","'18' ","'Adjustment' ",15
2011 ,"'Northern Ireland' ","'18' ","'Main scheme Clearing' ",250
2011 ,"'Northern Ireland' ","'18' ","'Direct Clearing' ",5
2011 ,"'Northern Ireland' ","'18' ","'RPA' ",5
2011 ,"'Northern Ireland' ","'19' ","'Firm choice' ",1070
2011 ,"'Northern Ireland' ","'19' ","'Insurance choice' ",180
2011 ,"'Northern Ireland' ","'19' ","'Other main scheme choice' ",20
2011 ,"'Northern Ireland' ","'19' ","'Extra' ",15
2011 ,"'Northern Ireland' ","'19' ","'Main scheme Clearing' ",50
2011 ,"'Northern Ireland' ","'19' ","'Direct Clearing' ",15
2011 ,"'Northern Ireland' ","'19' ","'RPA' ",20
2011 ,"'Northern Ireland' ","'20' ","'Firm choice' ",515
2011 ,"'Northern Ireland' ","'20' ","'Insurance choice' ",35
2011 ,"'Northern Ireland' ","'20' ","'Other main scheme choice' ",25
2011 ,"'Northern Ireland' ","'20' ","'Extra' ",5
2011 ,"'Northern Ireland' ","'20' ","'Main scheme Clearing' ",25
2011 ,"'Northern Ireland' ","'20' ","'Direct Clearing' ",10
2011 ,"'Northern Ireland' ","'20' ","'RPA' ",30
2011 ,"'Northern Ireland' ","'21 and over' ","'Firm choice' ",1410
2011 ,"'Northern Ireland' ","'21 and over' ","'Insurance choice' ",45
2011 ,"'Northern Ireland' ","'21 and over' ","'Other main scheme choice' ",45
2011 ,"'Northern Ireland' ","'21 and over' ","'Extra' ",5
2011 ,"'Northern Ireland' ","'21 and over' ","'Main scheme Clearing' ",80
2011 ,"'Northern Ireland' ","'21 and over' ","'Direct Clearing' ",15
2011 ,"'Northern Ireland' ","'21 and over' ","'RPA' ",65
2011 ,"'Scotland' ","'17 and under' ","'Firm choice' ",620
2011 ,"'Scotland' ","'17 and under' ","'Insurance choice' ",90
2011 ,"'Scotland' ","'17 and under' ","'Other main scheme choice' ",20
2011 ,"'Scotland' ","'17 and under' ","'Extra' ",5
2011 ,"'Scotland' ","'17 and under' ","'Main scheme Clearing' ",40
2011 ,"'Scotland' ","'17 and under' ","'Direct Clearing' ",5
2011 ,"'Scotland' ","'17 and under' ","'RPA' ",95
2011 ,"'Scotland' ","'18' ","'Firm choice' ",14880
2011 ,"'Scotland' ","'18' ","'Insurance choice' ",1920
2011 ,"'Scotland' ","'18' ","'Other main scheme choice' ",95
2011 ,"'Scotland' ","'18' ","'Extra' ",180
2011 ,"'Scotland' ","'18' ","'Adjustment' ",10
2011 ,"'Scotland' ","'18' ","'Main scheme Clearing' ",810
2011 ,"'Scotland' ","'18' ","'Direct Clearing' ",15
2011 ,"'Scotland' ","'18' ","'RPA' ",390
2011 ,"'Scotland' ","'19' ","'Firm choice' ",5440
2011 ,"'Scotland' ","'19' ","'Insurance choice' ",410
2011 ,"'Scotland' ","'19' ","'Other main scheme choice' ",110
2011 ,"'Scotland' ","'19' ","'Extra' ",75
2011 ,"'Scotland' ","'19' ","'Adjustment' ",5
2011 ,"'Scotland' ","'19' ","'Main scheme Clearing' ",200
2011 ,"'Scotland' ","'19' ","'Direct Clearing' ",30
2011 ,"'Scotland' ","'19' ","'RPA' ",295
2011 ,"'Scotland' ","'20' ","'Firm choice' ",2740
2011 ,"'Scotland' ","'20' ","'Insurance choice' ",115
2011 ,"'Scotland' ","'20' ","'Other main scheme choice' ",130
2011 ,"'Scotland' ","'20' ","'Extra' ",55
2011 ,"'Scotland' ","'20' ","'Main scheme Clearing' ",120
2011 ,"'Scotland' ","'20' ","'Direct Clearing' ",35
2011 ,"'Scotland' ","'20' ","'RPA' ",430
2011 ,"'Scotland' ","'21 and over' ","'Firm choice' ",8105
2011 ,"'Scotland' ","'21 and over' ","'Insurance choice' ",150
2011 ,"'Scotland' ","'21 and over' ","'Other main scheme choice' ",615
2011 ,"'Scotland' ","'21 and over' ","'Extra' ",100
2011 ,"'Scotland' ","'21 and over' ","'Main scheme Clearing' ",265
2011 ,"'Scotland' ","'21 and over' ","'Direct Clearing' ",115
2011 ,"'Scotland' ","'21 and over' ","'RPA' ",2445
2011 ,"'Wales' ","'17 and under' ","'Firm choice' ",65
2011 ,"'Wales' ","'17 and under' ","'Insurance choice' ",15
2011 ,"'Wales' ","'17 and under' ","'Other main scheme choice' ",5
2011 ,"'Wales' ","'17 and under' ","'Main scheme Clearing' ",25
2011 ,"'Wales' ","'17 and under' ","'RPA' ",15
2011 ,"'Wales' ","'18' ","'Firm choice' ",9485
2011 ,"'Wales' ","'18' ","'Insurance choice' ",1555
2011 ,"'Wales' ","'18' ","'Other main scheme choice' ",85
2011 ,"'Wales' ","'18' ","'Extra' ",200
2011 ,"'Wales' ","'18' ","'Adjustment' ",15
2011 ,"'Wales' ","'18' ","'Main scheme Clearing' ",2290
2011 ,"'Wales' ","'18' ","'Direct Clearing' ",55
2011 ,"'Wales' ","'18' ","'RPA' ",140
2011 ,"'Wales' ","'19' ","'Firm choice' ",3575
2011 ,"'Wales' ","'19' ","'Insurance choice' ",275
2011 ,"'Wales' ","'19' ","'Other main scheme choice' ",130
2011 ,"'Wales' ","'19' ","'Extra' ",135
2011 ,"'Wales' ","'19' ","'Adjustment' ",5
2011 ,"'Wales' ","'19' ","'Main scheme Clearing' ",605
2011 ,"'Wales' ","'19' ","'Direct Clearing' ",90
2011 ,"'Wales' ","'19' ","'RPA' ",220
2011 ,"'Wales' ","'20' ","'Firm choice' ",1350
2011 ,"'Wales' ","'20' ","'Insurance choice' ",65
2011 ,"'Wales' ","'20' ","'Other main scheme choice' ",85
2011 ,"'Wales' ","'20' ","'Extra' ",35
2011 ,"'Wales' ","'20' ","'Main scheme Clearing' ",165
2011 ,"'Wales' ","'20' ","'Direct Clearing' ",75
2011 ,"'Wales' ","'20' ","'RPA' ",230
2011 ,"'Wales' ","'21 and over' ","'Firm choice' ",3375
2011 ,"'Wales' ","'21 and over' ","'Insurance choice' ",85
2011 ,"'Wales' ","'21 and over' ","'Other main scheme choice' ",320
2011 ,"'Wales' ","'21 and over' ","'Extra' ",80
2011 ,"'Wales' ","'21 and over' ","'Main scheme Clearing' ",375
2011 ,"'Wales' ","'21 and over' ","'Direct Clearing' ",210
2011 ,"'Wales' ","'21 and over' ","'RPA' ",810
2012 ,"'England' ","'17 and under' ","'Firm choice' ",2675
2012 ,"'England' ","'17 and under' ","'Insurance choice' ",385
2012 ,"'England' ","'17 and under' ","'Other main scheme choice' ",170
2012 ,"'England' ","'17 and under' ","'Extra' ",50
2012 ,"'England' ","'17 and under' ","'Adjustment' ",10
2012 ,"'England' ","'17 and under' ","'Main scheme Clearing' ",335
2012 ,"'England' ","'17 and under' ","'Direct Clearing' ",90
2012 ,"'England' ","'17 and under' ","'RPA' ",105
2012 ,"'England' ","'18' ","'Firm choice' ",146800
2012 ,"'England' ","'18' ","'Insurance choice' ",17470
2012 ,"'England' ","'18' ","'Other main scheme choice' ",1080
2012 ,"'England' ","'18' ","'Extra' ",2795
2012 ,"'England' ","'18' ","'Adjustment' ",960
2012 ,"'England' ","'18' ","'Main scheme Clearing' ",19785
2012 ,"'England' ","'18' ","'Direct Clearing' ",1305
2012 ,"'England' ","'18' ","'RPA' ",1160
2012 ,"'England' ","'19' ","'Firm choice' ",58890
2012 ,"'England' ","'19' ","'Insurance choice' ",4580
2012 ,"'England' ","'19' ","'Other main scheme choice' ",1720
2012 ,"'England' ","'19' ","'Extra' ",1695
2012 ,"'England' ","'19' ","'Adjustment' ",205
2012 ,"'England' ","'19' ","'Main scheme Clearing' ",8675
2012 ,"'England' ","'19' ","'Direct Clearing' ",2005
2012 ,"'England' ","'19' ","'RPA' ",1885
2012 ,"'England' ","'20' ","'Firm choice' ",21995
2012 ,"'England' ","'20' ","'Insurance choice' ",1115
2012 ,"'England' ","'20' ","'Other main scheme choice' ",1395
2012 ,"'England' ","'20' ","'Extra' ",720
2012 ,"'England' ","'20' ","'Adjustment' ",40
2012 ,"'England' ","'20' ","'Main scheme Clearing' ",2890
2012 ,"'England' ","'20' ","'Direct Clearing' ",1705
2012 ,"'England' ","'20' ","'RPA' ",1960
2012 ,"'England' ","'21 and over' ","'Firm choice' ",53730
2012 ,"'England' ","'21 and over' ","'Insurance choice' ",1160
2012 ,"'England' ","'21 and over' ","'Other main scheme choice' ",5430
2012 ,"'England' ","'21 and over' ","'Extra' ",1820
2012 ,"'England' ","'21 and over' ","'Adjustment' ",25
2012 ,"'England' ","'21 and over' ","'Main scheme Clearing' ",6345
2012 ,"'England' ","'21 and over' ","'Direct Clearing' ",6180
2012 ,"'England' ","'21 and over' ","'RPA' ",7465
2012 ,"'Northern Ireland' ","'17 and under' ","'Firm choice' ",50
2012 ,"'Northern Ireland' ","'17 and under' ","'Insurance choice' ",10
2012 ,"'Northern Ireland' ","'18' ","'Firm choice' ",4800
2012 ,"'Northern Ireland' ","'18' ","'Insurance choice' ",955
2012 ,"'Northern Ireland' ","'18' ","'Other main scheme choice' ",5
2012 ,"'Northern Ireland' ","'18' ","'Extra' ",50
2012 ,"'Northern Ireland' ","'18' ","'Adjustment' ",20
2012 ,"'Northern Ireland' ","'18' ","'Main scheme Clearing' ",325
2012 ,"'Northern Ireland' ","'18' ","'Direct Clearing' ",5
2012 ,"'Northern Ireland' ","'18' ","'RPA' ",5
2012 ,"'Northern Ireland' ","'19' ","'Firm choice' ",1095
2012 ,"'Northern Ireland' ","'19' ","'Insurance choice' ",130
2012 ,"'Northern Ireland' ","'19' ","'Other main scheme choice' ",20
2012 ,"'Northern Ireland' ","'19' ","'Extra' ",15
2012 ,"'Northern Ireland' ","'19' ","'Main scheme Clearing' ",75
2012 ,"'Northern Ireland' ","'19' ","'Direct Clearing' ",15
2012 ,"'Northern Ireland' ","'19' ","'RPA' ",15
2012 ,"'Northern Ireland' ","'20' ","'Firm choice' ",580
2012 ,"'Northern Ireland' ","'20' ","'Insurance choice' ",30
2012 ,"'Northern Ireland' ","'20' ","'Other main scheme choice' ",20
2012 ,"'Northern Ireland' ","'20' ","'Extra' ",10
2012 ,"'Northern Ireland' ","'20' ","'Main scheme Clearing' ",25
2012 ,"'Northern Ireland' ","'20' ","'Direct Clearing' ",15
2012 ,"'Northern Ireland' ","'20' ","'RPA' ",25
2012 ,"'Northern Ireland' ","'21 and over' ","'Firm choice' ",1395
2012 ,"'Northern Ireland' ","'21 and over' ","'Insurance choice' ",45
2012 ,"'Northern Ireland' ","'21 and over' ","'Other main scheme choice' ",45
2012 ,"'Northern Ireland' ","'21 and over' ","'Extra' ",5
2012 ,"'Northern Ireland' ","'21 and over' ","'Main scheme Clearing' ",100
2012 ,"'Northern Ireland' ","'21 and over' ","'Direct Clearing' ",25
2012 ,"'Northern Ireland' ","'21 and over' ","'RPA' ",125
2012 ,"'Scotland' ","'17 and under' ","'Firm choice' ",625
2012 ,"'Scotland' ","'17 and under' ","'Insurance choice' ",85
2012 ,"'Scotland' ","'17 and under' ","'Other main scheme choice' ",15
2012 ,"'Scotland' ","'17 and under' ","'Extra' ",5
2012 ,"'Scotland' ","'17 and under' ","'Main scheme Clearing' ",40
2012 ,"'Scotland' ","'17 and under' ","'Direct Clearing' ",5
2012 ,"'Scotland' ","'17 and under' ","'RPA' ",195
2012 ,"'Scotland' ","'18' ","'Firm choice' ",15790
2012 ,"'Scotland' ","'18' ","'Insurance choice' ",1875
2012 ,"'Scotland' ","'18' ","'Other main scheme choice' ",80
2012 ,"'Scotland' ","'18' ","'Extra' ",155
2012 ,"'Scotland' ","'18' ","'Adjustment' ",20
2012 ,"'Scotland' ","'18' ","'Main scheme Clearing' ",1100
2012 ,"'Scotland' ","'18' ","'Direct Clearing' ",25
2012 ,"'Scotland' ","'18' ","'RPA' ",595
2012 ,"'Scotland' ","'19' ","'Firm choice' ",5540
2012 ,"'Scotland' ","'19' ","'Insurance choice' ",430
2012 ,"'Scotland' ","'19' ","'Other main scheme choice' ",110
2012 ,"'Scotland' ","'19' ","'Extra' ",90
2012 ,"'Scotland' ","'19' ","'Main scheme Clearing' ",245
2012 ,"'Scotland' ","'19' ","'Direct Clearing' ",45
2012 ,"'Scotland' ","'19' ","'RPA' ",455
2012 ,"'Scotland' ","'20' ","'Firm choice' ",2880
2012 ,"'Scotland' ","'20' ","'Insurance choice' ",90
2012 ,"'Scotland' ","'20' ","'Other main scheme choice' ",90
2012 ,"'Scotland' ","'20' ","'Extra' ",45
2012 ,"'Scotland' ","'20' ","'Main scheme Clearing' ",130
2012 ,"'Scotland' ","'20' ","'Direct Clearing' ",30
2012 ,"'Scotland' ","'20' ","'RPA' ",410
2012 ,"'Scotland' ","'21 and over' ","'Firm choice' ",7760
2012 ,"'Scotland' ","'21 and over' ","'Insurance choice' ",160
2012 ,"'Scotland' ","'21 and over' ","'Other main scheme choice' ",545
2012 ,"'Scotland' ","'21 and over' ","'Extra' ",85
2012 ,"'Scotland' ","'21 and over' ","'Main scheme Clearing' ",380
2012 ,"'Scotland' ","'21 and over' ","'Direct Clearing' ",160
2012 ,"'Scotland' ","'21 and over' ","'RPA' ",1660
2012 ,"'Wales' ","'17 and under' ","'Firm choice' ",85
2012 ,"'Wales' ","'17 and under' ","'Insurance choice' ",15
2012 ,"'Wales' ","'17 and under' ","'Other main scheme choice' ",15
2012 ,"'Wales' ","'17 and under' ","'Main scheme Clearing' ",30
2012 ,"'Wales' ","'17 and under' ","'Direct Clearing' ",5
2012 ,"'Wales' ","'17 and under' ","'RPA' ",15
2012 ,"'Wales' ","'18' ","'Firm choice' ",9070
2012 ,"'Wales' ","'18' ","'Insurance choice' ",1125
2012 ,"'Wales' ","'18' ","'Other main scheme choice' ",75
2012 ,"'Wales' ","'18' ","'Extra' ",140
2012 ,"'Wales' ","'18' ","'Adjustment' ",30
2012 ,"'Wales' ","'18' ","'Main scheme Clearing' ",1800
2012 ,"'Wales' ","'18' ","'Direct Clearing' ",120
2012 ,"'Wales' ","'18' ","'RPA' ",145
2012 ,"'Wales' ","'19' ","'Firm choice' ",3200
2012 ,"'Wales' ","'19' ","'Insurance choice' ",230
2012 ,"'Wales' ","'19' ","'Other main scheme choice' ",80
2012 ,"'Wales' ","'19' ","'Extra' ",95
2012 ,"'Wales' ","'19' ","'Adjustment' ",10
2012 ,"'Wales' ","'19' ","'Main scheme Clearing' ",565
2012 ,"'Wales' ","'19' ","'Direct Clearing' ",130
2012 ,"'Wales' ","'19' ","'RPA' ",175
2012 ,"'Wales' ","'20' ","'Firm choice' ",1280
2012 ,"'Wales' ","'20' ","'Insurance choice' ",45
2012 ,"'Wales' ","'20' ","'Other main scheme choice' ",70
2012 ,"'Wales' ","'20' ","'Extra' ",30
2012 ,"'Wales' ","'20' ","'Main scheme Clearing' ",180
2012 ,"'Wales' ","'20' ","'Direct Clearing' ",105
2012 ,"'Wales' ","'20' ","'RPA' ",190
2012 ,"'Wales' ","'21 and over' ","'Firm choice' ",3065
2012 ,"'Wales' ","'21 and over' ","'Insurance choice' ",65
2012 ,"'Wales' ","'21 and over' ","'Other main scheme choice' ",270
2012 ,"'Wales' ","'21 and over' ","'Extra' ",55
2012 ,"'Wales' ","'21 and over' ","'Main scheme Clearing' ",405
2012 ,"'Wales' ","'21 and over' ","'Direct Clearing' ",335
2012 ,"'Wales' ","'21 and over' ","'RPA' ",885
2013 ,"'England' ","'17 and under' ","'Firm choice' ",2845
2013 ,"'England' ","'17 and under' ","'Insurance choice' ",415
2013 ,"'England' ","'17 and under' ","'Other main scheme choice' ",200
2013 ,"'England' ","'17 and under' ","'Extra' ",55
2013 ,"'England' ","'17 and under' ","'Adjustment' ",10
2013 ,"'England' ","'17 and under' ","'Main scheme Clearing' ",360
2013 ,"'England' ","'17 and under' ","'Direct Clearing' ",100
2013 ,"'England' ","'17 and under' ","'RPA' ",185
2013 ,"'England' ","'18' ","'Firm choice' ",153455
2013 ,"'England' ","'18' ","'Insurance choice' ",18810
2013 ,"'England' ","'18' ","'Other main scheme choice' ",1470
2013 ,"'England' ","'18' ","'Extra' ",2735
2013 ,"'England' ","'18' ","'Adjustment' ",830
2013 ,"'England' ","'18' ","'Main scheme Clearing' ",19385
2013 ,"'England' ","'18' ","'Direct Clearing' ",1595
2013 ,"'England' ","'18' ","'RPA' ",1340
2013 ,"'England' ","'19' ","'Firm choice' ",68195
2013 ,"'England' ","'19' ","'Insurance choice' ",5375
2013 ,"'England' ","'19' ","'Other main scheme choice' ",2255
2013 ,"'England' ","'19' ","'Extra' ",1770
2013 ,"'England' ","'19' ","'Adjustment' ",225
2013 ,"'England' ","'19' ","'Main scheme Clearing' ",8920
2013 ,"'England' ","'19' ","'Direct Clearing' ",2530
2013 ,"'England' ","'19' ","'RPA' ",2150
2013 ,"'England' ","'20' ","'Firm choice' ",23390
2013 ,"'England' ","'20' ","'Insurance choice' ",1190
2013 ,"'England' ","'20' ","'Other main scheme choice' ",1925
2013 ,"'England' ","'20' ","'Extra' ",640
2013 ,"'England' ","'20' ","'Adjustment' ",35
2013 ,"'England' ","'20' ","'Main scheme Clearing' ",2740
2013 ,"'England' ","'20' ","'Direct Clearing' ",2110
2013 ,"'England' ","'20' ","'RPA' ",2200
2013 ,"'England' ","'21 and over' ","'Firm choice' ",55385
2013 ,"'England' ","'21 and over' ","'Insurance choice' ",1430
2013 ,"'England' ","'21 and over' ","'Other main scheme choice' ",6955
2013 ,"'England' ","'21 and over' ","'Extra' ",1680
2013 ,"'England' ","'21 and over' ","'Adjustment' ",35
2013 ,"'England' ","'21 and over' ","'Main scheme Clearing' ",6040
2013 ,"'England' ","'21 and over' ","'Direct Clearing' ",7355
2013 ,"'England' ","'21 and over' ","'RPA' ",8255
2013 ,"'Northern Ireland' ","'17 and under' ","'Firm choice' ",45
2013 ,"'Northern Ireland' ","'17 and under' ","'Insurance choice' ",5
2013 ,"'Northern Ireland' ","'17 and under' ","'Main scheme Clearing' ",5
2013 ,"'Northern Ireland' ","'18' ","'Firm choice' ",4980
2013 ,"'Northern Ireland' ","'18' ","'Insurance choice' ",980
2013 ,"'Northern Ireland' ","'18' ","'Other main scheme choice' ",5
2013 ,"'Northern Ireland' ","'18' ","'Extra' ",75
2013 ,"'Northern Ireland' ","'18' ","'Adjustment' ",15
2013 ,"'Northern Ireland' ","'18' ","'Main scheme Clearing' ",305
2013 ,"'Northern Ireland' ","'18' ","'Direct Clearing' ",10
2013 ,"'Northern Ireland' ","'19' ","'Firm choice' ",1285
2013 ,"'Northern Ireland' ","'19' ","'Insurance choice' ",170
2013 ,"'Northern Ireland' ","'19' ","'Other main scheme choice' ",30
2013 ,"'Northern Ireland' ","'19' ","'Extra' ",20
2013 ,"'Northern Ireland' ","'19' ","'Adjustment' ",5
2013 ,"'Northern Ireland' ","'19' ","'Main scheme Clearing' ",110
2013 ,"'Northern Ireland' ","'19' ","'Direct Clearing' ",25
2013 ,"'Northern Ireland' ","'19' ","'RPA' ",5
2013 ,"'Northern Ireland' ","'20' ","'Firm choice' ",665
2013 ,"'Northern Ireland' ","'20' ","'Insurance choice' ",35
2013 ,"'Northern Ireland' ","'20' ","'Other main scheme choice' ",20
2013 ,"'Northern Ireland' ","'20' ","'Extra' ",15
2013 ,"'Northern Ireland' ","'20' ","'Main scheme Clearing' ",35
2013 ,"'Northern Ireland' ","'20' ","'Direct Clearing' ",15
2013 ,"'Northern Ireland' ","'20' ","'RPA' ",15
2013 ,"'Northern Ireland' ","'21 and over' ","'Firm choice' ",1650
2013 ,"'Northern Ireland' ","'21 and over' ","'Insurance choice' ",60
2013 ,"'Northern Ireland' ","'21 and over' ","'Other main scheme choice' ",65
2013 ,"'Northern Ireland' ","'21 and over' ","'Extra' ",30
2013 ,"'Northern Ireland' ","'21 and over' ","'Adjustment' ",5
2013 ,"'Northern Ireland' ","'21 and over' ","'Main scheme Clearing' ",140
2013 ,"'Northern Ireland' ","'21 and over' ","'Direct Clearing' ",65
2013 ,"'Northern Ireland' ","'21 and over' ","'RPA' ",60
2013 ,"'Scotland' ","'17 and under' ","'Firm choice' ",605
2013 ,"'Scotland' ","'17 and under' ","'Insurance choice' ",95
2013 ,"'Scotland' ","'17 and under' ","'Other main scheme choice' ",10
2013 ,"'Scotland' ","'17 and under' ","'Extra' ",5
2013 ,"'Scotland' ","'17 and under' ","'Main scheme Clearing' ",50
2013 ,"'Scotland' ","'17 and under' ","'Direct Clearing' ",10
2013 ,"'Scotland' ","'17 and under' ","'RPA' ",165
2013 ,"'Scotland' ","'18' ","'Firm choice' ",16095
2013 ,"'Scotland' ","'18' ","'Insurance choice' ",1745
2013 ,"'Scotland' ","'18' ","'Other main scheme choice' ",50
2013 ,"'Scotland' ","'18' ","'Extra' ",185
2013 ,"'Scotland' ","'18' ","'Adjustment' ",15
2013 ,"'Scotland' ","'18' ","'Main scheme Clearing' ",1005
2013 ,"'Scotland' ","'18' ","'Direct Clearing' ",15
2013 ,"'Scotland' ","'18' ","'RPA' ",625
2013 ,"'Scotland' ","'19' ","'Firm choice' ",5590
2013 ,"'Scotland' ","'19' ","'Insurance choice' ",390
2013 ,"'Scotland' ","'19' ","'Other main scheme choice' ",100
2013 ,"'Scotland' ","'19' ","'Extra' ",75
2013 ,"'Scotland' ","'19' ","'Main scheme Clearing' ",265
2013 ,"'Scotland' ","'19' ","'Direct Clearing' ",30
2013 ,"'Scotland' ","'19' ","'RPA' ",450
2013 ,"'Scotland' ","'20' ","'Firm choice' ",3140
2013 ,"'Scotland' ","'20' ","'Insurance choice' ",125
2013 ,"'Scotland' ","'20' ","'Other main scheme choice' ",85
2013 ,"'Scotland' ","'20' ","'Extra' ",45
2013 ,"'Scotland' ","'20' ","'Main scheme Clearing' ",120
2013 ,"'Scotland' ","'20' ","'Direct Clearing' ",35
2013 ,"'Scotland' ","'20' ","'RPA' ",395
2013 ,"'Scotland' ","'21 and over' ","'Firm choice' ",8075
2013 ,"'Scotland' ","'21 and over' ","'Insurance choice' ",205
2013 ,"'Scotland' ","'21 and over' ","'Other main scheme choice' ",435
2013 ,"'Scotland' ","'21 and over' ","'Extra' ",100
2013 ,"'Scotland' ","'21 and over' ","'Main scheme Clearing' ",355
2013 ,"'Scotland' ","'21 and over' ","'Direct Clearing' ",160
2013 ,"'Scotland' ","'21 and over' ","'RPA' ",1700
2013 ,"'Wales' ","'17 and under' ","'Firm choice' ",90
2013 ,"'Wales' ","'17 and under' ","'Insurance choice' ",15
2013 ,"'Wales' ","'17 and under' ","'Other main scheme choice' ",10
2013 ,"'Wales' ","'17 and under' ","'Main scheme Clearing' ",40
2013 ,"'Wales' ","'17 and under' ","'RPA' ",20
2013 ,"'Wales' ","'18' ","'Firm choice' ",9435
2013 ,"'Wales' ","'18' ","'Insurance choice' ",1325
2013 ,"'Wales' ","'18' ","'Other main scheme choice' ",85
2013 ,"'Wales' ","'18' ","'Extra' ",160
2013 ,"'Wales' ","'18' ","'Adjustment' ",30
2013 ,"'Wales' ","'18' ","'Main scheme Clearing' ",1425
2013 ,"'Wales' ","'18' ","'Direct Clearing' ",110
2013 ,"'Wales' ","'18' ","'RPA' ",145
2013 ,"'Wales' ","'19' ","'Firm choice' ",3725
2013 ,"'Wales' ","'19' ","'Insurance choice' ",340
2013 ,"'Wales' ","'19' ","'Other main scheme choice' ",145
2013 ,"'Wales' ","'19' ","'Extra' ",110
2013 ,"'Wales' ","'19' ","'Adjustment' ",10
2013 ,"'Wales' ","'19' ","'Main scheme Clearing' ",505
2013 ,"'Wales' ","'19' ","'Direct Clearing' ",165
2013 ,"'Wales' ","'19' ","'RPA' ",200
2013 ,"'Wales' ","'20' ","'Firm choice' ",1330
2013 ,"'Wales' ","'20' ","'Insurance choice' ",75
2013 ,"'Wales' ","'20' ","'Other main scheme choice' ",95
2013 ,"'Wales' ","'20' ","'Extra' ",45
2013 ,"'Wales' ","'20' ","'Main scheme Clearing' ",130
2013 ,"'Wales' ","'20' ","'Direct Clearing' ",115
2013 ,"'Wales' ","'20' ","'RPA' ",195
2013 ,"'Wales' ","'21 and over' ","'Firm choice' ",3265
2013 ,"'Wales' ","'21 and over' ","'Insurance choice' ",70
2013 ,"'Wales' ","'21 and over' ","'Other main scheme choice' ",330
2013 ,"'Wales' ","'21 and over' ","'Extra' ",75
2013 ,"'Wales' ","'21 and over' ","'Main scheme Clearing' ",340
2013 ,"'Wales' ","'21 and over' ","'Direct Clearing' ",370
2013 ,"'Wales' ","'21 and over' ","'RPA' ",985
2014 ,"'England' ","'17 and under' ","'Firm choice' ",3285
2014 ,"'England' ","'17 and under' ","'Insurance choice' ",460
2014 ,"'England' ","'17 and under' ","'Other main scheme choice' ",200
2014 ,"'England' ","'17 and under' ","'Extra' ",60
2014 ,"'England' ","'17 and under' ","'Adjustment' ",15
2014 ,"'England' ","'17 and under' ","'Main scheme Clearing' ",400
2014 ,"'England' ","'17 and under' ","'Direct Clearing' ",90
2014 ,"'England' ","'17 and under' ","'RPA' ",170
2014 ,"'England' ","'18' ","'Firm choice' ",155345
2014 ,"'England' ","'18' ","'Insurance choice' ",21300
2014 ,"'England' ","'18' ","'Other main scheme choice' ",1285
2014 ,"'England' ","'18' ","'Extra' ",2465
2014 ,"'England' ","'18' ","'Adjustment' ",745
2014 ,"'England' ","'18' ","'Main scheme Clearing' ",22320
2014 ,"'England' ","'18' ","'Direct Clearing' ",1370
2014 ,"'England' ","'18' ","'RPA' ",1315
2014 ,"'England' ","'19' ","'Firm choice' ",68810
2014 ,"'England' ","'19' ","'Insurance choice' ",6055
2014 ,"'England' ","'19' ","'Other main scheme choice' ",2180
2014 ,"'England' ","'19' ","'Extra' ",1700
2014 ,"'England' ","'19' ","'Adjustment' ",215
2014 ,"'England' ","'19' ","'Main scheme Clearing' ",10080
2014 ,"'England' ","'19' ","'Direct Clearing' ",2275
2014 ,"'England' ","'19' ","'RPA' ",2420
2014 ,"'England' ","'20' ","'Firm choice' ",24955
2014 ,"'England' ","'20' ","'Insurance choice' ",1280
2014 ,"'England' ","'20' ","'Other main scheme choice' ",1825
2014 ,"'England' ","'20' ","'Extra' ",705
2014 ,"'England' ","'20' ","'Adjustment' ",40
2014 ,"'England' ","'20' ","'Main scheme Clearing' ",3160
2014 ,"'England' ","'20' ","'Direct Clearing' ",2060
2014 ,"'England' ","'20' ","'RPA' ",2385
2014 ,"'England' ","'21 and over' ","'Firm choice' ",58615
2014 ,"'England' ","'21 and over' ","'Insurance choice' ",1465
2014 ,"'England' ","'21 and over' ","'Other main scheme choice' ",6655
2014 ,"'England' ","'21 and over' ","'Extra' ",1835
2014 ,"'England' ","'21 and over' ","'Adjustment' ",30
2014 ,"'England' ","'21 and over' ","'Main scheme Clearing' ",6285
2014 ,"'England' ","'21 and over' ","'Direct Clearing' ",6650
2014 ,"'England' ","'21 and over' ","'RPA' ",10670
2014 ,"'Northern Ireland' ","'17 and under' ","'Firm choice' ",45
2014 ,"'Northern Ireland' ","'17 and under' ","'Insurance choice' ",5
2014 ,"'Northern Ireland' ","'17 and under' ","'Main scheme Clearing' ",5
2014 ,"'Northern Ireland' ","'17 and under' ","'Direct Clearing' ",5
2014 ,"'Northern Ireland' ","'18' ","'Firm choice' ",4820
2014 ,"'Northern Ireland' ","'18' ","'Insurance choice' ",950
2014 ,"'Northern Ireland' ","'18' ","'Other main scheme choice' ",5
2014 ,"'Northern Ireland' ","'18' ","'Extra' ",45
2014 ,"'Northern Ireland' ","'18' ","'Adjustment' ",15
2014 ,"'Northern Ireland' ","'18' ","'Main scheme Clearing' ",350
2014 ,"'Northern Ireland' ","'18' ","'Direct Clearing' ",5
2014 ,"'Northern Ireland' ","'19' ","'Firm choice' ",1260
2014 ,"'Northern Ireland' ","'19' ","'Insurance choice' ",160
2014 ,"'Northern Ireland' ","'19' ","'Other main scheme choice' ",25
2014 ,"'Northern Ireland' ","'19' ","'Extra' ",20
2014 ,"'Northern Ireland' ","'19' ","'Adjustment' ",5
2014 ,"'Northern Ireland' ","'19' ","'Main scheme Clearing' ",125
2014 ,"'Northern Ireland' ","'19' ","'Direct Clearing' ",40
2014 ,"'Northern Ireland' ","'19' ","'RPA' ",5
2014 ,"'Northern Ireland' ","'20' ","'Firm choice' ",730
2014 ,"'Northern Ireland' ","'20' ","'Insurance choice' ",25
2014 ,"'Northern Ireland' ","'20' ","'Other main scheme choice' ",20
2014 ,"'Northern Ireland' ","'20' ","'Extra' ",10
2014 ,"'Northern Ireland' ","'20' ","'Main scheme Clearing' ",60
2014 ,"'Northern Ireland' ","'20' ","'Direct Clearing' ",25
2014 ,"'Northern Ireland' ","'20' ","'RPA' ",10
2014 ,"'Northern Ireland' ","'21 and over' ","'Firm choice' ",1665
2014 ,"'Northern Ireland' ","'21 and over' ","'Insurance choice' ",65
2014 ,"'Northern Ireland' ","'21 and over' ","'Other main scheme choice' ",90
2014 ,"'Northern Ireland' ","'21 and over' ","'Extra' ",20
2014 ,"'Northern Ireland' ","'21 and over' ","'Main scheme Clearing' ",215
2014 ,"'Northern Ireland' ","'21 and over' ","'Direct Clearing' ",385
2014 ,"'Northern Ireland' ","'21 and over' ","'RPA' ",35
2014 ,"'Scotland' ","'17 and under' ","'Firm choice' ",650
2014 ,"'Scotland' ","'17 and under' ","'Insurance choice' ",105
2014 ,"'Scotland' ","'17 and under' ","'Other main scheme choice' ",15
2014 ,"'Scotland' ","'17 and under' ","'Extra' ",10
2014 ,"'Scotland' ","'17 and under' ","'Main scheme Clearing' ",30
2014 ,"'Scotland' ","'17 and under' ","'Direct Clearing' ",10
2014 ,"'Scotland' ","'17 and under' ","'RPA' ",45
2014 ,"'Scotland' ","'18' ","'Firm choice' ",16380
2014 ,"'Scotland' ","'18' ","'Insurance choice' ",1920
2014 ,"'Scotland' ","'18' ","'Other main scheme choice' ",45
2014 ,"'Scotland' ","'18' ","'Extra' ",185
2014 ,"'Scotland' ","'18' ","'Adjustment' ",45
2014 ,"'Scotland' ","'18' ","'Main scheme Clearing' ",1040
2014 ,"'Scotland' ","'18' ","'Direct Clearing' ",25
2014 ,"'Scotland' ","'18' ","'RPA' ",110
2014 ,"'Scotland' ","'19' ","'Firm choice' ",5800
2014 ,"'Scotland' ","'19' ","'Insurance choice' ",405
2014 ,"'Scotland' ","'19' ","'Other main scheme choice' ",95
2014 ,"'Scotland' ","'19' ","'Extra' ",85
2014 ,"'Scotland' ","'19' ","'Adjustment' ",5
2014 ,"'Scotland' ","'19' ","'Main scheme Clearing' ",275
2014 ,"'Scotland' ","'19' ","'Direct Clearing' ",30
2014 ,"'Scotland' ","'19' ","'RPA' ",180
2014 ,"'Scotland' ","'20' ","'Firm choice' ",3355
2014 ,"'Scotland' ","'20' ","'Insurance choice' ",135
2014 ,"'Scotland' ","'20' ","'Other main scheme choice' ",95
2014 ,"'Scotland' ","'20' ","'Extra' ",50
2014 ,"'Scotland' ","'20' ","'Main scheme Clearing' ",105
2014 ,"'Scotland' ","'20' ","'Direct Clearing' ",30
2014 ,"'Scotland' ","'20' ","'RPA' ",235
2014 ,"'Scotland' ","'21 and over' ","'Firm choice' ",8605
2014 ,"'Scotland' ","'21 and over' ","'Insurance choice' ",215
2014 ,"'Scotland' ","'21 and over' ","'Other main scheme choice' ",435
2014 ,"'Scotland' ","'21 and over' ","'Extra' ",115
2014 ,"'Scotland' ","'21 and over' ","'Adjustment' ",5
2014 ,"'Scotland' ","'21 and over' ","'Main scheme Clearing' ",330
2014 ,"'Scotland' ","'21 and over' ","'Direct Clearing' ",130
2014 ,"'Scotland' ","'21 and over' ","'RPA' ",675
2014 ,"'Wales' ","'17 and under' ","'Firm choice' ",110
2014 ,"'Wales' ","'17 and under' ","'Insurance choice' ",20
2014 ,"'Wales' ","'17 and under' ","'Other main scheme choice' ",5
2014 ,"'Wales' ","'17 and under' ","'Main scheme Clearing' ",25
2014 ,"'Wales' ","'17 and under' ","'Direct Clearing' ",5
2014 ,"'Wales' ","'17 and under' ","'RPA' ",15
2014 ,"'Wales' ","'18' ","'Firm choice' ",9130
2014 ,"'Wales' ","'18' ","'Insurance choice' ",1620
2014 ,"'Wales' ","'18' ","'Other main scheme choice' ",75
2014 ,"'Wales' ","'18' ","'Extra' ",125
2014 ,"'Wales' ","'18' ","'Adjustment' ",25
2014 ,"'Wales' ","'18' ","'Main scheme Clearing' ",1655
2014 ,"'Wales' ","'18' ","'Direct Clearing' ",100
2014 ,"'Wales' ","'18' ","'RPA' ",155
2014 ,"'Wales' ","'19' ","'Firm choice' ",3780
2014 ,"'Wales' ","'19' ","'Insurance choice' ",380
2014 ,"'Wales' ","'19' ","'Other main scheme choice' ",120
2014 ,"'Wales' ","'19' ","'Extra' ",85
2014 ,"'Wales' ","'19' ","'Adjustment' ",5
2014 ,"'Wales' ","'19' ","'Main scheme Clearing' ",530
2014 ,"'Wales' ","'19' ","'Direct Clearing' ",115
2014 ,"'Wales' ","'19' ","'RPA' ",220
2014 ,"'Wales' ","'20' ","'Firm choice' ",1330
2014 ,"'Wales' ","'20' ","'Insurance choice' ",85
2014 ,"'Wales' ","'20' ","'Other main scheme choice' ",100
2014 ,"'Wales' ","'20' ","'Extra' ",30
2014 ,"'Wales' ","'20' ","'Adjustment' ",5
2014 ,"'Wales' ","'20' ","'Main scheme Clearing' ",175
2014 ,"'Wales' ","'20' ","'Direct Clearing' ",100
2014 ,"'Wales' ","'20' ","'RPA' ",205
2014 ,"'Wales' ","'21 and over' ","'Firm choice' ",3485
2014 ,"'Wales' ","'21 and over' ","'Insurance choice' ",85
2014 ,"'Wales' ","'21 and over' ","'Other main scheme choice' ",335
2014 ,"'Wales' ","'21 and over' ","'Extra' ",70
2014 ,"'Wales' ","'21 and over' ","'Adjustment' ",5
2014 ,"'Wales' ","'21 and over' ","'Main scheme Clearing' ",340
2014 ,"'Wales' ","'21 and over' ","'Direct Clearing' ",360
2014 ,"'Wales' ","'21 and over' ","'RPA' ",935
2015 ,"'England' ","'17 and under' ","'Firm choice' ",3640
2015 ,"'England' ","'17 and under' ","'Insurance choice' ",545
2015 ,"'England' ","'17 and under' ","'Other main scheme choice' ",155
2015 ,"'England' ","'17 and under' ","'Extra' ",45
2015 ,"'England' ","'17 and under' ","'Adjustment' ",10
2015 ,"'England' ","'17 and under' ","'Main scheme Clearing' ",410
2015 ,"'England' ","'17 and under' ","'Direct Clearing' ",85
2015 ,"'England' ","'17 and under' ","'RPA' ",140
2015 ,"'England' ","'18' ","'Firm choice' ",165015
2015 ,"'England' ","'18' ","'Insurance choice' ",23405
2015 ,"'England' ","'18' ","'Other main scheme choice' ",1290
2015 ,"'England' ","'18' ","'Extra' ",2565
2015 ,"'England' ","'18' ","'Adjustment' ",730
2015 ,"'England' ","'18' ","'Main scheme Clearing' ",23790
2015 ,"'England' ","'18' ","'Direct Clearing' ",1545
2015 ,"'England' ","'18' ","'RPA' ",1465
2015 ,"'England' ","'19' ","'Firm choice' ",70730
2015 ,"'England' ","'19' ","'Insurance choice' ",6370
2015 ,"'England' ","'19' ","'Other main scheme choice' ",2110
2015 ,"'England' ","'19' ","'Extra' ",1620
2015 ,"'England' ","'19' ","'Adjustment' ",235
2015 ,"'England' ","'19' ","'Main scheme Clearing' ",10435
2015 ,"'England' ","'19' ","'Direct Clearing' ",2730
2015 ,"'England' ","'19' ","'RPA' ",2595
2015 ,"'England' ","'20' ","'Firm choice' ",24370
2015 ,"'England' ","'20' ","'Insurance choice' ",1295
2015 ,"'England' ","'20' ","'Other main scheme choice' ",1680
2015 ,"'England' ","'20' ","'Extra' ",705
2015 ,"'England' ","'20' ","'Adjustment' ",30
2015 ,"'England' ","'20' ","'Main scheme Clearing' ",2935
2015 ,"'England' ","'20' ","'Direct Clearing' ",2245
2015 ,"'England' ","'20' ","'RPA' ",2465
2015 ,"'England' ","'21 and over' ","'Firm choice' ",57755
2015 ,"'England' ","'21 and over' ","'Insurance choice' ",1645
2015 ,"'England' ","'21 and over' ","'Other main scheme choice' ",6665
2015 ,"'England' ","'21 and over' ","'Extra' ",1620
2015 ,"'England' ","'21 and over' ","'Adjustment' ",35
2015 ,"'England' ","'21 and over' ","'Main scheme Clearing' ",6300
2015 ,"'England' ","'21 and over' ","'Direct Clearing' ",7410
2015 ,"'England' ","'21 and over' ","'RPA' ",11195
2015 ,"'Northern Ireland' ","'17 and under' ","'Firm choice' ",30
2015 ,"'Northern Ireland' ","'17 and under' ","'Insurance choice' ",10
2015 ,"'Northern Ireland' ","'18' ","'Firm choice' ",4280
2015 ,"'Northern Ireland' ","'18' ","'Insurance choice' ",985
2015 ,"'Northern Ireland' ","'18' ","'Other main scheme choice' ",10
2015 ,"'Northern Ireland' ","'18' ","'Extra' ",55
2015 ,"'Northern Ireland' ","'18' ","'Adjustment' ",25
2015 ,"'Northern Ireland' ","'18' ","'Main scheme Clearing' ",195
2015 ,"'Northern Ireland' ","'18' ","'Direct Clearing' ",5
2015 ,"'Northern Ireland' ","'19' ","'Firm choice' ",1200
2015 ,"'Northern Ireland' ","'19' ","'Insurance choice' ",205
2015 ,"'Northern Ireland' ","'19' ","'Other main scheme choice' ",15
2015 ,"'Northern Ireland' ","'19' ","'Extra' ",10
2015 ,"'Northern Ireland' ","'19' ","'Adjustment' ",5
2015 ,"'Northern Ireland' ","'19' ","'Main scheme Clearing' ",70
2015 ,"'Northern Ireland' ","'19' ","'Direct Clearing' ",20
2015 ,"'Northern Ireland' ","'19' ","'RPA' ",10
2015 ,"'Northern Ireland' ","'20' ","'Firm choice' ",635
2015 ,"'Northern Ireland' ","'20' ","'Insurance choice' ",35
2015 ,"'Northern Ireland' ","'20' ","'Other main scheme choice' ",15
2015 ,"'Northern Ireland' ","'20' ","'Extra' ",5
2015 ,"'Northern Ireland' ","'20' ","'Main scheme Clearing' ",35
2015 ,"'Northern Ireland' ","'20' ","'Direct Clearing' ",5
2015 ,"'Northern Ireland' ","'20' ","'RPA' ",5
2015 ,"'Northern Ireland' ","'21 and over' ","'Firm choice' ",1940
2015 ,"'Northern Ireland' ","'21 and over' ","'Insurance choice' ",50
2015 ,"'Northern Ireland' ","'21 and over' ","'Other main scheme choice' ",50
2015 ,"'Northern Ireland' ","'21 and over' ","'Extra' ",15
2015 ,"'Northern Ireland' ","'21 and over' ","'Main scheme Clearing' ",140
2015 ,"'Northern Ireland' ","'21 and over' ","'Direct Clearing' ",70
2015 ,"'Northern Ireland' ","'21 and over' ","'RPA' ",35
2015 ,"'Scotland' ","'17 and under' ","'Firm choice' ",665
2015 ,"'Scotland' ","'17 and under' ","'Insurance choice' ",80
2015 ,"'Scotland' ","'17 and under' ","'Other main scheme choice' ",10
2015 ,"'Scotland' ","'17 and under' ","'Extra' ",5
2015 ,"'Scotland' ","'17 and under' ","'Main scheme Clearing' ",50
2015 ,"'Scotland' ","'17 and under' ","'Direct Clearing' ",15
2015 ,"'Scotland' ","'17 and under' ","'RPA' ",160
2015 ,"'Scotland' ","'18' ","'Firm choice' ",16225
2015 ,"'Scotland' ","'18' ","'Insurance choice' ",1990
2015 ,"'Scotland' ","'18' ","'Other main scheme choice' ",60
2015 ,"'Scotland' ","'18' ","'Extra' ",180
2015 ,"'Scotland' ","'18' ","'Adjustment' ",20
2015 ,"'Scotland' ","'18' ","'Main scheme Clearing' ",1155
2015 ,"'Scotland' ","'18' ","'Direct Clearing' ",30
2015 ,"'Scotland' ","'18' ","'RPA' ",475
2015 ,"'Scotland' ","'19' ","'Firm choice' ",5725
2015 ,"'Scotland' ","'19' ","'Insurance choice' ",400
2015 ,"'Scotland' ","'19' ","'Other main scheme choice' ",95
2015 ,"'Scotland' ","'19' ","'Extra' ",95
2015 ,"'Scotland' ","'19' ","'Main scheme Clearing' ",345
2015 ,"'Scotland' ","'19' ","'Direct Clearing' ",40
2015 ,"'Scotland' ","'19' ","'RPA' ",455
2015 ,"'Scotland' ","'20' ","'Firm choice' ",3275
2015 ,"'Scotland' ","'20' ","'Insurance choice' ",135
2015 ,"'Scotland' ","'20' ","'Other main scheme choice' ",80
2015 ,"'Scotland' ","'20' ","'Extra' ",70
2015 ,"'Scotland' ","'20' ","'Main scheme Clearing' ",135
2015 ,"'Scotland' ","'20' ","'Direct Clearing' ",45
2015 ,"'Scotland' ","'20' ","'RPA' ",430
2015 ,"'Scotland' ","'21 and over' ","'Firm choice' ",10900
2015 ,"'Scotland' ","'21 and over' ","'Insurance choice' ",180
2015 ,"'Scotland' ","'21 and over' ","'Other main scheme choice' ",460
2015 ,"'Scotland' ","'21 and over' ","'Extra' ",180
2015 ,"'Scotland' ","'21 and over' ","'Main scheme Clearing' ",435
2015 ,"'Scotland' ","'21 and over' ","'Direct Clearing' ",240
2015 ,"'Scotland' ","'21 and over' ","'RPA' ",1545
2015 ,"'Wales' ","'17 and under' ","'Firm choice' ",110
2015 ,"'Wales' ","'17 and under' ","'Insurance choice' ",25
2015 ,"'Wales' ","'17 and under' ","'Other main scheme choice' ",10
2015 ,"'Wales' ","'17 and under' ","'Extra' ",5
2015 ,"'Wales' ","'17 and under' ","'Main scheme Clearing' ",30
2015 ,"'Wales' ","'17 and under' ","'Direct Clearing' ",5
2015 ,"'Wales' ","'17 and under' ","'RPA' ",10
2015 ,"'Wales' ","'18' ","'Firm choice' ",9050
2015 ,"'Wales' ","'18' ","'Insurance choice' ",1620
2015 ,"'Wales' ","'18' ","'Other main scheme choice' ",90
2015 ,"'Wales' ","'18' ","'Extra' ",135
2015 ,"'Wales' ","'18' ","'Adjustment' ",30
2015 ,"'Wales' ","'18' ","'Main scheme Clearing' ",1590
2015 ,"'Wales' ","'18' ","'Direct Clearing' ",115
2015 ,"'Wales' ","'18' ","'RPA' ",160
2015 ,"'Wales' ","'19' ","'Firm choice' ",3840
2015 ,"'Wales' ","'19' ","'Insurance choice' ",370
2015 ,"'Wales' ","'19' ","'Other main scheme choice' ",110
2015 ,"'Wales' ","'19' ","'Extra' ",95
2015 ,"'Wales' ","'19' ","'Adjustment' ",10
2015 ,"'Wales' ","'19' ","'Main scheme Clearing' ",575
2015 ,"'Wales' ","'19' ","'Direct Clearing' ",140
2015 ,"'Wales' ","'19' ","'RPA' ",195
2015 ,"'Wales' ","'20' ","'Firm choice' ",1295
2015 ,"'Wales' ","'20' ","'Insurance choice' ",70
2015 ,"'Wales' ","'20' ","'Other main scheme choice' ",90
2015 ,"'Wales' ","'20' ","'Extra' ",25
2015 ,"'Wales' ","'20' ","'Main scheme Clearing' ",135
2015 ,"'Wales' ","'20' ","'Direct Clearing' ",95
2015 ,"'Wales' ","'20' ","'RPA' ",180
2015 ,"'Wales' ","'21 and over' ","'Firm choice' ",3455
2015 ,"'Wales' ","'21 and over' ","'Insurance choice' ",75
2015 ,"'Wales' ","'21 and over' ","'Other main scheme choice' ",385
2015 ,"'Wales' ","'21 and over' ","'Extra' ",60
2015 ,"'Wales' ","'21 and over' ","'Main scheme Clearing' ",360
2015 ,"'Wales' ","'21 and over' ","'Direct Clearing' ",370
2015 ,"'Wales' ","'21 and over' ","'RPA' ",785
2016 ,"'England' ","'17 and under' ","'Firm choice' ",3735
2016 ,"'England' ","'17 and under' ","'Insurance choice' ",535
2016 ,"'England' ","'17 and under' ","'Other main scheme choice' ",185
2016 ,"'England' ","'17 and under' ","'Extra' ",55
2016 ,"'England' ","'17 and under' ","'Adjustment' ",5
2016 ,"'England' ","'17 and under' ","'Main scheme Clearing' ",410
2016 ,"'England' ","'17 and under' ","'Direct Clearing' ",75
2016 ,"'England' ","'17 and under' ","'RPA' ",110
2016 ,"'England' ","'18' ","'Firm choice' ",166620
2016 ,"'England' ","'18' ","'Insurance choice' ",23980
2016 ,"'England' ","'18' ","'Other main scheme choice' ",1420
2016 ,"'England' ","'18' ","'Extra' ",2525
2016 ,"'England' ","'18' ","'Adjustment' ",605
2016 ,"'England' ","'18' ","'Main scheme Clearing' ",24905
2016 ,"'England' ","'18' ","'Direct Clearing' ",1590
2016 ,"'England' ","'18' ","'RPA' ",1450
2016 ,"'England' ","'19' ","'Firm choice' ",71325
2016 ,"'England' ","'19' ","'Insurance choice' ",6155
2016 ,"'England' ","'19' ","'Other main scheme choice' ",2330
2016 ,"'England' ","'19' ","'Extra' ",1615
2016 ,"'England' ","'19' ","'Adjustment' ",155
2016 ,"'England' ","'19' ","'Main scheme Clearing' ",10295
2016 ,"'England' ","'19' ","'Direct Clearing' ",2710
2016 ,"'England' ","'19' ","'RPA' ",2795
2016 ,"'England' ","'20' ","'Firm choice' ",23480
2016 ,"'England' ","'20' ","'Insurance choice' ",1240
2016 ,"'England' ","'20' ","'Other main scheme choice' ",1895
2016 ,"'England' ","'20' ","'Extra' ",685
2016 ,"'England' ","'20' ","'Adjustment' ",25
2016 ,"'England' ","'20' ","'Main scheme Clearing' ",2805
2016 ,"'England' ","'20' ","'Direct Clearing' ",2205
2016 ,"'England' ","'20' ","'RPA' ",2505
2016 ,"'England' ","'21 and over' ","'Firm choice' ",56820
2016 ,"'England' ","'21 and over' ","'Insurance choice' ",1475
2016 ,"'England' ","'21 and over' ","'Other main scheme choice' ",7065
2016 ,"'England' ","'21 and over' ","'Extra' ",1640
2016 ,"'England' ","'21 and over' ","'Adjustment' ",15
2016 ,"'England' ","'21 and over' ","'Main scheme Clearing' ",5770
2016 ,"'England' ","'21 and over' ","'Direct Clearing' ",7040
2016 ,"'England' ","'21 and over' ","'RPA' ",10275
2016 ,"'Northern Ireland' ","'17 and under' ","'Firm choice' ",45
2016 ,"'Northern Ireland' ","'17 and under' ","'Insurance choice' ",5
2016 ,"'Northern Ireland' ","'17 and under' ","'Main scheme Clearing' ",5
2016 ,"'Northern Ireland' ","'18' ","'Firm choice' ",4325
2016 ,"'Northern Ireland' ","'18' ","'Insurance choice' ",960
2016 ,"'Northern Ireland' ","'18' ","'Other main scheme choice' ",10
2016 ,"'Northern Ireland' ","'18' ","'Extra' ",50
2016 ,"'Northern Ireland' ","'18' ","'Adjustment' ",15
2016 ,"'Northern Ireland' ","'18' ","'Main scheme Clearing' ",330
2016 ,"'Northern Ireland' ","'18' ","'Direct Clearing' ",10
2016 ,"'Northern Ireland' ","'19' ","'Firm choice' ",1410
2016 ,"'Northern Ireland' ","'19' ","'Insurance choice' ",210
2016 ,"'Northern Ireland' ","'19' ","'Other main scheme choice' ",20
2016 ,"'Northern Ireland' ","'19' ","'Extra' ",15
2016 ,"'Northern Ireland' ","'19' ","'Adjustment' ",5
2016 ,"'Northern Ireland' ","'19' ","'Main scheme Clearing' ",85
2016 ,"'Northern Ireland' ","'19' ","'Direct Clearing' ",25
2016 ,"'Northern Ireland' ","'19' ","'RPA' ",5
2016 ,"'Northern Ireland' ","'20' ","'Firm choice' ",735
2016 ,"'Northern Ireland' ","'20' ","'Insurance choice' ",50
2016 ,"'Northern Ireland' ","'20' ","'Other main scheme choice' ",15
2016 ,"'Northern Ireland' ","'20' ","'Extra' ",10
2016 ,"'Northern Ireland' ","'20' ","'Main scheme Clearing' ",25
2016 ,"'Northern Ireland' ","'20' ","'Direct Clearing' ",15
2016 ,"'Northern Ireland' ","'20' ","'RPA' ",10
2016 ,"'Northern Ireland' ","'21 and over' ","'Firm choice' ",1735
2016 ,"'Northern Ireland' ","'21 and over' ","'Insurance choice' ",50
2016 ,"'Northern Ireland' ","'21 and over' ","'Other main scheme choice' ",45
2016 ,"'Northern Ireland' ","'21 and over' ","'Extra' ",20
2016 ,"'Northern Ireland' ","'21 and over' ","'Main scheme Clearing' ",150
2016 ,"'Northern Ireland' ","'21 and over' ","'Direct Clearing' ",50
2016 ,"'Northern Ireland' ","'21 and over' ","'RPA' ",15
2016 ,"'Scotland' ","'17 and under' ","'Firm choice' ",710
2016 ,"'Scotland' ","'17 and under' ","'Insurance choice' ",110
2016 ,"'Scotland' ","'17 and under' ","'Other main scheme choice' ",30
2016 ,"'Scotland' ","'17 and under' ","'Extra' ",5
2016 ,"'Scotland' ","'17 and under' ","'Main scheme Clearing' ",55
2016 ,"'Scotland' ","'17 and under' ","'Direct Clearing' ",10
2016 ,"'Scotland' ","'17 and under' ","'RPA' ",160
2016 ,"'Scotland' ","'18' ","'Firm choice' ",16835
2016 ,"'Scotland' ","'18' ","'Insurance choice' ",1875
2016 ,"'Scotland' ","'18' ","'Other main scheme choice' ",65
2016 ,"'Scotland' ","'18' ","'Extra' ",225
2016 ,"'Scotland' ","'18' ","'Adjustment' ",20
2016 ,"'Scotland' ","'18' ","'Main scheme Clearing' ",1180
2016 ,"'Scotland' ","'18' ","'Direct Clearing' ",40
2016 ,"'Scotland' ","'18' ","'RPA' ",440
2016 ,"'Scotland' ","'19' ","'Firm choice' ",6040
2016 ,"'Scotland' ","'19' ","'Insurance choice' ",375
2016 ,"'Scotland' ","'19' ","'Other main scheme choice' ",95
2016 ,"'Scotland' ","'19' ","'Extra' ",100
2016 ,"'Scotland' ","'19' ","'Adjustment' ",5
2016 ,"'Scotland' ","'19' ","'Main scheme Clearing' ",335
2016 ,"'Scotland' ","'19' ","'Direct Clearing' ",65
2016 ,"'Scotland' ","'19' ","'RPA' ",430
2016 ,"'Scotland' ","'20' ","'Firm choice' ",3350
2016 ,"'Scotland' ","'20' ","'Insurance choice' ",125
2016 ,"'Scotland' ","'20' ","'Other main scheme choice' ",75
2016 ,"'Scotland' ","'20' ","'Extra' ",55
2016 ,"'Scotland' ","'20' ","'Main scheme Clearing' ",155
2016 ,"'Scotland' ","'20' ","'Direct Clearing' ",60
2016 ,"'Scotland' ","'20' ","'RPA' ",445
2016 ,"'Scotland' ","'21 and over' ","'Firm choice' ",11260
2016 ,"'Scotland' ","'21 and over' ","'Insurance choice' ",215
2016 ,"'Scotland' ","'21 and over' ","'Other main scheme choice' ",565
2016 ,"'Scotland' ","'21 and over' ","'Extra' ",175
2016 ,"'Scotland' ","'21 and over' ","'Main scheme Clearing' ",390
2016 ,"'Scotland' ","'21 and over' ","'Direct Clearing' ",295
2016 ,"'Scotland' ","'21 and over' ","'RPA' ",1510
2016 ,"'Wales' ","'17 and under' ","'Firm choice' ",115
2016 ,"'Wales' ","'17 and under' ","'Insurance choice' ",15
2016 ,"'Wales' ","'17 and under' ","'Other main scheme choice' ",10
2016 ,"'Wales' ","'17 and under' ","'Main scheme Clearing' ",35
2016 ,"'Wales' ","'17 and under' ","'Direct Clearing' ",5
2016 ,"'Wales' ","'17 and under' ","'RPA' ",10
2016 ,"'Wales' ","'18' ","'Firm choice' ",9290
2016 ,"'Wales' ","'18' ","'Insurance choice' ",1615
2016 ,"'Wales' ","'18' ","'Other main scheme choice' ",65
2016 ,"'Wales' ","'18' ","'Extra' ",135
2016 ,"'Wales' ","'18' ","'Adjustment' ",25
2016 ,"'Wales' ","'18' ","'Main scheme Clearing' ",2045
2016 ,"'Wales' ","'18' ","'Direct Clearing' ",115
2016 ,"'Wales' ","'18' ","'RPA' ",135
2016 ,"'Wales' ","'19' ","'Firm choice' ",3840
2016 ,"'Wales' ","'19' ","'Insurance choice' ",365
2016 ,"'Wales' ","'19' ","'Other main scheme choice' ",110
2016 ,"'Wales' ","'19' ","'Extra' ",75
2016 ,"'Wales' ","'19' ","'Adjustment' ",5
2016 ,"'Wales' ","'19' ","'Main scheme Clearing' ",560
2016 ,"'Wales' ","'19' ","'Direct Clearing' ",135
2016 ,"'Wales' ","'19' ","'RPA' ",170
2016 ,"'Wales' ","'20' ","'Firm choice' ",1330
2016 ,"'Wales' ","'20' ","'Insurance choice' ",60
2016 ,"'Wales' ","'20' ","'Other main scheme choice' ",105
2016 ,"'Wales' ","'20' ","'Extra' ",25
2016 ,"'Wales' ","'20' ","'Adjustment' ",5
2016 ,"'Wales' ","'20' ","'Main scheme Clearing' ",150
2016 ,"'Wales' ","'20' ","'Direct Clearing' ",80
2016 ,"'Wales' ","'20' ","'RPA' ",160
2016 ,"'Wales' ","'21 and over' ","'Firm choice' ",3350
2016 ,"'Wales' ","'21 and over' ","'Insurance choice' ",80
2016 ,"'Wales' ","'21 and over' ","'Other main scheme choice' ",410
2016 ,"'Wales' ","'21 and over' ","'Extra' ",70
2016 ,"'Wales' ","'21 and over' ","'Main scheme Clearing' ",335
2016 ,"'Wales' ","'21 and over' ","'Direct Clearing' ",325
2016 ,"'Wales' ","'21 and over' ","'RPA' ",930
