"Statistic:   Number of Applicants"
"Variables:   Applicant Domicile (Low Level � Overseas Country Focus) , Cycle Year"
"Coverage:   Applied before June deadline"
"For a list of key definitions and descriptions please refer to the PDF file provided - EOC_data_resource_2016-DR2_002_06.pdf"
 
Cycle Year,Applicant Domicile (Low Level � Overseas Country Focus),Number of Applicants,
2006 ,"'United Kingdom' ",399355
2006 ,"'Afghanistan' ",15
2006 ,"'Albania' ",55
2006 ,"'Alderney' ",10
2006 ,"'Algeria' ",30
2006 ,"'Angola' ",55
2006 ,"'Anguilla' ",15
2006 ,"'Antigua and Barbuda' ",10
2006 ,"'Argentina' ",20
2006 ,"'Armenia' ",10
2006 ,"'Australia' ",215
2006 ,"'Austria' ",355
2006 ,"'Azerbaijan' ",50
2006 ,"'Bahamas' ",55
2006 ,"'Bahrain' ",225
2006 ,"'Bangladesh' ",390
2006 ,"'Barbados' ",90
2006 ,"'Belarus' ",25
2006 ,"'Belgium' ",685
2006 ,"'Belize' ",5
2006 ,"'Benin' ",5
2006 ,"'Bermuda' ",60
2006 ,"'Bolivia' ",5
2006 ,"'Bosnia and Herzegovina' ",15
2006 ,"'Botswana' ",225
2006 ,"'Brazil' ",130
2006 ,"'British Antarctic Territory' ",15
2006 ,"'British Virgin Islands' ",25
2006 ,"'Brunei' ",475
2006 ,"'Bulgaria' ",175
2006 ,"'Burkina Faso' ",5
2006 ,"'Burma (Myanmar)' ",60
2006 ,"'Cameroon' ",150
2006 ,"'Canada' ",1110
2006 ,"'Cayman Islands' ",30
2006 ,"'Chile' ",10
2006 ,"'China' ",5215
2006 ,"'Colombia' ",25
2006 ,"'Congo (Democratic Republic)' ",15
2006 ,"'Congo (Peoples Republic)' ",10
2006 ,"'Costa Rica' ",5
2006 ,"'Croatia' ",30
2006 ,"'Cyprus (Not otherwise specified)' ",2480
2006 ,"'Czech Republic' ",300
2006 ,"'Denmark' ",330
2006 ,"'Dominica' ",10
2006 ,"'Dominican Republic' ",5
2006 ,"'Ecuador' ",15
2006 ,"'Egypt' ",100
2006 ,"'El Salvador' ",5
2006 ,"'Equatorial Guinea' ",5
2006 ,"'Eritrea' ",5
2006 ,"'Estonia' ",200
2006 ,"'Ethiopia' ",15
2006 ,"'Falkland Islands' ",15
2006 ,"'Finland' ",500
2006 ,"'France' ",2925
2006 ,"'French Polynesia' ",5
2006 ,"'French West Indies' ",15
2006 ,"'Gabon' ",5
2006 ,"'Gambia' ",105
2006 ,"'Georgia' ",20
2006 ,"'Germany' ",3015
2006 ,"'Ghana' ",510
2006 ,"'Gibraltar' ",210
2006 ,"'Greece' ",1845
2006 ,"'Greenland' ",25
2006 ,"'Grenada' ",15
2006 ,"'Guernsey' ",345
2006 ,"'Guinea' ",10
2006 ,"'Guyana' ",15
2006 ,"'Honduras' ",5
2006 ,"'Hong Kong' ",2900
2006 ,"'Hungary' ",280
2006 ,"'Iceland' ",50
2006 ,"'India' ",2155
2006 ,"'Indonesia' ",140
2006 ,"'Iran' ",355
2006 ,"'Iraq' ",15
2006 ,"'Ireland' ",6125
2006 ,"'Isle of Man' ",450
2006 ,"'Israel' ",100
2006 ,"'Italy' ",975
2006 ,"'Ivory Coast' ",20
2006 ,"'Jamaica' ",100
2006 ,"'Japan' ",755
2006 ,"'Jersey' ",600
2006 ,"'Jordan' ",235
2006 ,"'Kazakhstan' ",330
2006 ,"'Kenya' ",750
2006 ,"'Korea (South)' ",770
2006 ,"'Korea DRY (North)' ",5
2006 ,"'Kuwait' ",205
2006 ,"'Kyrgyzstan' ",15
2006 ,"'Latvia' ",355
2006 ,"'Lebanon' ",100
2006 ,"'Lesotho' ",5
2006 ,"'Liberia' ",5
2006 ,"'Libyan AR' ",35
2006 ,"'Lithuania' ",690
2006 ,"'Luxembourg' ",290
2006 ,"'Macao' ",50
2006 ,"'Macedonia' ",15
2006 ,"'Madagascar' ",5
2006 ,"'Malawi' ",100
2006 ,"'Malaysia' ",2245
2006 ,"'Maldive Islands' ",35
2006 ,"'Malta' ",105
2006 ,"'Mauritania' ",5
2006 ,"'Mauritius' ",545
2006 ,"'Mexico' ",95
2006 ,"'Moldova' ",30
2006 ,"'Monaco' ",25
2006 ,"'Mongolia' ",25
2006 ,"'Morocco' ",60
2006 ,"'Mozambique' ",10
2006 ,"'Namibia' ",25
2006 ,"'Nepal' ",105
2006 ,"'Netherlands' ",535
2006 ,"'Netherlands Antilles' ",5
2006 ,"'New Zealand' ",70
2006 ,"'Nigeria' ",3175
2006 ,"'Norway' ",830
2006 ,"'Oman' ",130
2006 ,"'Pakistan' ",2120
2006 ,"'Panama' ",5
2006 ,"'Paraguay' ",5
2006 ,"'Peru' ",25
2006 ,"'Philippines' ",80
2006 ,"'Poland' ",2250
2006 ,"'Portugal' ",625
2006 ,"'Qatar' ",125
2006 ,"'Reunion' ",10
2006 ,"'Romania' ",120
2006 ,"'Russia' ",495
2006 ,"'Rwanda' ",10
2006 ,"'Saudi Arabia' ",355
2006 ,"'Senegal' ",10
2006 ,"'Serbia' ",45
2006 ,"'Seychelles' ",30
2006 ,"'Sierra Leone' ",30
2006 ,"'Singapore' ",1440
2006 ,"'Slovakia' ",260
2006 ,"'Slovenia' ",55
2006 ,"'Somalia' ",5
2006 ,"'South Africa' ",250
2006 ,"'Spain' ",975
2006 ,"'Sri Lanka' ",900
2006 ,"'St Lucia' ",45
2006 ,"'St Vincent' ",15
2006 ,"'St. Kitts-Nevis' ",15
2006 ,"'Sudan' ",25
2006 ,"'Swaziland' ",15
2006 ,"'Sweden' ",1370
2006 ,"'Switzerland' ",530
2006 ,"'Syria' ",30
2006 ,"'Taiwan' ",285
2006 ,"'Tanzania' ",220
2006 ,"'Thailand' ",305
2006 ,"'Togo' ",5
2006 ,"'Trinidad and Tobago' ",200
2006 ,"'Tunisia' ",15
2006 ,"'Turkey' ",235
2006 ,"'Turkmenistan' ",10
2006 ,"'Turks and Caicos Islands' ",10
2006 ,"'Uganda' ",250
2006 ,"'Ukraine' ",85
2006 ,"'United Arab Emirates' ",450
2006 ,"'United States of America' ",2085
2006 ,"'Uzbekistan' ",25
2006 ,"'Venezuela' ",25
2006 ,"'Vietnam' ",375
2006 ,"'Yemen' ",15
2006 ,"'Zambia' ",140
2006 ,"'Zimbabwe' ",630
2006 ,"'Stateless' ",5
2007 ,"'United Kingdom' ",419310
2007 ,"'Afghanistan' ",20
2007 ,"'Albania' ",80
2007 ,"'Alderney' ",5
2007 ,"'Algeria' ",40
2007 ,"'Angola' ",80
2007 ,"'Anguilla' ",15
2007 ,"'Antigua and Barbuda' ",15
2007 ,"'Argentina' ",10
2007 ,"'Armenia' ",5
2007 ,"'Australia' ",250
2007 ,"'Austria' ",365
2007 ,"'Azerbaijan' ",30
2007 ,"'Bahamas' ",55
2007 ,"'Bahrain' ",270
2007 ,"'Bangladesh' ",320
2007 ,"'Barbados' ",85
2007 ,"'Belarus' ",20
2007 ,"'Belgium' ",730
2007 ,"'Belize' ",5
2007 ,"'Benin' ",10
2007 ,"'Bermuda' ",90
2007 ,"'Bolivia' ",5
2007 ,"'Bosnia and Herzegovina' ",10
2007 ,"'Botswana' ",220
2007 ,"'Brazil' ",125
2007 ,"'British Antarctic Territory' ",10
2007 ,"'British Virgin Islands' ",30
2007 ,"'Brunei' ",740
2007 ,"'Bulgaria' ",545
2007 ,"'Burkina Faso' ",5
2007 ,"'Burma (Myanmar)' ",50
2007 ,"'Cambodia' ",5
2007 ,"'Cameroon' ",145
2007 ,"'Canada' ",1285
2007 ,"'Cayman Islands' ",30
2007 ,"'Chile' ",15
2007 ,"'China' ",5805
2007 ,"'Colombia' ",25
2007 ,"'Congo (Democratic Republic)' ",15
2007 ,"'Congo (Peoples Republic)' ",5
2007 ,"'Costa Rica' ",5
2007 ,"'Croatia' ",25
2007 ,"'Cyprus (Not otherwise specified)' ",3385
2007 ,"'Czech Republic' ",305
2007 ,"'Denmark' ",350
2007 ,"'Dominica' ",15
2007 ,"'Dominican Republic' ",5
2007 ,"'Ecuador' ",15
2007 ,"'Egypt' ",115
2007 ,"'El Salvador' ",15
2007 ,"'Eritrea' ",5
2007 ,"'Estonia' ",290
2007 ,"'Ethiopia' ",25
2007 ,"'Falkland Islands' ",10
2007 ,"'Faroe Islands' ",40
2007 ,"'Fiji' ",5
2007 ,"'Finland' ",535
2007 ,"'France' ",3385
2007 ,"'French West Indies' ",10
2007 ,"'Gabon' ",5
2007 ,"'Gambia' ",85
2007 ,"'Georgia' ",25
2007 ,"'Germany' ",3330
2007 ,"'Ghana' ",430
2007 ,"'Gibraltar' ",210
2007 ,"'Greece' ",2045
2007 ,"'Grenada' ",10
2007 ,"'Guatemala' ",5
2007 ,"'Guernsey' ",360
2007 ,"'Guinea' ",10
2007 ,"'Guyana' ",15
2007 ,"'Hong Kong' ",3145
2007 ,"'Hungary' ",280
2007 ,"'Iceland' ",65
2007 ,"'India' ",2290
2007 ,"'Indonesia' ",140
2007 ,"'Iran' ",475
2007 ,"'Iraq' ",20
2007 ,"'Ireland' ",5625
2007 ,"'Isle of Man' ",425
2007 ,"'Israel' ",85
2007 ,"'Italy' ",1105
2007 ,"'Ivory Coast' ",10
2007 ,"'Jamaica' ",100
2007 ,"'Japan' ",645
2007 ,"'Jersey' ",595
2007 ,"'Jordan' ",305
2007 ,"'Kazakhstan' ",440
2007 ,"'Kenya' ",665
2007 ,"'Korea (South)' ",820
2007 ,"'Kuwait' ",210
2007 ,"'Kyrgyzstan' ",15
2007 ,"'Latvia' ",440
2007 ,"'Lebanon' ",105
2007 ,"'Lesotho' ",5
2007 ,"'Liberia' ",5
2007 ,"'Libyan AR' ",45
2007 ,"'Lithuania' ",800
2007 ,"'Luxembourg' ",305
2007 ,"'Macao' ",65
2007 ,"'Macedonia' ",10
2007 ,"'Madagascar' ",5
2007 ,"'Malawi' ",110
2007 ,"'Malaysia' ",2485
2007 ,"'Maldive Islands' ",40
2007 ,"'Malta' ",115
2007 ,"'Mauritius' ",440
2007 ,"'Mexico' ",110
2007 ,"'Moldova' ",30
2007 ,"'Monaco' ",30
2007 ,"'Mongolia' ",15
2007 ,"'Montserrat' ",5
2007 ,"'Morocco' ",80
2007 ,"'Mozambique' ",10
2007 ,"'Namibia' ",15
2007 ,"'Nepal' ",105
2007 ,"'Netherlands' ",615
2007 ,"'Netherlands Antilles' ",5
2007 ,"'New Zealand' ",70
2007 ,"'Nigeria' ",2740
2007 ,"'Norway' ",1005
2007 ,"'Oman' ",160
2007 ,"'Pakistan' ",2260
2007 ,"'Palestine' ",15
2007 ,"'Panama' ",5
2007 ,"'Paraguay' ",5
2007 ,"'Peru' ",30
2007 ,"'Philippines' ",70
2007 ,"'Poland' ",2795
2007 ,"'Portugal' ",600
2007 ,"'Qatar' ",160
2007 ,"'Romania' ",350
2007 ,"'Russia' ",535
2007 ,"'Rwanda' ",5
2007 ,"'Saudi Arabia' ",520
2007 ,"'Senegal' ",20
2007 ,"'Serbia' ",50
2007 ,"'Seychelles' ",30
2007 ,"'Sierra Leone' ",50
2007 ,"'Singapore' ",1550
2007 ,"'Slovakia' ",280
2007 ,"'Slovenia' ",60
2007 ,"'South Africa' ",300
2007 ,"'Spain' ",1020
2007 ,"'Sri Lanka' ",980
2007 ,"'St Lucia' ",55
2007 ,"'St Vincent' ",20
2007 ,"'St. Kitts-Nevis' ",5
2007 ,"'Sudan' ",30
2007 ,"'Swaziland' ",15
2007 ,"'Sweden' ",1425
2007 ,"'Switzerland' ",505
2007 ,"'Syria' ",25
2007 ,"'Taiwan' ",250
2007 ,"'Tajikistan' ",5
2007 ,"'Tanzania' ",180
2007 ,"'Thailand' ",310
2007 ,"'Togo' ",5
2007 ,"'Trinidad and Tobago' ",170
2007 ,"'Tunisia' ",25
2007 ,"'Turkey' ",310
2007 ,"'Turkmenistan' ",10
2007 ,"'Turks and Caicos Islands' ",15
2007 ,"'Uganda' ",210
2007 ,"'Ukraine' ",105
2007 ,"'United Arab Emirates' ",480
2007 ,"'United States of America' ",2325
2007 ,"'Uruguay' ",5
2007 ,"'Uzbekistan' ",30
2007 ,"'Venezuela' ",35
2007 ,"'Vietnam' ",355
2007 ,"'Yemen' ",20
2007 ,"'Zambia' ",130
2007 ,"'Zimbabwe' ",465
2007 ,"'Unknown' ",105
2008 ,"'United Kingdom' ",460075
2008 ,"'Afghanistan' ",20
2008 ,"'Albania' ",60
2008 ,"'Alderney' ",15
2008 ,"'Algeria' ",25
2008 ,"'Angola' ",75
2008 ,"'Anguilla' ",20
2008 ,"'Antigua and Barbuda' ",20
2008 ,"'Argentina' ",15
2008 ,"'Armenia' ",10
2008 ,"'Australia' ",290
2008 ,"'Austria' ",420
2008 ,"'Azerbaijan' ",60
2008 ,"'Bahamas' ",70
2008 ,"'Bahrain' ",280
2008 ,"'Bangladesh' ",350
2008 ,"'Barbados' ",95
2008 ,"'Belarus' ",30
2008 ,"'Belgium' ",765
2008 ,"'Belize' ",5
2008 ,"'Benin' ",10
2008 ,"'Bermuda' ",185
2008 ,"'Bhutan' ",5
2008 ,"'Bolivia' ",5
2008 ,"'Bosnia and Herzegovina' ",15
2008 ,"'Botswana' ",235
2008 ,"'Brazil' ",130
2008 ,"'British Antarctic Territory' ",50
2008 ,"'British Virgin Islands' ",40
2008 ,"'Brunei' ",690
2008 ,"'Bulgaria' ",1055
2008 ,"'Burma (Myanmar)' ",40
2008 ,"'Burundi' ",5
2008 ,"'Cambodia' ",5
2008 ,"'Cameroon' ",135
2008 ,"'Canada' ",1600
2008 ,"'Cape Verde' ",5
2008 ,"'Cayman Islands' ",40
2008 ,"'Chile' ",10
2008 ,"'China' ",7075
2008 ,"'Colombia' ",50
2008 ,"'Congo (Democratic Republic)' ",25
2008 ,"'Congo (Peoples Republic)' ",5
2008 ,"'Costa Rica' ",5
2008 ,"'Croatia' ",20
2008 ,"'Cyprus (Not otherwise specified)' ",2985
2008 ,"'Czech Republic' ",300
2008 ,"'Denmark' ",385
2008 ,"'Djibouti' ",5
2008 ,"'Dominica' ",10
2008 ,"'Dominican Republic' ",5
2008 ,"'Ecuador' ",15
2008 ,"'Egypt' ",155
2008 ,"'El Salvador' ",10
2008 ,"'Equatorial Guinea' ",5
2008 ,"'Eritrea' ",5
2008 ,"'Estonia' ",345
2008 ,"'Ethiopia' ",40
2008 ,"'Falkland Islands' ",10
2008 ,"'Faroe Islands' ",35
2008 ,"'Fiji' ",5
2008 ,"'Finland' ",575
2008 ,"'France' ",3530
2008 ,"'French West Indies' ",10
2008 ,"'Gabon' ",10
2008 ,"'Gambia' ",85
2008 ,"'Georgia' ",30
2008 ,"'Germany' ",3460
2008 ,"'Ghana' ",385
2008 ,"'Gibraltar' ",210
2008 ,"'Greece' ",2045
2008 ,"'Grenada' ",15
2008 ,"'Guatemala' ",5
2008 ,"'Guernsey' ",330
2008 ,"'Guinea' ",10
2008 ,"'Guyana' ",15
2008 ,"'Honduras' ",5
2008 ,"'Hong Kong' ",3200
2008 ,"'Hungary' ",290
2008 ,"'Iceland' ",90
2008 ,"'India' ",2360
2008 ,"'Indonesia' ",165
2008 ,"'Iran' ",475
2008 ,"'Iraq' ",15
2008 ,"'Ireland' ",5200
2008 ,"'Isle of Man' ",460
2008 ,"'Israel' ",125
2008 ,"'Italy' ",1225
2008 ,"'Ivory Coast' ",15
2008 ,"'Jamaica' ",80
2008 ,"'Japan' ",510
2008 ,"'Jersey' ",555
2008 ,"'Jordan' ",275
2008 ,"'Kazakhstan' ",380
2008 ,"'Kenya' ",655
2008 ,"'Korea (South)' ",850
2008 ,"'Kuwait' ",240
2008 ,"'Kyrgyzstan' ",15
2008 ,"'Latvia' ",465
2008 ,"'Lebanon' ",110
2008 ,"'Lesotho' ",5
2008 ,"'Liberia' ",5
2008 ,"'Libyan AR' ",65
2008 ,"'Liechtenstein' ",5
2008 ,"'Lithuania' ",1010
2008 ,"'Luxembourg' ",315
2008 ,"'Macao' ",65
2008 ,"'Macedonia' ",10
2008 ,"'Madagascar' ",5
2008 ,"'Malawi' ",110
2008 ,"'Malaysia' ",2730
2008 ,"'Maldive Islands' ",35
2008 ,"'Mali' ",5
2008 ,"'Malta' ",125
2008 ,"'Mauritania' ",5
2008 ,"'Mauritius' ",415
2008 ,"'Mexico' ",115
2008 ,"'Moldova' ",35
2008 ,"'Monaco' ",35
2008 ,"'Mongolia' ",25
2008 ,"'Montenegro' ",10
2008 ,"'Montserrat' ",5
2008 ,"'Morocco' ",65
2008 ,"'Mozambique' ",5
2008 ,"'Namibia' ",25
2008 ,"'Nepal' ",85
2008 ,"'Netherlands' ",710
2008 ,"'Netherlands Antilles' ",10
2008 ,"'New Zealand' ",90
2008 ,"'Nicaragua' ",5
2008 ,"'Nigeria' ",2595
2008 ,"'Norway' ",1220
2008 ,"'Oman' ",170
2008 ,"'Pakistan' ",2315
2008 ,"'Palestine' ",30
2008 ,"'Panama' ",5
2008 ,"'Papua New Guinea' ",5
2008 ,"'Paraguay' ",5
2008 ,"'Peru' ",25
2008 ,"'Philippines' ",90
2008 ,"'Poland' ",2310
2008 ,"'Portugal' ",585
2008 ,"'Qatar' ",210
2008 ,"'Reunion' ",5
2008 ,"'Romania' ",750
2008 ,"'Russia' ",595
2008 ,"'Rwanda' ",20
2008 ,"'Saudi Arabia' ",920
2008 ,"'Senegal' ",20
2008 ,"'Serbia' ",55
2008 ,"'Seychelles' ",20
2008 ,"'Sierra Leone' ",35
2008 ,"'Singapore' ",1945
2008 ,"'Slovakia' ",340
2008 ,"'Slovenia' ",65
2008 ,"'Somalia' ",5
2008 ,"'South Africa' ",330
2008 ,"'Spain' ",1045
2008 ,"'Sri Lanka' ",870
2008 ,"'St Helena' ",5
2008 ,"'St Lucia' ",40
2008 ,"'St Vincent' ",30
2008 ,"'St. Kitts-Nevis' ",10
2008 ,"'Sudan' ",35
2008 ,"'Swaziland' ",15
2008 ,"'Sweden' ",1380
2008 ,"'Switzerland' ",620
2008 ,"'Syria' ",35
2008 ,"'Taiwan' ",300
2008 ,"'Tajikistan' ",5
2008 ,"'Tanzania' ",205
2008 ,"'Thailand' ",380
2008 ,"'Togo' ",10
2008 ,"'Trinidad and Tobago' ",140
2008 ,"'Tunisia' ",20
2008 ,"'Turkey' ",390
2008 ,"'Turkmenistan' ",10
2008 ,"'Turks and Caicos Islands' ",20
2008 ,"'Uganda' ",230
2008 ,"'Ukraine' ",110
2008 ,"'United Arab Emirates' ",630
2008 ,"'United States of America' ",2490
2008 ,"'Uzbekistan' ",30
2008 ,"'Venezuela' ",45
2008 ,"'Vietnam' ",375
2008 ,"'Yemen' ",20
2008 ,"'Zambia' ",175
2008 ,"'Zimbabwe' ",440
2008 ,"'Unknown' ",245
2009 ,"'United Kingdom' ",504475
2009 ,"'Afghanistan' ",20
2009 ,"'Albania' ",65
2009 ,"'Alderney' ",5
2009 ,"'Algeria' ",35
2009 ,"'Andorra' ",5
2009 ,"'Angola' ",65
2009 ,"'Anguilla' ",20
2009 ,"'Antigua and Barbuda' ",10
2009 ,"'Argentina' ",25
2009 ,"'Armenia' ",20
2009 ,"'Australia' ",290
2009 ,"'Austria' ",455
2009 ,"'Azerbaijan' ",110
2009 ,"'Bahamas' ",60
2009 ,"'Bahrain' ",265
2009 ,"'Bangladesh' ",380
2009 ,"'Barbados' ",105
2009 ,"'Belarus' ",25
2009 ,"'Belgium' ",885
2009 ,"'Belize' ",15
2009 ,"'Benin' ",10
2009 ,"'Bermuda' ",225
2009 ,"'Bhutan' ",5
2009 ,"'Bolivia' ",5
2009 ,"'Bosnia and Herzegovina' ",10
2009 ,"'Botswana' ",205
2009 ,"'Brazil' ",135
2009 ,"'British Antarctic Territory' ",30
2009 ,"'British Indian Ocean Territory' ",10
2009 ,"'British Virgin Islands' ",55
2009 ,"'Brunei' ",775
2009 ,"'Bulgaria' ",1650
2009 ,"'Burkina Faso' ",5
2009 ,"'Burma (Myanmar)' ",55
2009 ,"'Burundi' ",5
2009 ,"'Cambodia' ",5
2009 ,"'Cameroon' ",110
2009 ,"'Canada' ",1740
2009 ,"'Canary Islands' ",10
2009 ,"'Cayman Islands' ",40
2009 ,"'Central African Republic' ",5
2009 ,"'Chile' ",15
2009 ,"'China' ",7520
2009 ,"'Colombia' ",40
2009 ,"'Congo (Democratic Republic)' ",20
2009 ,"'Congo (Peoples Republic)' ",5
2009 ,"'Costa Rica' ",15
2009 ,"'Croatia' ",45
2009 ,"'Cuba' ",5
2009 ,"'Cyprus (European Union)' ",2110
2009 ,"'Cyprus (Non-European Union)' ",40
2009 ,"'Cyprus (Not otherwise specified)' ",1390
2009 ,"'Czech Republic' ",335
2009 ,"'Denmark' ",415
2009 ,"'Dominica' ",5
2009 ,"'Dominican Republic' ",5
2009 ,"'Ecuador' ",15
2009 ,"'Egypt' ",175
2009 ,"'El Salvador' ",10
2009 ,"'Equatorial Guinea' ",5
2009 ,"'Eritrea' ",10
2009 ,"'Estonia' ",440
2009 ,"'Ethiopia' ",30
2009 ,"'Falkland Islands' ",15
2009 ,"'Faroe Islands' ",65
2009 ,"'Fiji' ",10
2009 ,"'Finland' ",615
2009 ,"'France' ",4105
2009 ,"'French Polynesia' ",5
2009 ,"'French West Indies' ",5
2009 ,"'Gambia' ",105
2009 ,"'Georgia' ",65
2009 ,"'Germany' ",3765
2009 ,"'Ghana' ",295
2009 ,"'Gibraltar' ",210
2009 ,"'Greece' ",2230
2009 ,"'Grenada' ",20
2009 ,"'Guadeloupe' ",5
2009 ,"'Guatemala' ",15
2009 ,"'Guernsey' ",340
2009 ,"'Guinea' ",10
2009 ,"'Guyana' ",15
2009 ,"'Honduras' ",5
2009 ,"'Hong Kong' ",3285
2009 ,"'Hungary' ",350
2009 ,"'Iceland' ",50
2009 ,"'India' ",2535
2009 ,"'Indonesia' ",170
2009 ,"'Iran' ",580
2009 ,"'Iraq' ",20
2009 ,"'Ireland' ",5970
2009 ,"'Isle of Man' ",475
2009 ,"'Israel' ",100
2009 ,"'Italy' ",1545
2009 ,"'Ivory Coast' ",10
2009 ,"'Jamaica' ",75
2009 ,"'Japan' ",380
2009 ,"'Jersey' ",540
2009 ,"'Jordan' ",265
2009 ,"'Kazakhstan' ",555
2009 ,"'Kenya' ",660
2009 ,"'Korea (South)' ",955
2009 ,"'Kosovo' ",5
2009 ,"'Kuwait' ",240
2009 ,"'Kyrgyzstan' ",15
2009 ,"'Latvia' ",630
2009 ,"'Lebanon' ",95
2009 ,"'Lesotho' ",10
2009 ,"'Liberia' ",5
2009 ,"'Libyan AR' ",135
2009 ,"'Liechtenstein' ",5
2009 ,"'Lithuania' ",1355
2009 ,"'Luxembourg' ",330
2009 ,"'Macao' ",85
2009 ,"'Macedonia' ",15
2009 ,"'Madagascar' ",10
2009 ,"'Malawi' ",135
2009 ,"'Malaysia' ",2995
2009 ,"'Maldive Islands' ",35
2009 ,"'Mali' ",5
2009 ,"'Malta' ",110
2009 ,"'Mauritius' ",480
2009 ,"'Mexico' ",115
2009 ,"'Moldova' ",50
2009 ,"'Monaco' ",35
2009 ,"'Mongolia' ",20
2009 ,"'Montenegro' ",10
2009 ,"'Montserrat' ",10
2009 ,"'Morocco' ",120
2009 ,"'Mozambique' ",15
2009 ,"'Namibia' ",30
2009 ,"'Nepal' ",130
2009 ,"'Netherlands' ",740
2009 ,"'Netherlands Antilles' ",10
2009 ,"'New Zealand' ",120
2009 ,"'Nicaragua' ",5
2009 ,"'Nigeria' ",2435
2009 ,"'Norway' ",1405
2009 ,"'Oman' ",155
2009 ,"'Pakistan' ",2135
2009 ,"'Palestine' ",35
2009 ,"'Panama' ",15
2009 ,"'Papua New Guinea' ",5
2009 ,"'Peru' ",25
2009 ,"'Philippines' ",95
2009 ,"'Poland' ",2175
2009 ,"'Portugal' ",580
2009 ,"'Puerto Rico' ",10
2009 ,"'Qatar' ",255
2009 ,"'Reunion' ",10
2009 ,"'Romania' ",1265
2009 ,"'Russia' ",625
2009 ,"'Rwanda' ",20
2009 ,"'Saudi Arabia' ",1295
2009 ,"'Senegal' ",35
2009 ,"'Serbia' ",60
2009 ,"'Seychelles' ",20
2009 ,"'Sierra Leone' ",30
2009 ,"'Singapore' ",2350
2009 ,"'Slovakia' ",395
2009 ,"'Slovenia' ",70
2009 ,"'Somalia' ",5
2009 ,"'South Africa' ",290
2009 ,"'Spain' ",1240
2009 ,"'Sri Lanka' ",620
2009 ,"'St Lucia' ",45
2009 ,"'St Vincent' ",30
2009 ,"'St. Kitts-Nevis' ",10
2009 ,"'Sudan' ",30
2009 ,"'Swaziland' ",10
2009 ,"'Sweden' ",1480
2009 ,"'Switzerland' ",755
2009 ,"'Syria' ",25
2009 ,"'Taiwan' ",240
2009 ,"'Tajikistan' ",5
2009 ,"'Tanzania' ",180
2009 ,"'Thailand' ",415
2009 ,"'Togo' ",10
2009 ,"'Trinidad and Tobago' ",165
2009 ,"'Tunisia' ",25
2009 ,"'Turkey' ",455
2009 ,"'Turkmenistan' ",15
2009 ,"'Turks and Caicos Islands' ",35
2009 ,"'USSR (not otherwise specified)' ",5
2009 ,"'Uganda' ",195
2009 ,"'Ukraine' ",150
2009 ,"'United Arab Emirates' ",695
2009 ,"'United States of America' ",2660
2009 ,"'Uruguay' ",5
2009 ,"'Uzbekistan' ",35
2009 ,"'Venezuela' ",40
2009 ,"'Vietnam' ",480
2009 ,"'Yemen' ",25
2009 ,"'Zambia' ",135
2009 ,"'Zimbabwe' ",405
2009 ,"'Unknown' ",195
2010 ,"'United Kingdom' ",559240
2010 ,"'Afghanistan' ",20
2010 ,"'Albania' ",80
2010 ,"'Alderney' ",10
2010 ,"'Algeria' ",20
2010 ,"'Andorra' ",5
2010 ,"'Angola' ",90
2010 ,"'Anguilla' ",25
2010 ,"'Antigua and Barbuda' ",10
2010 ,"'Argentina' ",15
2010 ,"'Armenia' ",25
2010 ,"'Australia' ",360
2010 ,"'Austria' ",490
2010 ,"'Azerbaijan' ",275
2010 ,"'Bahamas' ",55
2010 ,"'Bahrain' ",315
2010 ,"'Bangladesh' ",475
2010 ,"'Barbados' ",100
2010 ,"'Belarus' ",40
2010 ,"'Belgium' ",945
2010 ,"'Belize' ",10
2010 ,"'Benin' ",5
2010 ,"'Bermuda' ",315
2010 ,"'Bhutan' ",5
2010 ,"'Bolivia' ",10
2010 ,"'Bosnia and Herzegovina' ",20
2010 ,"'Botswana' ",225
2010 ,"'Brazil' ",180
2010 ,"'British Antarctic Territory' ",35
2010 ,"'British Indian Ocean Territory' ",10
2010 ,"'British Virgin Islands' ",55
2010 ,"'Brunei' ",935
2010 ,"'Bulgaria' ",2100
2010 ,"'Burma (Myanmar)' ",70
2010 ,"'Burundi' ",5
2010 ,"'Cambodia' ",15
2010 ,"'Cameroon' ",115
2010 ,"'Canada' ",1905
2010 ,"'Canary Islands' ",45
2010 ,"'Cayman Islands' ",70
2010 ,"'Chile' ",15
2010 ,"'China' ",8405
2010 ,"'Colombia' ",60
2010 ,"'Congo (Democratic Republic)' ",20
2010 ,"'Congo (Peoples Republic)' ",5
2010 ,"'Costa Rica' ",10
2010 ,"'Croatia' ",40
2010 ,"'Cyprus (European Union)' ",3625
2010 ,"'Cyprus (Non-European Union)' ",40
2010 ,"'Cyprus (Not otherwise specified)' ",70
2010 ,"'Czech Republic' ",410
2010 ,"'Denmark' ",490
2010 ,"'Dominica' ",10
2010 ,"'Dominican Republic' ",5
2010 ,"'Ecuador' ",25
2010 ,"'Egypt' ",190
2010 ,"'El Salvador' ",5
2010 ,"'Equatorial Guinea' ",5
2010 ,"'Eritrea' ",10
2010 ,"'Estonia' ",515
2010 ,"'Ethiopia' ",45
2010 ,"'Falkland Islands' ",10
2010 ,"'Faroe Islands' ",45
2010 ,"'Fiji' ",5
2010 ,"'Finland' ",780
2010 ,"'France' ",4325
2010 ,"'French West Indies' ",5
2010 ,"'Gabon' ",5
2010 ,"'Gambia' ",60
2010 ,"'Georgia' ",45
2010 ,"'Germany' ",4155
2010 ,"'Ghana' ",300
2010 ,"'Gibraltar' ",280
2010 ,"'Greece' ",2445
2010 ,"'Grenada' ",20
2010 ,"'Guadeloupe' ",5
2010 ,"'Guatemala' ",10
2010 ,"'Guernsey' ",350
2010 ,"'Guinea' ",5
2010 ,"'Guyana' ",20
2010 ,"'Haiti' ",5
2010 ,"'Honduras' ",10
2010 ,"'Hong Kong' ",3685
2010 ,"'Hungary' ",420
2010 ,"'Iceland' ",50
2010 ,"'India' ",2890
2010 ,"'Indonesia' ",200
2010 ,"'Iran' ",605
2010 ,"'Iraq' ",15
2010 ,"'Ireland' ",8070
2010 ,"'Isle of Man' ",565
2010 ,"'Israel' ",125
2010 ,"'Italy' ",2060
2010 ,"'Ivory Coast' ",15
2010 ,"'Jamaica' ",90
2010 ,"'Japan' ",400
2010 ,"'Jersey' ",580
2010 ,"'Jordan' ",325
2010 ,"'Kazakhstan' ",595
2010 ,"'Kenya' ",680
2010 ,"'Korea (South)' ",1130
2010 ,"'Kosovo' ",15
2010 ,"'Kuwait' ",350
2010 ,"'Kyrgyzstan' ",15
2010 ,"'Latvia' ",1130
2010 ,"'Lebanon' ",110
2010 ,"'Lesotho' ",5
2010 ,"'Libyan AR' ",135
2010 ,"'Liechtenstein' ",5
2010 ,"'Lithuania' ",2540
2010 ,"'Luxembourg' ",355
2010 ,"'Macao' ",85
2010 ,"'Macedonia' ",20
2010 ,"'Madagascar' ",10
2010 ,"'Malawi' ",105
2010 ,"'Malaysia' ",3100
2010 ,"'Maldive Islands' ",65
2010 ,"'Mali' ",5
2010 ,"'Malta' ",150
2010 ,"'Mauritius' ",510
2010 ,"'Mexico' ",150
2010 ,"'Moldova' ",50
2010 ,"'Monaco' ",40
2010 ,"'Mongolia' ",40
2010 ,"'Montenegro' ",10
2010 ,"'Montserrat' ",10
2010 ,"'Morocco' ",150
2010 ,"'Mozambique' ",15
2010 ,"'Namibia' ",35
2010 ,"'Nepal' ",160
2010 ,"'Netherlands' ",845
2010 ,"'Netherlands Antilles' ",10
2010 ,"'New Caledonia' ",5
2010 ,"'New Zealand' ",115
2010 ,"'Nigeria' ",2245
2010 ,"'Norway' ",1665
2010 ,"'Oman' ",195
2010 ,"'Pakistan' ",2170
2010 ,"'Palestine' ",45
2010 ,"'Panama' ",15
2010 ,"'Papua New Guinea' ",5
2010 ,"'Peru' ",35
2010 ,"'Philippines' ",105
2010 ,"'Poland' ",2075
2010 ,"'Portugal' ",640
2010 ,"'Qatar' ",305
2010 ,"'Reunion' ",5
2010 ,"'Romania' ",2115
2010 ,"'Russia' ",705
2010 ,"'Rwanda' ",20
2010 ,"'Saudi Arabia' ",1235
2010 ,"'Senegal' ",30
2010 ,"'Serbia' ",70
2010 ,"'Seychelles' ",25
2010 ,"'Sierra Leone' ",30
2010 ,"'Singapore' ",2810
2010 ,"'Slovakia' ",440
2010 ,"'Slovenia' ",100
2010 ,"'Somalia' ",5
2010 ,"'South Africa' ",270
2010 ,"'Spain' ",1500
2010 ,"'Sri Lanka' ",575
2010 ,"'St Helena' ",5
2010 ,"'St Lucia' ",55
2010 ,"'St Vincent' ",15
2010 ,"'St. Kitts-Nevis' ",10
2010 ,"'Sudan' ",45
2010 ,"'Swaziland' ",10
2010 ,"'Sweden' ",1785
2010 ,"'Switzerland' ",885
2010 ,"'Syria' ",55
2010 ,"'Taiwan' ",250
2010 ,"'Tajikistan' ",5
2010 ,"'Tanzania' ",205
2010 ,"'Thailand' ",510
2010 ,"'Togo' ",10
2010 ,"'Trinidad and Tobago' ",155
2010 ,"'Tunisia' ",25
2010 ,"'Turkey' ",440
2010 ,"'Turkmenistan' ",20
2010 ,"'Turks and Caicos Islands' ",60
2010 ,"'USSR (not otherwise specified)' ",5
2010 ,"'Uganda' ",200
2010 ,"'Ukraine' ",195
2010 ,"'United Arab Emirates' ",790
2010 ,"'United States of America' ",2870
2010 ,"'Uruguay' ",5
2010 ,"'Uzbekistan' ",35
2010 ,"'Venezuela' ",50
2010 ,"'Vietnam' ",600
2010 ,"'Yemen' ",35
2010 ,"'Zambia' ",145
2010 ,"'Zimbabwe' ",410
2010 ,"'Stateless' ",5
2010 ,"'Unknown' ",180
2011 ,"'United Kingdom' ",564015
2011 ,"'Afghanistan' ",35
2011 ,"'Albania' ",75
2011 ,"'Alderney' ",5
2011 ,"'Algeria' ",35
2011 ,"'Angola' ",80
2011 ,"'Anguilla' ",20
2011 ,"'Antigua and Barbuda' ",10
2011 ,"'Argentina' ",20
2011 ,"'Armenia' ",25
2011 ,"'Australia' ",400
2011 ,"'Austria' ",560
2011 ,"'Azerbaijan' ",220
2011 ,"'Bahamas' ",55
2011 ,"'Bahrain' ",335
2011 ,"'Bangladesh' ",380
2011 ,"'Barbados' ",80
2011 ,"'Belarus' ",40
2011 ,"'Belgium' ",975
2011 ,"'Belize' ",10
2011 ,"'Benin' ",10
2011 ,"'Bermuda' ",250
2011 ,"'Bhutan' ",5
2011 ,"'Bolivia' ",5
2011 ,"'Bosnia and Herzegovina' ",20
2011 ,"'Botswana' ",150
2011 ,"'Brazil' ",155
2011 ,"'British Antarctic Territory' ",30
2011 ,"'British Indian Ocean Territory' ",5
2011 ,"'British Virgin Islands' ",50
2011 ,"'Brunei' ",800
2011 ,"'Bulgaria' ",2380
2011 ,"'Burma (Myanmar)' ",65
2011 ,"'Cambodia' ",10
2011 ,"'Cameroon' ",75
2011 ,"'Canada' ",2120
2011 ,"'Canary Islands' ",55
2011 ,"'Cayman Islands' ",100
2011 ,"'Chile' ",15
2011 ,"'China' ",9650
2011 ,"'Colombia' ",60
2011 ,"'Congo (Democratic Republic)' ",15
2011 ,"'Costa Rica' ",15
2011 ,"'Croatia' ",40
2011 ,"'Cyprus (European Union)' ",4055
2011 ,"'Cyprus (Non-European Union)' ",35
2011 ,"'Cyprus (Not otherwise specified)' ",50
2011 ,"'Czech Republic' ",450
2011 ,"'Denmark' ",465
2011 ,"'Djibouti' ",5
2011 ,"'Dominica' ",5
2011 ,"'Dominican Republic' ",5
2011 ,"'Ecuador' ",25
2011 ,"'Egypt' ",260
2011 ,"'El Salvador' ",15
2011 ,"'Eritrea' ",5
2011 ,"'Estonia' ",630
2011 ,"'Ethiopia' ",25
2011 ,"'Falkland Islands' ",5
2011 ,"'Faroe Islands' ",55
2011 ,"'Fiji' ",5
2011 ,"'Finland' ",900
2011 ,"'France' ",4220
2011 ,"'French West Indies' ",5
2011 ,"'Gabon' ",5
2011 ,"'Gambia' ",60
2011 ,"'Georgia' ",55
2011 ,"'Germany' ",4120
2011 ,"'Ghana' ",255
2011 ,"'Gibraltar' ",300
2011 ,"'Greece' ",2755
2011 ,"'Grenada' ",10
2011 ,"'Guadeloupe' ",5
2011 ,"'Guatemala' ",10
2011 ,"'Guernsey' ",315
2011 ,"'Guinea' ",10
2011 ,"'Guyana' ",15
2011 ,"'Honduras' ",10
2011 ,"'Hong Kong' ",4345
2011 ,"'Hungary' ",405
2011 ,"'Iceland' ",50
2011 ,"'India' ",3075
2011 ,"'Indonesia' ",275
2011 ,"'Iran' ",550
2011 ,"'Iraq' ",25
2011 ,"'Ireland' ",7375
2011 ,"'Isle of Man' ",550
2011 ,"'Israel' ",110
2011 ,"'Italy' ",2430
2011 ,"'Ivory Coast' ",15
2011 ,"'Jamaica' ",75
2011 ,"'Japan' ",425
2011 ,"'Jersey' ",600
2011 ,"'Jordan' ",365
2011 ,"'Kazakhstan' ",450
2011 ,"'Kenya' ",640
2011 ,"'Korea (South)' ",1305
2011 ,"'Kosovo' ",25
2011 ,"'Kuwait' ",420
2011 ,"'Kyrgyzstan' ",20
2011 ,"'Lao PDR' ",5
2011 ,"'Latvia' ",1015
2011 ,"'Lebanon' ",145
2011 ,"'Lesotho' ",10
2011 ,"'Liberia' ",5
2011 ,"'Libyan AR' ",90
2011 ,"'Liechtenstein' ",5
2011 ,"'Lithuania' ",3280
2011 ,"'Luxembourg' ",380
2011 ,"'Macao' ",110
2011 ,"'Macedonia' ",20
2011 ,"'Madagascar' ",15
2011 ,"'Malawi' ",85
2011 ,"'Malaysia' ",3520
2011 ,"'Maldive Islands' ",45
2011 ,"'Mali' ",5
2011 ,"'Malta' ",140
2011 ,"'Martinique' ",5
2011 ,"'Mauritania' ",5
2011 ,"'Mauritius' ",465
2011 ,"'Mexico' ",140
2011 ,"'Moldova' ",45
2011 ,"'Monaco' ",40
2011 ,"'Mongolia' ",25
2011 ,"'Montenegro' ",15
2011 ,"'Morocco' ",210
2011 ,"'Mozambique' ",10
2011 ,"'Namibia' ",40
2011 ,"'Nepal' ",150
2011 ,"'Netherlands' ",830
2011 ,"'Netherlands Antilles' ",15
2011 ,"'New Caledonia' ",5
2011 ,"'New Zealand' ",145
2011 ,"'Nigeria' ",2215
2011 ,"'Norway' ",1880
2011 ,"'Oman' ",195
2011 ,"'Pakistan' ",1950
2011 ,"'Palestine' ",45
2011 ,"'Panama' ",10
2011 ,"'Peru' ",35
2011 ,"'Philippines' ",100
2011 ,"'Poland' ",2080
2011 ,"'Portugal' ",735
2011 ,"'Puerto Rico' ",5
2011 ,"'Qatar' ",380
2011 ,"'Reunion' ",10
2011 ,"'Romania' ",2945
2011 ,"'Russia' ",735
2011 ,"'Rwanda' ",15
2011 ,"'Saudi Arabia' ",985
2011 ,"'Senegal' ",15
2011 ,"'Serbia' ",75
2011 ,"'Seychelles' ",20
2011 ,"'Sierra Leone' ",20
2011 ,"'Singapore' ",3260
2011 ,"'Slovakia' ",485
2011 ,"'Slovenia' ",115
2011 ,"'Somalia' ",5
2011 ,"'South Africa' ",260
2011 ,"'Spain' ",1700
2011 ,"'Sri Lanka' ",485
2011 ,"'St Helena' ",5
2011 ,"'St Lucia' ",25
2011 ,"'St Vincent' ",15
2011 ,"'St. Kitts-Nevis' ",5
2011 ,"'Sudan' ",30
2011 ,"'Swaziland' ",15
2011 ,"'Sweden' ",1675
2011 ,"'Switzerland' ",915
2011 ,"'Syria' ",60
2011 ,"'Taiwan' ",300
2011 ,"'Tajikistan' ",5
2011 ,"'Tanzania' ",175
2011 ,"'Thailand' ",590
2011 ,"'Togo' ",10
2011 ,"'Trinidad and Tobago' ",170
2011 ,"'Tunisia' ",25
2011 ,"'Turkey' ",450
2011 ,"'Turkmenistan' ",25
2011 ,"'Turks and Caicos Islands' ",60
2011 ,"'USSR (not otherwise specified)' ",5
2011 ,"'Uganda' ",140
2011 ,"'Ukraine' ",195
2011 ,"'United Arab Emirates' ",830
2011 ,"'United States of America' ",2890
2011 ,"'Uzbekistan' ",35
2011 ,"'Venezuela' ",55
2011 ,"'Vietnam' ",690
2011 ,"'Yemen' ",20
2011 ,"'Zambia' ",125
2011 ,"'Zimbabwe' ",350
2011 ,"'Unknown' ",150
2012 ,"'United Kingdom' ",513880
2012 ,"'Afghanistan' ",25
2012 ,"'Albania' ",80
2012 ,"'Alderney' ",5
2012 ,"'Algeria' ",35
2012 ,"'Angola' ",100
2012 ,"'Anguilla' ",10
2012 ,"'Antigua and Barbuda' ",10
2012 ,"'Argentina' ",20
2012 ,"'Armenia' ",45
2012 ,"'Australia' ",470
2012 ,"'Austria' ",555
2012 ,"'Azerbaijan' ",260
2012 ,"'Bahamas' ",65
2012 ,"'Bahrain' ",365
2012 ,"'Bangladesh' ",395
2012 ,"'Barbados' ",95
2012 ,"'Belarus' ",35
2012 ,"'Belgium' ",855
2012 ,"'Belize' ",10
2012 ,"'Benin' ",5
2012 ,"'Bermuda' ",205
2012 ,"'Bhutan' ",10
2012 ,"'Bolivia' ",10
2012 ,"'Bosnia and Herzegovina' ",30
2012 ,"'Botswana' ",160
2012 ,"'Brazil' ",200
2012 ,"'British Antarctic Territory' ",20
2012 ,"'British Virgin Islands' ",65
2012 ,"'Brunei' ",750
2012 ,"'Bulgaria' ",2285
2012 ,"'Burkina Faso' ",5
2012 ,"'Burma (Myanmar)' ",85
2012 ,"'Burundi' ",5
2012 ,"'Cambodia' ",15
2012 ,"'Cameroon' ",75
2012 ,"'Canada' ",2360
2012 ,"'Canary Islands' ",35
2012 ,"'Cape Verde' ",5
2012 ,"'Cayman Islands' ",105
2012 ,"'Chad' ",5
2012 ,"'Chile' ",25
2012 ,"'China' ",10490
2012 ,"'Colombia' ",70
2012 ,"'Congo (Democratic Republic)' ",15
2012 ,"'Congo (Peoples Republic)' ",5
2012 ,"'Costa Rica' ",10
2012 ,"'Croatia' ",40
2012 ,"'Cuba' ",5
2012 ,"'Cyprus (European Union)' ",3275
2012 ,"'Cyprus (Non-European Union)' ",25
2012 ,"'Cyprus (Not otherwise specified)' ",35
2012 ,"'Czech Republic' ",450
2012 ,"'Denmark' ",420
2012 ,"'Dominica' ",5
2012 ,"'Dominican Republic' ",5
2012 ,"'Ecuador' ",30
2012 ,"'Egypt' ",340
2012 ,"'El Salvador' ",15
2012 ,"'Equatorial Guinea' ",5
2012 ,"'Estonia' ",545
2012 ,"'Ethiopia' ",35
2012 ,"'Falkland Islands' ",10
2012 ,"'Faroe Islands' ",45
2012 ,"'Fiji' ",5
2012 ,"'Finland' ",715
2012 ,"'France' ",3780
2012 ,"'French West Indies' ",5
2012 ,"'Gabon' ",5
2012 ,"'Gambia' ",60
2012 ,"'Georgia' ",60
2012 ,"'Germany' ",3355
2012 ,"'Ghana' ",235
2012 ,"'Gibraltar' ",275
2012 ,"'Greece' ",2365
2012 ,"'Grenada' ",10
2012 ,"'Guatemala' ",10
2012 ,"'Guernsey' ",300
2012 ,"'Guinea' ",5
2012 ,"'Guyana' ",10
2012 ,"'Honduras' ",10
2012 ,"'Hong Kong' ",5990
2012 ,"'Hungary' ",570
2012 ,"'Iceland' ",60
2012 ,"'India' ",3380
2012 ,"'Indonesia' ",350
2012 ,"'Iran' ",460
2012 ,"'Iraq' ",15
2012 ,"'Ireland' ",5985
2012 ,"'Isle of Man' ",515
2012 ,"'Israel' ",115
2012 ,"'Italy' ",2595
2012 ,"'Ivory Coast' ",15
2012 ,"'Jamaica' ",80
2012 ,"'Japan' ",490
2012 ,"'Jersey' ",565
2012 ,"'Jordan' ",350
2012 ,"'Kazakhstan' ",360
2012 ,"'Kenya' ",685
2012 ,"'Korea (South)' ",1320
2012 ,"'Kosovo' ",25
2012 ,"'Kuwait' ",455
2012 ,"'Kyrgyzstan' ",15
2012 ,"'Latvia' ",735
2012 ,"'Lebanon' ",175
2012 ,"'Liberia' ",5
2012 ,"'Libyan AR' ",80
2012 ,"'Liechtenstein' ",5
2012 ,"'Lithuania' ",2385
2012 ,"'Luxembourg' ",365
2012 ,"'Macao' ",155
2012 ,"'Macedonia' ",30
2012 ,"'Madagascar' ",10
2012 ,"'Malawi' ",80
2012 ,"'Malaysia' ",3805
2012 ,"'Maldive Islands' ",70
2012 ,"'Mali' ",5
2012 ,"'Malta' ",105
2012 ,"'Martinique' ",5
2012 ,"'Mauritius' ",460
2012 ,"'Mexico' ",140
2012 ,"'Moldova' ",40
2012 ,"'Monaco' ",45
2012 ,"'Mongolia' ",25
2012 ,"'Montenegro' ",15
2012 ,"'Montserrat' ",5
2012 ,"'Morocco' ",215
2012 ,"'Mozambique' ",20
2012 ,"'Namibia' ",30
2012 ,"'Nepal' ",160
2012 ,"'Netherlands' ",740
2012 ,"'Netherlands Antilles' ",15
2012 ,"'New Caledonia' ",5
2012 ,"'New Zealand' ",140
2012 ,"'Nigeria' ",2085
2012 ,"'Norway' ",2025
2012 ,"'Oman' ",220
2012 ,"'Pakistan' ",1825
2012 ,"'Palestine' ",50
2012 ,"'Panama' ",15
2012 ,"'Papua New Guinea' ",5
2012 ,"'Paraguay' ",5
2012 ,"'Peru' ",35
2012 ,"'Philippines' ",105
2012 ,"'Poland' ",1835
2012 ,"'Portugal' ",690
2012 ,"'Puerto Rico' ",5
2012 ,"'Qatar' ",410
2012 ,"'Reunion' ",5
2012 ,"'Romania' ",2735
2012 ,"'Russia' ",845
2012 ,"'Rwanda' ",20
2012 ,"'Saudi Arabia' ",955
2012 ,"'Senegal' ",20
2012 ,"'Serbia' ",95
2012 ,"'Seychelles' ",30
2012 ,"'Sierra Leone' ",25
2012 ,"'Singapore' ",3800
2012 ,"'Slovakia' ",500
2012 ,"'Slovenia' ",110
2012 ,"'South Africa' ",270
2012 ,"'Spain' ",1600
2012 ,"'Sri Lanka' ",375
2012 ,"'St Helena' ",5
2012 ,"'St Lucia' ",20
2012 ,"'St Vincent' ",15
2012 ,"'St. Kitts-Nevis' ",10
2012 ,"'Sudan' ",50
2012 ,"'Swaziland' ",15
2012 ,"'Sweden' ",1510
2012 ,"'Switzerland' ",975
2012 ,"'Syria' ",70
2012 ,"'Taiwan' ",315
2012 ,"'Tajikistan' ",10
2012 ,"'Tanzania' ",165
2012 ,"'Thailand' ",655
2012 ,"'Togo' ",10
2012 ,"'Trinidad and Tobago' ",155
2012 ,"'Tunisia' ",30
2012 ,"'Turkey' ",485
2012 ,"'Turkmenistan' ",20
2012 ,"'Turks and Caicos Islands' ",30
2012 ,"'USSR (not otherwise specified)' ",5
2012 ,"'Uganda' ",185
2012 ,"'Ukraine' ",235
2012 ,"'United Arab Emirates' ",915
2012 ,"'United States of America' ",3115
2012 ,"'Uruguay' ",10
2012 ,"'Uzbekistan' ",40
2012 ,"'Venezuela' ",65
2012 ,"'Vietnam' ",690
2012 ,"'Yemen' ",15
2012 ,"'Zambia' ",150
2012 ,"'Zimbabwe' ",365
2012 ,"'Stateless' ",5
2012 ,"'Unknown' ",110
2013 ,"'United Kingdom' ",527635
2013 ,"'Afghanistan' ",30
2013 ,"'Aland Islands' ",5
2013 ,"'Albania' ",75
2013 ,"'Alderney' ",5
2013 ,"'Algeria' ",25
2013 ,"'Angola' ",95
2013 ,"'Anguilla' ",5
2013 ,"'Antigua and Barbuda' ",10
2013 ,"'Argentina' ",30
2013 ,"'Armenia' ",60
2013 ,"'Australia' ",535
2013 ,"'Austria' ",570
2013 ,"'Azerbaijan' ",285
2013 ,"'Bahamas' ",65
2013 ,"'Bahrain' ",380
2013 ,"'Bangladesh' ",295
2013 ,"'Barbados' ",80
2013 ,"'Belarus' ",35
2013 ,"'Belgium' ",940
2013 ,"'Belize' ",10
2013 ,"'Benin' ",10
2013 ,"'Bermuda' ",195
2013 ,"'Bhutan' ",5
2013 ,"'Bolivia' ",5
2013 ,"'Bosnia and Herzegovina' ",20
2013 ,"'Botswana' ",105
2013 ,"'Brazil' ",225
2013 ,"'British Antarctic Territory' ",15
2013 ,"'British Indian Ocean Territory' ",5
2013 ,"'British Virgin Islands' ",50
2013 ,"'Brunei' ",725
2013 ,"'Bulgaria' ",2540
2013 ,"'Burma (Myanmar)' ",65
2013 ,"'Cambodia' ",20
2013 ,"'Cameroon' ",75
2013 ,"'Canada' ",2320
2013 ,"'Canary Islands' ",55
2013 ,"'Cayman Islands' ",105
2013 ,"'Chile' ",40
2013 ,"'China' ",10680
2013 ,"'Colombia' ",85
2013 ,"'Congo (Democratic Republic)' ",25
2013 ,"'Congo (Peoples Republic)' ",5
2013 ,"'Costa Rica' ",10
2013 ,"'Croatia' ",70
2013 ,"'Cuba' ",5
2013 ,"'Cyprus (European Union)' ",3300
2013 ,"'Cyprus (Non-European Union)' ",30
2013 ,"'Cyprus (Not otherwise specified)' ",35
2013 ,"'Czech Republic' ",470
2013 ,"'Denmark' ",460
2013 ,"'Djibouti' ",5
2013 ,"'Dominica' ",5
2013 ,"'Dominican Republic' ",10
2013 ,"'Ecuador' ",50
2013 ,"'Egypt' ",480
2013 ,"'El Salvador' ",10
2013 ,"'Eritrea' ",5
2013 ,"'Estonia' ",605
2013 ,"'Ethiopia' ",30
2013 ,"'Falkland Islands' ",15
2013 ,"'Faroe Islands' ",40
2013 ,"'Fiji' ",5
2013 ,"'Finland' ",815
2013 ,"'France' ",3850
2013 ,"'French West Indies' ",5
2013 ,"'Gambia' ",40
2013 ,"'Georgia' ",55
2013 ,"'Germany' ",3150
2013 ,"'Ghana' ",255
2013 ,"'Gibraltar' ",305
2013 ,"'Greece' ",2420
2013 ,"'Grenada' ",15
2013 ,"'Guatemala' ",15
2013 ,"'Guernsey' ",300
2013 ,"'Guinea' ",10
2013 ,"'Guyana' ",10
2013 ,"'Haiti' ",5
2013 ,"'Honduras' ",15
2013 ,"'Hong Kong' ",6165
2013 ,"'Hungary' ",765
2013 ,"'Iceland' ",60
2013 ,"'India' ",3785
2013 ,"'Indonesia' ",480
2013 ,"'Iran' ",265
2013 ,"'Iraq' ",30
2013 ,"'Ireland' ",5930
2013 ,"'Isle of Man' ",490
2013 ,"'Israel' ",140
2013 ,"'Italy' ",3140
2013 ,"'Ivory Coast' ",20
2013 ,"'Jamaica' ",65
2013 ,"'Japan' ",495
2013 ,"'Jersey' ",530
2013 ,"'Jordan' ",410
2013 ,"'Kazakhstan' ",360
2013 ,"'Kenya' ",650
2013 ,"'Korea (South)' ",1390
2013 ,"'Kosovo' ",35
2013 ,"'Kuwait' ",445
2013 ,"'Kyrgyzstan' ",15
2013 ,"'Latvia' ",590
2013 ,"'Lebanon' ",200
2013 ,"'Lesotho' ",10
2013 ,"'Liberia' ",5
2013 ,"'Libyan AR' ",90
2013 ,"'Liechtenstein' ",5
2013 ,"'Lithuania' ",2110
2013 ,"'Luxembourg' ",420
2013 ,"'Macao' ",145
2013 ,"'Macedonia' ",25
2013 ,"'Madagascar' ",10
2013 ,"'Malawi' ",80
2013 ,"'Malaysia' ",4820
2013 ,"'Maldive Islands' ",70
2013 ,"'Mali' ",5
2013 ,"'Malta' ",115
2013 ,"'Martinique' ",5
2013 ,"'Mauritania' ",5
2013 ,"'Mauritius' ",395
2013 ,"'Mexico' ",155
2013 ,"'Moldova' ",50
2013 ,"'Monaco' ",50
2013 ,"'Mongolia' ",40
2013 ,"'Montenegro' ",30
2013 ,"'Montserrat' ",10
2013 ,"'Morocco' ",250
2013 ,"'Mozambique' ",35
2013 ,"'Namibia' ",50
2013 ,"'Nepal' ",120
2013 ,"'Netherlands' ",800
2013 ,"'Netherlands Antilles' ",5
2013 ,"'New Zealand' ",145
2013 ,"'Nicaragua' ",5
2013 ,"'Nigeria' ",2280
2013 ,"'Norway' ",2150
2013 ,"'Oman' ",250
2013 ,"'Pakistan' ",1760
2013 ,"'Palestine' ",65
2013 ,"'Panama' ",15
2013 ,"'Papua New Guinea' ",5
2013 ,"'Paraguay' ",5
2013 ,"'Peru' ",55
2013 ,"'Philippines' ",120
2013 ,"'Poland' ",2185
2013 ,"'Portugal' ",855
2013 ,"'Puerto Rico' ",5
2013 ,"'Qatar' ",505
2013 ,"'Reunion' ",5
2013 ,"'Romania' ",2545
2013 ,"'Russia' ",965
2013 ,"'Rwanda' ",20
2013 ,"'Saudi Arabia' ",1010
2013 ,"'Senegal' ",20
2013 ,"'Serbia' ",130
2013 ,"'Seychelles' ",25
2013 ,"'Sierra Leone' ",15
2013 ,"'Singapore' ",4090
2013 ,"'Slovakia' ",500
2013 ,"'Slovenia' ",130
2013 ,"'Somalia' ",5
2013 ,"'South Africa' ",310
2013 ,"'South Sudan' ",5
2013 ,"'Spain' ",2075
2013 ,"'Sri Lanka' ",325
2013 ,"'St Helena' ",5
2013 ,"'St Lucia' ",25
2013 ,"'St Vincent' ",20
2013 ,"'St. Kitts-Nevis' ",5
2013 ,"'Sudan' ",40
2013 ,"'Swaziland' ",20
2013 ,"'Sweden' ",1580
2013 ,"'Switzerland' ",1115
2013 ,"'Syria' ",40
2013 ,"'Taiwan' ",310
2013 ,"'Tajikistan' ",10
2013 ,"'Tanzania' ",190
2013 ,"'Thailand' ",695
2013 ,"'Trinidad and Tobago' ",170
2013 ,"'Tunisia' ",45
2013 ,"'Turkey' ",565
2013 ,"'Turkmenistan' ",20
2013 ,"'Turks and Caicos Islands' ",50
2013 ,"'USSR (not otherwise specified)' ",5
2013 ,"'Uganda' ",195
2013 ,"'Ukraine' ",295
2013 ,"'United Arab Emirates' ",1085
2013 ,"'United States of America' ",3445
2013 ,"'Uruguay' ",10
2013 ,"'Uzbekistan' ",35
2013 ,"'Venezuela' ",80
2013 ,"'Vietnam' ",660
2013 ,"'Yemen' ",20
2013 ,"'Zambia' ",165
2013 ,"'Zimbabwe' ",360
2013 ,"'Unknown' ",95
2014 ,"'United Kingdom' ",544515
2014 ,"'Afghanistan' ",30
2014 ,"'Albania' ",85
2014 ,"'Alderney' ",10
2014 ,"'Algeria' ",35
2014 ,"'Andorra' ",5
2014 ,"'Angola' ",110
2014 ,"'Anguilla' ",15
2014 ,"'Antigua and Barbuda' ",20
2014 ,"'Argentina' ",35
2014 ,"'Armenia' ",45
2014 ,"'Australia' ",565
2014 ,"'Austria' ",590
2014 ,"'Azerbaijan' ",380
2014 ,"'Bahamas' ",55
2014 ,"'Bahrain' ",375
2014 ,"'Bangladesh' ",320
2014 ,"'Barbados' ",85
2014 ,"'Belarus' ",50
2014 ,"'Belgium' ",1005
2014 ,"'Belize' ",15
2014 ,"'Benin' ",10
2014 ,"'Bermuda' ",200
2014 ,"'Bolivia' ",15
2014 ,"'Bosnia and Herzegovina' ",25
2014 ,"'Botswana' ",120
2014 ,"'Brazil' ",260
2014 ,"'British Antarctic Territory' ",20
2014 ,"'British Indian Ocean Territory' ",5
2014 ,"'British Virgin Islands' ",70
2014 ,"'Brunei' ",845
2014 ,"'Bulgaria' ",2285
2014 ,"'Burkina Faso' ",5
2014 ,"'Burma (Myanmar)' ",80
2014 ,"'Burundi' ",5
2014 ,"'Cambodia' ",35
2014 ,"'Cameroon' ",75
2014 ,"'Canada' ",2270
2014 ,"'Canary Islands' ",70
2014 ,"'Cayman Islands' ",120
2014 ,"'Chile' ",35
2014 ,"'China' ",10725
2014 ,"'Colombia' ",90
2014 ,"'Congo (Democratic Republic)' ",45
2014 ,"'Congo (Peoples Republic)' ",5
2014 ,"'Costa Rica' ",10
2014 ,"'Croatia' ",155
2014 ,"'Cuba' ",5
2014 ,"'Cyprus (European Union)' ",3280
2014 ,"'Cyprus (Non-European Union)' ",60
2014 ,"'Cyprus (Not otherwise specified)' ",20
2014 ,"'Czech Republic' ",600
2014 ,"'Denmark' ",450
2014 ,"'Djibouti' ",5
2014 ,"'Dominica' ",15
2014 ,"'Dominican Republic' ",10
2014 ,"'Ecuador' ",95
2014 ,"'Egypt' ",610
2014 ,"'El Salvador' ",15
2014 ,"'Eritrea' ",5
2014 ,"'Estonia' ",515
2014 ,"'Ethiopia' ",40
2014 ,"'Falkland Islands' ",5
2014 ,"'Faroe Islands' ",40
2014 ,"'Finland' ",915
2014 ,"'France' ",4365
2014 ,"'Gabon' ",10
2014 ,"'Gambia' ",45
2014 ,"'Georgia' ",45
2014 ,"'Germany' ",3150
2014 ,"'Ghana' ",270
2014 ,"'Gibraltar' ",295
2014 ,"'Greece' ",2365
2014 ,"'Grenada' ",15
2014 ,"'Guatemala' ",10
2014 ,"'Guernsey' ",300
2014 ,"'Guinea' ",5
2014 ,"'Guyana' ",10
2014 ,"'Honduras' ",15
2014 ,"'Hong Kong' ",6570
2014 ,"'Hungary' ",765
2014 ,"'Iceland' ",70
2014 ,"'India' ",3995
2014 ,"'Indonesia' ",505
2014 ,"'Iran' ",260
2014 ,"'Iraq' ",65
2014 ,"'Ireland' ",5705
2014 ,"'Isle of Man' ",500
2014 ,"'Israel' ",105
2014 ,"'Italy' ",3985
2014 ,"'Ivory Coast' ",15
2014 ,"'Jamaica' ",95
2014 ,"'Japan' ",535
2014 ,"'Jersey' ",495
2014 ,"'Jordan' ",410
2014 ,"'Kazakhstan' ",370
2014 ,"'Kenya' ",695
2014 ,"'Korea (South)' ",1380
2014 ,"'Kosovo' ",25
2014 ,"'Kuwait' ",475
2014 ,"'Kyrgyzstan' ",30
2014 ,"'Lao PDR' ",10
2014 ,"'Latvia' ",550
2014 ,"'Lebanon' ",250
2014 ,"'Lesotho' ",5
2014 ,"'Liberia' ",5
2014 ,"'Libyan AR' ",125
2014 ,"'Liechtenstein' ",5
2014 ,"'Lithuania' ",1910
2014 ,"'Luxembourg' ",455
2014 ,"'Macao' ",180
2014 ,"'Macedonia' ",40
2014 ,"'Madagascar' ",20
2014 ,"'Malawi' ",60
2014 ,"'Malaysia' ",6185
2014 ,"'Maldive Islands' ",60
2014 ,"'Mali' ",5
2014 ,"'Malta' ",100
2014 ,"'Martinique' ",10
2014 ,"'Mauritania' ",5
2014 ,"'Mauritius' ",500
2014 ,"'Mexico' ",155
2014 ,"'Moldova' ",40
2014 ,"'Monaco' ",60
2014 ,"'Mongolia' ",35
2014 ,"'Montenegro' ",25
2014 ,"'Montserrat' ",5
2014 ,"'Morocco' ",320
2014 ,"'Mozambique' ",35
2014 ,"'Namibia' ",55
2014 ,"'Nepal' ",95
2014 ,"'Netherlands' ",815
2014 ,"'Netherlands Antilles' ",5
2014 ,"'New Caledonia' ",5
2014 ,"'New Zealand' ",170
2014 ,"'Niger' ",5
2014 ,"'Nigeria' ",2150
2014 ,"'Norway' ",2185
2014 ,"'Oman' ",330
2014 ,"'Pakistan' ",1740
2014 ,"'Palestine' ",45
2014 ,"'Panama' ",10
2014 ,"'Papua New Guinea' ",5
2014 ,"'Paraguay' ",5
2014 ,"'Peru' ",60
2014 ,"'Philippines' ",130
2014 ,"'Poland' ",2550
2014 ,"'Portugal' ",925
2014 ,"'Puerto Rico' ",5
2014 ,"'Qatar' ",465
2014 ,"'Reunion' ",10
2014 ,"'Romania' ",2735
2014 ,"'Russia' ",1190
2014 ,"'Rwanda' ",20
2014 ,"'Saudi Arabia' ",975
2014 ,"'Senegal' ",20
2014 ,"'Serbia' ",115
2014 ,"'Seychelles' ",30
2014 ,"'Sierra Leone' ",30
2014 ,"'Singapore' ",4285
2014 ,"'Sint Maarten (Dutch Part)' ",10
2014 ,"'Slovakia' ",600
2014 ,"'Slovenia' ",155
2014 ,"'Somalia' ",5
2014 ,"'South Africa' ",335
2014 ,"'South Sudan' ",5
2014 ,"'Spain' ",2465
2014 ,"'Sri Lanka' ",305
2014 ,"'St Helena' ",5
2014 ,"'St Lucia' ",35
2014 ,"'St Vincent' ",10
2014 ,"'St. Kitts-Nevis' ",10
2014 ,"'Sudan' ",45
2014 ,"'Swaziland' ",15
2014 ,"'Sweden' ",1565
2014 ,"'Switzerland' ",1130
2014 ,"'Syria' ",40
2014 ,"'Taiwan' ",335
2014 ,"'Tajikistan' ",10
2014 ,"'Tanzania' ",200
2014 ,"'Thailand' ",820
2014 ,"'Togo' ",10
2014 ,"'Trinidad and Tobago' ",165
2014 ,"'Tunisia' ",40
2014 ,"'Turkey' ",605
2014 ,"'Turkmenistan' ",10
2014 ,"'Turks and Caicos Islands' ",70
2014 ,"'USSR (not otherwise specified)' ",5
2014 ,"'Uganda' ",135
2014 ,"'Ukraine' ",320
2014 ,"'United Arab Emirates' ",1295
2014 ,"'United States of America' ",3765
2014 ,"'Uruguay' ",15
2014 ,"'Uzbekistan' ",45
2014 ,"'Venezuela' ",80
2014 ,"'Vietnam' ",575
2014 ,"'Virgin Islands (US)' ",5
2014 ,"'Yemen' ",20
2014 ,"'Zambia' ",145
2014 ,"'Zimbabwe' ",460
2014 ,"'Unknown' ",150
2015 ,"'United Kingdom' ",553515
2015 ,"'Afghanistan' ",30
2015 ,"'Aland Islands' ",5
2015 ,"'Albania' ",90
2015 ,"'Alderney' ",5
2015 ,"'Algeria' ",65
2015 ,"'Andorra' ",5
2015 ,"'Angola' ",210
2015 ,"'Anguilla' ",15
2015 ,"'Antigua and Barbuda' ",15
2015 ,"'Argentina' ",40
2015 ,"'Armenia' ",40
2015 ,"'Australia' ",585
2015 ,"'Austria' ",625
2015 ,"'Azerbaijan' ",300
2015 ,"'Bahamas' ",65
2015 ,"'Bahrain' ",345
2015 ,"'Bangladesh' ",335
2015 ,"'Barbados' ",105
2015 ,"'Belarus' ",45
2015 ,"'Belgium' ",1080
2015 ,"'Belize' ",10
2015 ,"'Benin' ",5
2015 ,"'Bermuda' ",205
2015 ,"'Bhutan' ",5
2015 ,"'Bolivia' ",5
2015 ,"'Bosnia and Herzegovina' ",45
2015 ,"'Botswana' ",165
2015 ,"'Brazil' ",285
2015 ,"'British Antarctic Territory' ",25
2015 ,"'British Indian Ocean Territory' ",5
2015 ,"'British Virgin Islands' ",55
2015 ,"'Brunei' ",540
2015 ,"'Bulgaria' ",2280
2015 ,"'Burma (Myanmar)' ",90
2015 ,"'Burundi' ",5
2015 ,"'Cambodia' ",30
2015 ,"'Cameroon' ",80
2015 ,"'Canada' ",2385
2015 ,"'Canary Islands' ",75
2015 ,"'Cape Verde' ",5
2015 ,"'Cayman Islands' ",100
2015 ,"'Chile' ",45
2015 ,"'China' ",11535
2015 ,"'Colombia' ",90
2015 ,"'Congo (Democratic Republic)' ",25
2015 ,"'Congo (Peoples Republic)' ",5
2015 ,"'Costa Rica' ",15
2015 ,"'Croatia' ",270
2015 ,"'Cuba' ",5
2015 ,"'Curacao' ",10
2015 ,"'Cyprus (European Union)' ",3220
2015 ,"'Cyprus (Non-European Union)' ",25
2015 ,"'Cyprus (Not otherwise specified)' ",10
2015 ,"'Czech Republic' ",850
2015 ,"'Denmark' ",480
2015 ,"'Djibouti' ",5
2015 ,"'Dominica' ",15
2015 ,"'Dominican Republic' ",10
2015 ,"'Ecuador' ",75
2015 ,"'Egypt' ",710
2015 ,"'El Salvador' ",15
2015 ,"'Eritrea' ",10
2015 ,"'Estonia' ",505
2015 ,"'Ethiopia' ",40
2015 ,"'Falkland Islands' ",5
2015 ,"'Faroe Islands' ",35
2015 ,"'Fiji' ",10
2015 ,"'Finland' ",1005
2015 ,"'France' ",4905
2015 ,"'French Guiana' ",5
2015 ,"'Gabon' ",5
2015 ,"'Gambia' ",45
2015 ,"'Georgia' ",50
2015 ,"'Germany' ",3295
2015 ,"'Ghana' ",285
2015 ,"'Gibraltar' ",290
2015 ,"'Greece' ",2310
2015 ,"'Grenada' ",25
2015 ,"'Guadeloupe' ",5
2015 ,"'Guatemala' ",20
2015 ,"'Guernsey' ",320
2015 ,"'Guinea' ",5
2015 ,"'Guyana' ",15
2015 ,"'Honduras' ",20
2015 ,"'Hong Kong' ",6205
2015 ,"'Hungary' ",830
2015 ,"'Iceland' ",65
2015 ,"'India' ",4125
2015 ,"'Indonesia' ",570
2015 ,"'Iran' ",230
2015 ,"'Iraq' ",50
2015 ,"'Ireland' ",5680
2015 ,"'Isle of Man' ",460
2015 ,"'Israel' ",125
2015 ,"'Italy' ",4650
2015 ,"'Ivory Coast' ",25
2015 ,"'Jamaica' ",70
2015 ,"'Japan' ",495
2015 ,"'Jersey' ",520
2015 ,"'Jordan' ",415
2015 ,"'Kazakhstan' ",355
2015 ,"'Kenya' ",745
2015 ,"'Korea (South)' ",1515
2015 ,"'Kosovo' ",20
2015 ,"'Kuwait' ",535
2015 ,"'Kyrgyzstan' ",20
2015 ,"'Lao PDR' ",15
2015 ,"'Latvia' ",520
2015 ,"'Lebanon' ",260
2015 ,"'Lesotho' ",10
2015 ,"'Liberia' ",10
2015 ,"'Libyan AR' ",105
2015 ,"'Liechtenstein' ",5
2015 ,"'Lithuania' ",1815
2015 ,"'Luxembourg' ",435
2015 ,"'Macao' ",260
2015 ,"'Macedonia' ",65
2015 ,"'Madagascar' ",30
2015 ,"'Malawi' ",50
2015 ,"'Malaysia' ",6525
2015 ,"'Maldive Islands' ",70
2015 ,"'Mali' ",5
2015 ,"'Malta' ",105
2015 ,"'Mauritania' ",5
2015 ,"'Mauritius' ",400
2015 ,"'Mexico' ",170
2015 ,"'Moldova' ",30
2015 ,"'Monaco' ",60
2015 ,"'Mongolia' ",50
2015 ,"'Montenegro' ",25
2015 ,"'Montserrat' ",5
2015 ,"'Morocco' ",355
2015 ,"'Mozambique' ",35
2015 ,"'Namibia' ",55
2015 ,"'Nepal' ",75
2015 ,"'Netherlands' ",890
2015 ,"'Netherlands Antilles' ",5
2015 ,"'New Caledonia' ",5
2015 ,"'New Zealand' ",175
2015 ,"'Nicaragua' ",5
2015 ,"'Niger' ",5
2015 ,"'Nigeria' ",1990
2015 ,"'Norway' ",2080
2015 ,"'Oman' ",340
2015 ,"'Pakistan' ",1810
2015 ,"'Palestine' ",55
2015 ,"'Panama' ",15
2015 ,"'Papua New Guinea' ",5
2015 ,"'Peru' ",75
2015 ,"'Philippines' ",165
2015 ,"'Poland' ",2960
2015 ,"'Portugal' ",1205
2015 ,"'Puerto Rico' ",10
2015 ,"'Qatar' ",470
2015 ,"'Reunion' ",15
2015 ,"'Romania' ",3435
2015 ,"'Russia' ",1295
2015 ,"'Rwanda' ",30
2015 ,"'Saudi Arabia' ",1060
2015 ,"'Senegal' ",25
2015 ,"'Serbia' ",95
2015 ,"'Seychelles' ",55
2015 ,"'Sierra Leone' ",25
2015 ,"'Singapore' ",4125
2015 ,"'Sint Maarten (Dutch Part)' ",5
2015 ,"'Slovakia' ",595
2015 ,"'Slovenia' ",160
2015 ,"'Somalia' ",5
2015 ,"'South Africa' ",415
2015 ,"'South Sudan' ",10
2015 ,"'Spain' ",2905
2015 ,"'Sri Lanka' ",250
2015 ,"'St Helena' ",5
2015 ,"'St Lucia' ",40
2015 ,"'St Vincent' ",10
2015 ,"'St. Kitts-Nevis' ",20
2015 ,"'Sudan' ",45
2015 ,"'Swaziland' ",20
2015 ,"'Sweden' ",1490
2015 ,"'Switzerland' ",1280
2015 ,"'Syria' ",40
2015 ,"'Taiwan' ",370
2015 ,"'Tajikistan' ",5
2015 ,"'Tanzania' ",165
2015 ,"'Thailand' ",825
2015 ,"'Togo' ",5
2015 ,"'Trinidad and Tobago' ",205
2015 ,"'Tunisia' ",50
2015 ,"'Turkey' ",605
2015 ,"'Turkmenistan' ",10
2015 ,"'Turks and Caicos Islands' ",70
2015 ,"'USSR (not otherwise specified)' ",10
2015 ,"'Uganda' ",165
2015 ,"'Ukraine' ",275
2015 ,"'United Arab Emirates' ",1420
2015 ,"'United States of America' ",3800
2015 ,"'Uruguay' ",10
2015 ,"'Uzbekistan' ",60
2015 ,"'Venezuela' ",70
2015 ,"'Vietnam' ",470
2015 ,"'Virgin Islands (US)' ",5
2015 ,"'Yemen' ",25
2015 ,"'Zambia' ",155
2015 ,"'Zimbabwe' ",420
2015 ,"'Unknown' ",155
2016 ,"'United Kingdom' ",553650
2016 ,"'Afghanistan' ",20
2016 ,"'Aland Islands' ",5
2016 ,"'Albania' ",115
2016 ,"'Alderney' ",5
2016 ,"'Algeria' ",65
2016 ,"'Andorra' ",5
2016 ,"'Angola' ",170
2016 ,"'Anguilla' ",20
2016 ,"'Antigua and Barbuda' ",25
2016 ,"'Argentina' ",40
2016 ,"'Armenia' ",60
2016 ,"'Aruba' ",10
2016 ,"'Australia' ",570
2016 ,"'Austria' ",645
2016 ,"'Azerbaijan' ",170
2016 ,"'Bahamas' ",50
2016 ,"'Bahrain' ",365
2016 ,"'Bangladesh' ",250
2016 ,"'Barbados' ",70
2016 ,"'Belarus' ",50
2016 ,"'Belgium' ",1105
2016 ,"'Belize' ",20
2016 ,"'Benin' ",10
2016 ,"'Bermuda' ",210
2016 ,"'Bhutan' ",10
2016 ,"'Bolivia' ",15
2016 ,"'Bosnia and Herzegovina' ",30
2016 ,"'Botswana' ",165
2016 ,"'Brazil' ",295
2016 ,"'British Antarctic Territory' ",15
2016 ,"'British Virgin Islands' ",55
2016 ,"'Brunei' ",435
2016 ,"'Bulgaria' ",2485
2016 ,"'Burma (Myanmar)' ",125
2016 ,"'Burundi' ",5
2016 ,"'Cambodia' ",25
2016 ,"'Cameroon' ",50
2016 ,"'Canada' ",2270
2016 ,"'Canary Islands' ",85
2016 ,"'Cape Verde' ",5
2016 ,"'Cayman Islands' ",115
2016 ,"'Chile' ",35
2016 ,"'China' ",12450
2016 ,"'Colombia' ",95
2016 ,"'Congo (Democratic Republic)' ",15
2016 ,"'Congo (Peoples Republic)' ",5
2016 ,"'Costa Rica' ",15
2016 ,"'Croatia' ",365
2016 ,"'Curacao' ",5
2016 ,"'Cyprus (European Union)' ",3055
2016 ,"'Cyprus (Non-European Union)' ",30
2016 ,"'Cyprus (Not otherwise specified)' ",20
2016 ,"'Czech Republic' ",1100
2016 ,"'Denmark' ",505
2016 ,"'Djibouti' ",5
2016 ,"'Dominica' ",10
2016 ,"'Dominican Republic' ",20
2016 ,"'Ecuador' ",155
2016 ,"'Egypt' ",850
2016 ,"'El Salvador' ",30
2016 ,"'Equatorial Guinea' ",5
2016 ,"'Eritrea' ",5
2016 ,"'Estonia' ",465
2016 ,"'Ethiopia' ",40
2016 ,"'Falkland Islands' ",10
2016 ,"'Faroe Islands' ",35
2016 ,"'Fiji' ",10
2016 ,"'Finland' ",995
2016 ,"'France' ",5220
2016 ,"'French Polynesia' ",5
2016 ,"'French West Indies' ",5
2016 ,"'Gabon' ",20
2016 ,"'Gambia' ",35
2016 ,"'Georgia' ",50
2016 ,"'Germany' ",3565
2016 ,"'Ghana' ",285
2016 ,"'Gibraltar' ",295
2016 ,"'Greece' ",2365
2016 ,"'Grenada' ",10
2016 ,"'Guadeloupe' ",5
2016 ,"'Guatemala' ",20
2016 ,"'Guernsey' ",330
2016 ,"'Guyana' ",10
2016 ,"'Haiti' ",5
2016 ,"'Honduras' ",5
2016 ,"'Hong Kong' ",6100
2016 ,"'Hungary' ",930
2016 ,"'Iceland' ",85
2016 ,"'India' ",4285
2016 ,"'Indonesia' ",605
2016 ,"'Iran' ",255
2016 ,"'Iraq' ",65
2016 ,"'Ireland' ",5180
2016 ,"'Isle of Man' ",490
2016 ,"'Israel' ",140
2016 ,"'Italy' ",4915
2016 ,"'Ivory Coast' ",20
2016 ,"'Jamaica' ",95
2016 ,"'Japan' ",455
2016 ,"'Jersey' ",560
2016 ,"'Jordan' ",405
2016 ,"'Kazakhstan' ",305
2016 ,"'Kenya' ",705
2016 ,"'Korea (South)' ",1580
2016 ,"'Kosovo' ",25
2016 ,"'Kuwait' ",555
2016 ,"'Kyrgyzstan' ",20
2016 ,"'Lao PDR' ",20
2016 ,"'Latvia' ",575
2016 ,"'Lebanon' ",345
2016 ,"'Lesotho' ",10
2016 ,"'Libyan AR' ",100
2016 ,"'Liechtenstein' ",5
2016 ,"'Lithuania' ",1890
2016 ,"'Luxembourg' ",430
2016 ,"'Macao' ",220
2016 ,"'Macedonia' ",55
2016 ,"'Madagascar' ",20
2016 ,"'Malawi' ",70
2016 ,"'Malaysia' ",5525
2016 ,"'Maldive Islands' ",95
2016 ,"'Mali' ",5
2016 ,"'Malta' ",125
2016 ,"'Martinique' ",5
2016 ,"'Mauritania' ",15
2016 ,"'Mauritius' ",410
2016 ,"'Mexico' ",205
2016 ,"'Moldova' ",25
2016 ,"'Monaco' ",60
2016 ,"'Mongolia' ",50
2016 ,"'Montenegro' ",25
2016 ,"'Montserrat' ",5
2016 ,"'Morocco' ",325
2016 ,"'Mozambique' ",50
2016 ,"'Namibia' ",45
2016 ,"'Nepal' ",75
2016 ,"'Netherlands' ",925
2016 ,"'New Caledonia' ",5
2016 ,"'New Zealand' ",200
2016 ,"'Nicaragua' ",5
2016 ,"'Niger' ",5
2016 ,"'Nigeria' ",1660
2016 ,"'Norway' ",1515
2016 ,"'Oman' ",315
2016 ,"'Pakistan' ",1840
2016 ,"'Palestine' ",40
2016 ,"'Panama' ",25
2016 ,"'Papua New Guinea' ",5
2016 ,"'Paraguay' ",10
2016 ,"'Peru' ",90
2016 ,"'Philippines' ",135
2016 ,"'Poland' ",3750
2016 ,"'Portugal' ",1425
2016 ,"'Puerto Rico' ",10
2016 ,"'Qatar' ",545
2016 ,"'Reunion' ",10
2016 ,"'Romania' ",3575
2016 ,"'Russia' ",1040
2016 ,"'Rwanda' ",25
2016 ,"'Saudi Arabia' ",1005
2016 ,"'Senegal' ",25
2016 ,"'Serbia' ",125
2016 ,"'Seychelles' ",45
2016 ,"'Sierra Leone' ",20
2016 ,"'Singapore' ",3635
2016 ,"'Sint Maarten (Dutch Part)' ",15
2016 ,"'Slovakia' ",820
2016 ,"'Slovenia' ",155
2016 ,"'Somalia' ",5
2016 ,"'South Africa' ",470
2016 ,"'South Sudan' ",5
2016 ,"'Spain' ",3415
2016 ,"'Sri Lanka' ",230
2016 ,"'St Helena' ",10
2016 ,"'St Lucia' ",45
2016 ,"'St Vincent' ",20
2016 ,"'St. Kitts-Nevis' ",15
2016 ,"'Sudan' ",55
2016 ,"'Swaziland' ",15
2016 ,"'Sweden' ",1400
2016 ,"'Switzerland' ",1300
2016 ,"'Syria' ",25
2016 ,"'Taiwan' ",340
2016 ,"'Tajikistan' ",10
2016 ,"'Tanzania' ",155
2016 ,"'Thailand' ",815
2016 ,"'Togo' ",5
2016 ,"'Trinidad and Tobago' ",200
2016 ,"'Tunisia' ",65
2016 ,"'Turkey' ",785
2016 ,"'Turks and Caicos Islands' ",80
2016 ,"'USSR (not otherwise specified)' ",5
2016 ,"'Uganda' ",160
2016 ,"'Ukraine' ",240
2016 ,"'United Arab Emirates' ",1520
2016 ,"'United States of America' ",4045
2016 ,"'Uruguay' ",15
2016 ,"'Uzbekistan' ",45
2016 ,"'Venezuela' ",55
2016 ,"'Vietnam' ",390
2016 ,"'Yemen' ",10
2016 ,"'Zambia' ",155
2016 ,"'Zimbabwe' ",450
2016 ,"'Unknown' ",110
