"Statistic:   Number of Applicants"
"Variables:   Achieved A-Level point score , POLAR3 Quintile , Cycle Year"
"Coverage:   Applied before June deadline, UK domiciled (excluding Scotland) 18 year olds and hold at least 3 A levels"
"For a list of key definitions and descriptions please refer to the PDF file provided - EOC_data_resource_2016-DR2_042_06.pdf"
 
Cycle Year,Achieved A-Level point score , POLAR3 Quintile,Number of Applicants,
2010 ,"'3 points' ","'POLAR3 Quintile 1' ",60
2010 ,"'3 points' ","'POLAR3 Quintile 2' ",85
2010 ,"'3 points' ","'POLAR3 Quintile 3' ",95
2010 ,"'3 points' ","'POLAR3 Quintile 4' ",115
2010 ,"'3 points' ","'POLAR3 Quintile 5' ",105
2010 ,"'4 points' ","'POLAR3 Quintile 1' ",210
2010 ,"'4 points' ","'POLAR3 Quintile 2' ",285
2010 ,"'4 points' ","'POLAR3 Quintile 3' ",370
2010 ,"'4 points' ","'POLAR3 Quintile 4' ",340
2010 ,"'4 points' ","'POLAR3 Quintile 5' ",345
2010 ,"'4 points' ","'Not assigned' ",5
2010 ,"'5 points' ","'POLAR3 Quintile 1' ",490
2010 ,"'5 points' ","'POLAR3 Quintile 2' ",650
2010 ,"'5 points' ","'POLAR3 Quintile 3' ",785
2010 ,"'5 points' ","'POLAR3 Quintile 4' ",810
2010 ,"'5 points' ","'POLAR3 Quintile 5' ",895
2010 ,"'5 points' ","'Not assigned' ",10
2010 ,"'6 points' ","'POLAR3 Quintile 1' ",830
2010 ,"'6 points' ","'POLAR3 Quintile 2' ",1175
2010 ,"'6 points' ","'POLAR3 Quintile 3' ",1375
2010 ,"'6 points' ","'POLAR3 Quintile 4' ",1610
2010 ,"'6 points' ","'POLAR3 Quintile 5' ",1635
2010 ,"'6 points' ","'Not assigned' ",15
2010 ,"'7 points' ","'POLAR3 Quintile 1' ",1155
2010 ,"'7 points' ","'POLAR3 Quintile 2' ",1725
2010 ,"'7 points' ","'POLAR3 Quintile 3' ",2080
2010 ,"'7 points' ","'POLAR3 Quintile 4' ",2300
2010 ,"'7 points' ","'POLAR3 Quintile 5' ",2625
2010 ,"'7 points' ","'Not assigned' ",20
2010 ,"'8 points' ","'POLAR3 Quintile 1' ",1520
2010 ,"'8 points' ","'POLAR3 Quintile 2' ",2165
2010 ,"'8 points' ","'POLAR3 Quintile 3' ",2735
2010 ,"'8 points' ","'POLAR3 Quintile 4' ",3165
2010 ,"'8 points' ","'POLAR3 Quintile 5' ",3575
2010 ,"'8 points' ","'Not assigned' ",25
2010 ,"'9 points' ","'POLAR3 Quintile 1' ",1770
2010 ,"'9 points' ","'POLAR3 Quintile 2' ",2660
2010 ,"'9 points' ","'POLAR3 Quintile 3' ",3320
2010 ,"'9 points' ","'POLAR3 Quintile 4' ",3960
2010 ,"'9 points' ","'POLAR3 Quintile 5' ",4665
2010 ,"'9 points' ","'Not assigned' ",35
2010 ,"'10 points' ","'POLAR3 Quintile 1' ",1750
2010 ,"'10 points' ","'POLAR3 Quintile 2' ",2735
2010 ,"'10 points' ","'POLAR3 Quintile 3' ",3570
2010 ,"'10 points' ","'POLAR3 Quintile 4' ",4460
2010 ,"'10 points' ","'POLAR3 Quintile 5' ",5420
2010 ,"'10 points' ","'Not assigned' ",25
2010 ,"'11 points' ","'POLAR3 Quintile 1' ",1650
2010 ,"'11 points' ","'POLAR3 Quintile 2' ",2675
2010 ,"'11 points' ","'POLAR3 Quintile 3' ",3655
2010 ,"'11 points' ","'POLAR3 Quintile 4' ",4675
2010 ,"'11 points' ","'POLAR3 Quintile 5' ",6080
2010 ,"'11 points' ","'Not assigned' ",50
2010 ,"'12 points' ","'POLAR3 Quintile 1' ",1585
2010 ,"'12 points' ","'POLAR3 Quintile 2' ",2620
2010 ,"'12 points' ","'POLAR3 Quintile 3' ",3570
2010 ,"'12 points' ","'POLAR3 Quintile 4' ",4725
2010 ,"'12 points' ","'POLAR3 Quintile 5' ",6585
2010 ,"'12 points' ","'Not assigned' ",25
2010 ,"'13 points' ","'POLAR3 Quintile 1' ",1290
2010 ,"'13 points' ","'POLAR3 Quintile 2' ",2255
2010 ,"'13 points' ","'POLAR3 Quintile 3' ",3250
2010 ,"'13 points' ","'POLAR3 Quintile 4' ",4535
2010 ,"'13 points' ","'POLAR3 Quintile 5' ",6605
2010 ,"'13 points' ","'Not assigned' ",30
2010 ,"'14 points' ","'POLAR3 Quintile 1' ",1000
2010 ,"'14 points' ","'POLAR3 Quintile 2' ",1835
2010 ,"'14 points' ","'POLAR3 Quintile 3' ",2710
2010 ,"'14 points' ","'POLAR3 Quintile 4' ",4270
2010 ,"'14 points' ","'POLAR3 Quintile 5' ",6530
2010 ,"'14 points' ","'Not assigned' ",30
2010 ,"'15 points' ","'POLAR3 Quintile 1' ",900
2010 ,"'15 points' ","'POLAR3 Quintile 2' ",1570
2010 ,"'15 points' ","'POLAR3 Quintile 3' ",2540
2010 ,"'15 points' ","'POLAR3 Quintile 4' ",4130
2010 ,"'15 points' ","'POLAR3 Quintile 5' ",7230
2010 ,"'15 points' ","'Not assigned' ",30
2010 ,"'16 points' ","'POLAR3 Quintile 1' ",570
2010 ,"'16 points' ","'POLAR3 Quintile 2' ",1090
2010 ,"'16 points' ","'POLAR3 Quintile 3' ",1820
2010 ,"'16 points' ","'POLAR3 Quintile 4' ",3055
2010 ,"'16 points' ","'POLAR3 Quintile 5' ",5410
2010 ,"'16 points' ","'Not assigned' ",15
2010 ,"'17 points' ","'POLAR3 Quintile 1' ",325
2010 ,"'17 points' ","'POLAR3 Quintile 2' ",625
2010 ,"'17 points' ","'POLAR3 Quintile 3' ",990
2010 ,"'17 points' ","'POLAR3 Quintile 4' ",1675
2010 ,"'17 points' ","'POLAR3 Quintile 5' ",3455
2010 ,"'17 points' ","'Not assigned' ",15
2010 ,"'18 points' ","'POLAR3 Quintile 1' ",200
2010 ,"'18 points' ","'POLAR3 Quintile 2' ",415
2010 ,"'18 points' ","'POLAR3 Quintile 3' ",720
2010 ,"'18 points' ","'POLAR3 Quintile 4' ",1255
2010 ,"'18 points' ","'POLAR3 Quintile 5' ",2760
2010 ,"'18 points' ","'Not assigned' ",5
2011 ,"'3 points' ","'POLAR3 Quintile 1' ",45
2011 ,"'3 points' ","'POLAR3 Quintile 2' ",75
2011 ,"'3 points' ","'POLAR3 Quintile 3' ",70
2011 ,"'3 points' ","'POLAR3 Quintile 4' ",75
2011 ,"'3 points' ","'POLAR3 Quintile 5' ",70
2011 ,"'4 points' ","'POLAR3 Quintile 1' ",175
2011 ,"'4 points' ","'POLAR3 Quintile 2' ",255
2011 ,"'4 points' ","'POLAR3 Quintile 3' ",270
2011 ,"'4 points' ","'POLAR3 Quintile 4' ",285
2011 ,"'4 points' ","'POLAR3 Quintile 5' ",310
2011 ,"'4 points' ","'Not assigned' ",5
2011 ,"'5 points' ","'POLAR3 Quintile 1' ",350
2011 ,"'5 points' ","'POLAR3 Quintile 2' ",595
2011 ,"'5 points' ","'POLAR3 Quintile 3' ",675
2011 ,"'5 points' ","'POLAR3 Quintile 4' ",775
2011 ,"'5 points' ","'POLAR3 Quintile 5' ",745
2011 ,"'5 points' ","'Not assigned' ",10
2011 ,"'6 points' ","'POLAR3 Quintile 1' ",785
2011 ,"'6 points' ","'POLAR3 Quintile 2' ",1065
2011 ,"'6 points' ","'POLAR3 Quintile 3' ",1280
2011 ,"'6 points' ","'POLAR3 Quintile 4' ",1375
2011 ,"'6 points' ","'POLAR3 Quintile 5' ",1450
2011 ,"'6 points' ","'Not assigned' ",10
2011 ,"'7 points' ","'POLAR3 Quintile 1' ",1160
2011 ,"'7 points' ","'POLAR3 Quintile 2' ",1670
2011 ,"'7 points' ","'POLAR3 Quintile 3' ",1945
2011 ,"'7 points' ","'POLAR3 Quintile 4' ",2245
2011 ,"'7 points' ","'POLAR3 Quintile 5' ",2385
2011 ,"'7 points' ","'Not assigned' ",5
2011 ,"'8 points' ","'POLAR3 Quintile 1' ",1505
2011 ,"'8 points' ","'POLAR3 Quintile 2' ",2120
2011 ,"'8 points' ","'POLAR3 Quintile 3' ",2690
2011 ,"'8 points' ","'POLAR3 Quintile 4' ",3055
2011 ,"'8 points' ","'POLAR3 Quintile 5' ",3525
2011 ,"'8 points' ","'Not assigned' ",25
2011 ,"'9 points' ","'POLAR3 Quintile 1' ",1815
2011 ,"'9 points' ","'POLAR3 Quintile 2' ",2610
2011 ,"'9 points' ","'POLAR3 Quintile 3' ",3345
2011 ,"'9 points' ","'POLAR3 Quintile 4' ",3955
2011 ,"'9 points' ","'POLAR3 Quintile 5' ",4620
2011 ,"'9 points' ","'Not assigned' ",20
2011 ,"'10 points' ","'POLAR3 Quintile 1' ",1820
2011 ,"'10 points' ","'POLAR3 Quintile 2' ",2820
2011 ,"'10 points' ","'POLAR3 Quintile 3' ",3670
2011 ,"'10 points' ","'POLAR3 Quintile 4' ",4530
2011 ,"'10 points' ","'POLAR3 Quintile 5' ",5585
2011 ,"'10 points' ","'Not assigned' ",25
2011 ,"'11 points' ","'POLAR3 Quintile 1' ",1740
2011 ,"'11 points' ","'POLAR3 Quintile 2' ",2700
2011 ,"'11 points' ","'POLAR3 Quintile 3' ",3600
2011 ,"'11 points' ","'POLAR3 Quintile 4' ",4725
2011 ,"'11 points' ","'POLAR3 Quintile 5' ",6040
2011 ,"'11 points' ","'Not assigned' ",30
2011 ,"'12 points' ","'POLAR3 Quintile 1' ",1600
2011 ,"'12 points' ","'POLAR3 Quintile 2' ",2680
2011 ,"'12 points' ","'POLAR3 Quintile 3' ",3590
2011 ,"'12 points' ","'POLAR3 Quintile 4' ",4905
2011 ,"'12 points' ","'POLAR3 Quintile 5' ",6580
2011 ,"'12 points' ","'Not assigned' ",35
2011 ,"'13 points' ","'POLAR3 Quintile 1' ",1310
2011 ,"'13 points' ","'POLAR3 Quintile 2' ",2210
2011 ,"'13 points' ","'POLAR3 Quintile 3' ",3270
2011 ,"'13 points' ","'POLAR3 Quintile 4' ",4540
2011 ,"'13 points' ","'POLAR3 Quintile 5' ",6695
2011 ,"'13 points' ","'Not assigned' ",35
2011 ,"'14 points' ","'POLAR3 Quintile 1' ",1080
2011 ,"'14 points' ","'POLAR3 Quintile 2' ",1825
2011 ,"'14 points' ","'POLAR3 Quintile 3' ",2780
2011 ,"'14 points' ","'POLAR3 Quintile 4' ",4145
2011 ,"'14 points' ","'POLAR3 Quintile 5' ",6690
2011 ,"'14 points' ","'Not assigned' ",35
2011 ,"'15 points' ","'POLAR3 Quintile 1' ",885
2011 ,"'15 points' ","'POLAR3 Quintile 2' ",1715
2011 ,"'15 points' ","'POLAR3 Quintile 3' ",2555
2011 ,"'15 points' ","'POLAR3 Quintile 4' ",4100
2011 ,"'15 points' ","'POLAR3 Quintile 5' ",6875
2011 ,"'15 points' ","'Not assigned' ",30
2011 ,"'16 points' ","'POLAR3 Quintile 1' ",630
2011 ,"'16 points' ","'POLAR3 Quintile 2' ",1175
2011 ,"'16 points' ","'POLAR3 Quintile 3' ",1845
2011 ,"'16 points' ","'POLAR3 Quintile 4' ",2885
2011 ,"'16 points' ","'POLAR3 Quintile 5' ",5650
2011 ,"'16 points' ","'Not assigned' ",20
2011 ,"'17 points' ","'POLAR3 Quintile 1' ",290
2011 ,"'17 points' ","'POLAR3 Quintile 2' ",600
2011 ,"'17 points' ","'POLAR3 Quintile 3' ",1080
2011 ,"'17 points' ","'POLAR3 Quintile 4' ",1800
2011 ,"'17 points' ","'POLAR3 Quintile 5' ",3435
2011 ,"'17 points' ","'Not assigned' ",5
2011 ,"'18 points' ","'POLAR3 Quintile 1' ",215
2011 ,"'18 points' ","'POLAR3 Quintile 2' ",450
2011 ,"'18 points' ","'POLAR3 Quintile 3' ",760
2011 ,"'18 points' ","'POLAR3 Quintile 4' ",1265
2011 ,"'18 points' ","'POLAR3 Quintile 5' ",3055
2011 ,"'18 points' ","'Not assigned' ",10
2012 ,"'3 points' ","'POLAR3 Quintile 1' ",45
2012 ,"'3 points' ","'POLAR3 Quintile 2' ",40
2012 ,"'3 points' ","'POLAR3 Quintile 3' ",60
2012 ,"'3 points' ","'POLAR3 Quintile 4' ",35
2012 ,"'3 points' ","'POLAR3 Quintile 5' ",65
2012 ,"'4 points' ","'POLAR3 Quintile 1' ",180
2012 ,"'4 points' ","'POLAR3 Quintile 2' ",180
2012 ,"'4 points' ","'POLAR3 Quintile 3' ",255
2012 ,"'4 points' ","'POLAR3 Quintile 4' ",285
2012 ,"'4 points' ","'POLAR3 Quintile 5' ",265
2012 ,"'4 points' ","'Not assigned' ",5
2012 ,"'5 points' ","'POLAR3 Quintile 1' ",380
2012 ,"'5 points' ","'POLAR3 Quintile 2' ",485
2012 ,"'5 points' ","'POLAR3 Quintile 3' ",595
2012 ,"'5 points' ","'POLAR3 Quintile 4' ",650
2012 ,"'5 points' ","'POLAR3 Quintile 5' ",695
2012 ,"'5 points' ","'Not assigned' ",5
2012 ,"'6 points' ","'POLAR3 Quintile 1' ",715
2012 ,"'6 points' ","'POLAR3 Quintile 2' ",980
2012 ,"'6 points' ","'POLAR3 Quintile 3' ",1185
2012 ,"'6 points' ","'POLAR3 Quintile 4' ",1205
2012 ,"'6 points' ","'POLAR3 Quintile 5' ",1430
2012 ,"'6 points' ","'Not assigned' ",5
2012 ,"'7 points' ","'POLAR3 Quintile 1' ",1025
2012 ,"'7 points' ","'POLAR3 Quintile 2' ",1580
2012 ,"'7 points' ","'POLAR3 Quintile 3' ",1925
2012 ,"'7 points' ","'POLAR3 Quintile 4' ",1965
2012 ,"'7 points' ","'POLAR3 Quintile 5' ",2190
2012 ,"'7 points' ","'Not assigned' ",20
2012 ,"'8 points' ","'POLAR3 Quintile 1' ",1305
2012 ,"'8 points' ","'POLAR3 Quintile 2' ",1995
2012 ,"'8 points' ","'POLAR3 Quintile 3' ",2520
2012 ,"'8 points' ","'POLAR3 Quintile 4' ",2875
2012 ,"'8 points' ","'POLAR3 Quintile 5' ",3195
2012 ,"'8 points' ","'Not assigned' ",15
2012 ,"'9 points' ","'POLAR3 Quintile 1' ",1625
2012 ,"'9 points' ","'POLAR3 Quintile 2' ",2420
2012 ,"'9 points' ","'POLAR3 Quintile 3' ",3215
2012 ,"'9 points' ","'POLAR3 Quintile 4' ",3745
2012 ,"'9 points' ","'POLAR3 Quintile 5' ",4255
2012 ,"'9 points' ","'Not assigned' ",20
2012 ,"'10 points' ","'POLAR3 Quintile 1' ",1735
2012 ,"'10 points' ","'POLAR3 Quintile 2' ",2695
2012 ,"'10 points' ","'POLAR3 Quintile 3' ",3420
2012 ,"'10 points' ","'POLAR3 Quintile 4' ",4300
2012 ,"'10 points' ","'POLAR3 Quintile 5' ",5260
2012 ,"'10 points' ","'Not assigned' ",40
2012 ,"'11 points' ","'POLAR3 Quintile 1' ",1775
2012 ,"'11 points' ","'POLAR3 Quintile 2' ",2700
2012 ,"'11 points' ","'POLAR3 Quintile 3' ",3510
2012 ,"'11 points' ","'POLAR3 Quintile 4' ",4540
2012 ,"'11 points' ","'POLAR3 Quintile 5' ",5855
2012 ,"'11 points' ","'Not assigned' ",25
2012 ,"'12 points' ","'POLAR3 Quintile 1' ",1575
2012 ,"'12 points' ","'POLAR3 Quintile 2' ",2570
2012 ,"'12 points' ","'POLAR3 Quintile 3' ",3485
2012 ,"'12 points' ","'POLAR3 Quintile 4' ",4750
2012 ,"'12 points' ","'POLAR3 Quintile 5' ",6430
2012 ,"'12 points' ","'Not assigned' ",35
2012 ,"'13 points' ","'POLAR3 Quintile 1' ",1305
2012 ,"'13 points' ","'POLAR3 Quintile 2' ",2220
2012 ,"'13 points' ","'POLAR3 Quintile 3' ",3120
2012 ,"'13 points' ","'POLAR3 Quintile 4' ",4610
2012 ,"'13 points' ","'POLAR3 Quintile 5' ",6650
2012 ,"'13 points' ","'Not assigned' ",25
2012 ,"'14 points' ","'POLAR3 Quintile 1' ",1040
2012 ,"'14 points' ","'POLAR3 Quintile 2' ",1830
2012 ,"'14 points' ","'POLAR3 Quintile 3' ",2785
2012 ,"'14 points' ","'POLAR3 Quintile 4' ",3900
2012 ,"'14 points' ","'POLAR3 Quintile 5' ",6520
2012 ,"'14 points' ","'Not assigned' ",15
2012 ,"'15 points' ","'POLAR3 Quintile 1' ",890
2012 ,"'15 points' ","'POLAR3 Quintile 2' ",1595
2012 ,"'15 points' ","'POLAR3 Quintile 3' ",2500
2012 ,"'15 points' ","'POLAR3 Quintile 4' ",3910
2012 ,"'15 points' ","'POLAR3 Quintile 5' ",6835
2012 ,"'15 points' ","'Not assigned' ",25
2012 ,"'16 points' ","'POLAR3 Quintile 1' ",560
2012 ,"'16 points' ","'POLAR3 Quintile 2' ",1095
2012 ,"'16 points' ","'POLAR3 Quintile 3' ",1695
2012 ,"'16 points' ","'POLAR3 Quintile 4' ",2955
2012 ,"'16 points' ","'POLAR3 Quintile 5' ",5340
2012 ,"'16 points' ","'Not assigned' ",20
2012 ,"'17 points' ","'POLAR3 Quintile 1' ",325
2012 ,"'17 points' ","'POLAR3 Quintile 2' ",600
2012 ,"'17 points' ","'POLAR3 Quintile 3' ",1010
2012 ,"'17 points' ","'POLAR3 Quintile 4' ",1680
2012 ,"'17 points' ","'POLAR3 Quintile 5' ",3300
2012 ,"'17 points' ","'Not assigned' ",10
2012 ,"'18 points' ","'POLAR3 Quintile 1' ",195
2012 ,"'18 points' ","'POLAR3 Quintile 2' ",425
2012 ,"'18 points' ","'POLAR3 Quintile 3' ",730
2012 ,"'18 points' ","'POLAR3 Quintile 4' ",1320
2012 ,"'18 points' ","'POLAR3 Quintile 5' ",2920
2012 ,"'18 points' ","'Not assigned' ",5
2013 ,"'3 points' ","'POLAR3 Quintile 1' ",40
2013 ,"'3 points' ","'POLAR3 Quintile 2' ",55
2013 ,"'3 points' ","'POLAR3 Quintile 3' ",65
2013 ,"'3 points' ","'POLAR3 Quintile 4' ",70
2013 ,"'3 points' ","'POLAR3 Quintile 5' ",55
2013 ,"'4 points' ","'POLAR3 Quintile 1' ",130
2013 ,"'4 points' ","'POLAR3 Quintile 2' ",170
2013 ,"'4 points' ","'POLAR3 Quintile 3' ",215
2013 ,"'4 points' ","'POLAR3 Quintile 4' ",215
2013 ,"'4 points' ","'POLAR3 Quintile 5' ",250
2013 ,"'5 points' ","'POLAR3 Quintile 1' ",365
2013 ,"'5 points' ","'POLAR3 Quintile 2' ",485
2013 ,"'5 points' ","'POLAR3 Quintile 3' ",585
2013 ,"'5 points' ","'POLAR3 Quintile 4' ",590
2013 ,"'5 points' ","'POLAR3 Quintile 5' ",645
2013 ,"'5 points' ","'Not assigned' ",5
2013 ,"'6 points' ","'POLAR3 Quintile 1' ",640
2013 ,"'6 points' ","'POLAR3 Quintile 2' ",910
2013 ,"'6 points' ","'POLAR3 Quintile 3' ",1045
2013 ,"'6 points' ","'POLAR3 Quintile 4' ",1230
2013 ,"'6 points' ","'POLAR3 Quintile 5' ",1285
2013 ,"'6 points' ","'Not assigned' ",15
2013 ,"'7 points' ","'POLAR3 Quintile 1' ",985
2013 ,"'7 points' ","'POLAR3 Quintile 2' ",1435
2013 ,"'7 points' ","'POLAR3 Quintile 3' ",1755
2013 ,"'7 points' ","'POLAR3 Quintile 4' ",1975
2013 ,"'7 points' ","'POLAR3 Quintile 5' ",2200
2013 ,"'7 points' ","'Not assigned' ",15
2013 ,"'8 points' ","'POLAR3 Quintile 1' ",1340
2013 ,"'8 points' ","'POLAR3 Quintile 2' ",1920
2013 ,"'8 points' ","'POLAR3 Quintile 3' ",2495
2013 ,"'8 points' ","'POLAR3 Quintile 4' ",2775
2013 ,"'8 points' ","'POLAR3 Quintile 5' ",3120
2013 ,"'8 points' ","'Not assigned' ",15
2013 ,"'9 points' ","'POLAR3 Quintile 1' ",1625
2013 ,"'9 points' ","'POLAR3 Quintile 2' ",2380
2013 ,"'9 points' ","'POLAR3 Quintile 3' ",3235
2013 ,"'9 points' ","'POLAR3 Quintile 4' ",3615
2013 ,"'9 points' ","'POLAR3 Quintile 5' ",4265
2013 ,"'9 points' ","'Not assigned' ",15
2013 ,"'10 points' ","'POLAR3 Quintile 1' ",1730
2013 ,"'10 points' ","'POLAR3 Quintile 2' ",2730
2013 ,"'10 points' ","'POLAR3 Quintile 3' ",3500
2013 ,"'10 points' ","'POLAR3 Quintile 4' ",4460
2013 ,"'10 points' ","'POLAR3 Quintile 5' ",5090
2013 ,"'10 points' ","'Not assigned' ",20
2013 ,"'11 points' ","'POLAR3 Quintile 1' ",1775
2013 ,"'11 points' ","'POLAR3 Quintile 2' ",2655
2013 ,"'11 points' ","'POLAR3 Quintile 3' ",3525
2013 ,"'11 points' ","'POLAR3 Quintile 4' ",4625
2013 ,"'11 points' ","'POLAR3 Quintile 5' ",5765
2013 ,"'11 points' ","'Not assigned' ",20
2013 ,"'12 points' ","'POLAR3 Quintile 1' ",1585
2013 ,"'12 points' ","'POLAR3 Quintile 2' ",2640
2013 ,"'12 points' ","'POLAR3 Quintile 3' ",3580
2013 ,"'12 points' ","'POLAR3 Quintile 4' ",4785
2013 ,"'12 points' ","'POLAR3 Quintile 5' ",6620
2013 ,"'12 points' ","'Not assigned' ",30
2013 ,"'13 points' ","'POLAR3 Quintile 1' ",1300
2013 ,"'13 points' ","'POLAR3 Quintile 2' ",2235
2013 ,"'13 points' ","'POLAR3 Quintile 3' ",3165
2013 ,"'13 points' ","'POLAR3 Quintile 4' ",4595
2013 ,"'13 points' ","'POLAR3 Quintile 5' ",6595
2013 ,"'13 points' ","'Not assigned' ",15
2013 ,"'14 points' ","'POLAR3 Quintile 1' ",1070
2013 ,"'14 points' ","'POLAR3 Quintile 2' ",1835
2013 ,"'14 points' ","'POLAR3 Quintile 3' ",2660
2013 ,"'14 points' ","'POLAR3 Quintile 4' ",4085
2013 ,"'14 points' ","'POLAR3 Quintile 5' ",6360
2013 ,"'14 points' ","'Not assigned' ",25
2013 ,"'15 points' ","'POLAR3 Quintile 1' ",785
2013 ,"'15 points' ","'POLAR3 Quintile 2' ",1675
2013 ,"'15 points' ","'POLAR3 Quintile 3' ",2395
2013 ,"'15 points' ","'POLAR3 Quintile 4' ",3900
2013 ,"'15 points' ","'POLAR3 Quintile 5' ",6740
2013 ,"'15 points' ","'Not assigned' ",25
2013 ,"'16 points' ","'POLAR3 Quintile 1' ",570
2013 ,"'16 points' ","'POLAR3 Quintile 2' ",1060
2013 ,"'16 points' ","'POLAR3 Quintile 3' ",1755
2013 ,"'16 points' ","'POLAR3 Quintile 4' ",2765
2013 ,"'16 points' ","'POLAR3 Quintile 5' ",5260
2013 ,"'16 points' ","'Not assigned' ",15
2013 ,"'17 points' ","'POLAR3 Quintile 1' ",270
2013 ,"'17 points' ","'POLAR3 Quintile 2' ",605
2013 ,"'17 points' ","'POLAR3 Quintile 3' ",970
2013 ,"'17 points' ","'POLAR3 Quintile 4' ",1565
2013 ,"'17 points' ","'POLAR3 Quintile 5' ",3250
2013 ,"'17 points' ","'Not assigned' ",5
2013 ,"'18 points' ","'POLAR3 Quintile 1' ",165
2013 ,"'18 points' ","'POLAR3 Quintile 2' ",415
2013 ,"'18 points' ","'POLAR3 Quintile 3' ",755
2013 ,"'18 points' ","'POLAR3 Quintile 4' ",1230
2013 ,"'18 points' ","'POLAR3 Quintile 5' ",2715
2013 ,"'18 points' ","'Not assigned' ",10
2014 ,"'3 points' ","'POLAR3 Quintile 1' ",40
2014 ,"'3 points' ","'POLAR3 Quintile 2' ",40
2014 ,"'3 points' ","'POLAR3 Quintile 3' ",65
2014 ,"'3 points' ","'POLAR3 Quintile 4' ",65
2014 ,"'3 points' ","'POLAR3 Quintile 5' ",65
2014 ,"'4 points' ","'POLAR3 Quintile 1' ",160
2014 ,"'4 points' ","'POLAR3 Quintile 2' ",190
2014 ,"'4 points' ","'POLAR3 Quintile 3' ",220
2014 ,"'4 points' ","'POLAR3 Quintile 4' ",240
2014 ,"'4 points' ","'POLAR3 Quintile 5' ",285
2014 ,"'5 points' ","'POLAR3 Quintile 1' ",360
2014 ,"'5 points' ","'POLAR3 Quintile 2' ",470
2014 ,"'5 points' ","'POLAR3 Quintile 3' ",585
2014 ,"'5 points' ","'POLAR3 Quintile 4' ",600
2014 ,"'5 points' ","'POLAR3 Quintile 5' ",715
2014 ,"'5 points' ","'Not assigned' ",5
2014 ,"'6 points' ","'POLAR3 Quintile 1' ",695
2014 ,"'6 points' ","'POLAR3 Quintile 2' ",930
2014 ,"'6 points' ","'POLAR3 Quintile 3' ",1125
2014 ,"'6 points' ","'POLAR3 Quintile 4' ",1265
2014 ,"'6 points' ","'POLAR3 Quintile 5' ",1445
2014 ,"'6 points' ","'Not assigned' ",15
2014 ,"'7 points' ","'POLAR3 Quintile 1' ",1000
2014 ,"'7 points' ","'POLAR3 Quintile 2' ",1435
2014 ,"'7 points' ","'POLAR3 Quintile 3' ",1810
2014 ,"'7 points' ","'POLAR3 Quintile 4' ",2085
2014 ,"'7 points' ","'POLAR3 Quintile 5' ",2165
2014 ,"'7 points' ","'Not assigned' ",15
2014 ,"'8 points' ","'POLAR3 Quintile 1' ",1355
2014 ,"'8 points' ","'POLAR3 Quintile 2' ",1990
2014 ,"'8 points' ","'POLAR3 Quintile 3' ",2495
2014 ,"'8 points' ","'POLAR3 Quintile 4' ",2895
2014 ,"'8 points' ","'POLAR3 Quintile 5' ",3285
2014 ,"'8 points' ","'Not assigned' ",20
2014 ,"'9 points' ","'POLAR3 Quintile 1' ",1620
2014 ,"'9 points' ","'POLAR3 Quintile 2' ",2415
2014 ,"'9 points' ","'POLAR3 Quintile 3' ",3155
2014 ,"'9 points' ","'POLAR3 Quintile 4' ",3590
2014 ,"'9 points' ","'POLAR3 Quintile 5' ",4230
2014 ,"'9 points' ","'Not assigned' ",25
2014 ,"'10 points' ","'POLAR3 Quintile 1' ",1790
2014 ,"'10 points' ","'POLAR3 Quintile 2' ",2695
2014 ,"'10 points' ","'POLAR3 Quintile 3' ",3560
2014 ,"'10 points' ","'POLAR3 Quintile 4' ",4160
2014 ,"'10 points' ","'POLAR3 Quintile 5' ",5115
2014 ,"'10 points' ","'Not assigned' ",30
2014 ,"'11 points' ","'POLAR3 Quintile 1' ",1700
2014 ,"'11 points' ","'POLAR3 Quintile 2' ",2535
2014 ,"'11 points' ","'POLAR3 Quintile 3' ",3500
2014 ,"'11 points' ","'POLAR3 Quintile 4' ",4400
2014 ,"'11 points' ","'POLAR3 Quintile 5' ",5880
2014 ,"'11 points' ","'Not assigned' ",20
2014 ,"'12 points' ","'POLAR3 Quintile 1' ",1585
2014 ,"'12 points' ","'POLAR3 Quintile 2' ",2575
2014 ,"'12 points' ","'POLAR3 Quintile 3' ",3450
2014 ,"'12 points' ","'POLAR3 Quintile 4' ",4635
2014 ,"'12 points' ","'POLAR3 Quintile 5' ",6370
2014 ,"'12 points' ","'Not assigned' ",25
2014 ,"'13 points' ","'POLAR3 Quintile 1' ",1260
2014 ,"'13 points' ","'POLAR3 Quintile 2' ",2155
2014 ,"'13 points' ","'POLAR3 Quintile 3' ",3045
2014 ,"'13 points' ","'POLAR3 Quintile 4' ",4230
2014 ,"'13 points' ","'POLAR3 Quintile 5' ",6465
2014 ,"'13 points' ","'Not assigned' ",15
2014 ,"'14 points' ","'POLAR3 Quintile 1' ",1020
2014 ,"'14 points' ","'POLAR3 Quintile 2' ",1780
2014 ,"'14 points' ","'POLAR3 Quintile 3' ",2570
2014 ,"'14 points' ","'POLAR3 Quintile 4' ",3820
2014 ,"'14 points' ","'POLAR3 Quintile 5' ",6175
2014 ,"'14 points' ","'Not assigned' ",30
2014 ,"'15 points' ","'POLAR3 Quintile 1' ",830
2014 ,"'15 points' ","'POLAR3 Quintile 2' ",1515
2014 ,"'15 points' ","'POLAR3 Quintile 3' ",2195
2014 ,"'15 points' ","'POLAR3 Quintile 4' ",3495
2014 ,"'15 points' ","'POLAR3 Quintile 5' ",6190
2014 ,"'15 points' ","'Not assigned' ",15
2014 ,"'16 points' ","'POLAR3 Quintile 1' ",570
2014 ,"'16 points' ","'POLAR3 Quintile 2' ",1005
2014 ,"'16 points' ","'POLAR3 Quintile 3' ",1580
2014 ,"'16 points' ","'POLAR3 Quintile 4' ",2695
2014 ,"'16 points' ","'POLAR3 Quintile 5' ",5020
2014 ,"'16 points' ","'Not assigned' ",20
2014 ,"'17 points' ","'POLAR3 Quintile 1' ",260
2014 ,"'17 points' ","'POLAR3 Quintile 2' ",645
2014 ,"'17 points' ","'POLAR3 Quintile 3' ",1000
2014 ,"'17 points' ","'POLAR3 Quintile 4' ",1625
2014 ,"'17 points' ","'POLAR3 Quintile 5' ",3420
2014 ,"'17 points' ","'Not assigned' ",5
2014 ,"'18 points' ","'POLAR3 Quintile 1' ",230
2014 ,"'18 points' ","'POLAR3 Quintile 2' ",450
2014 ,"'18 points' ","'POLAR3 Quintile 3' ",735
2014 ,"'18 points' ","'POLAR3 Quintile 4' ",1300
2014 ,"'18 points' ","'POLAR3 Quintile 5' ",2855
2014 ,"'18 points' ","'Not assigned' ",10
2015 ,"'3 points' ","'POLAR3 Quintile 1' ",35
2015 ,"'3 points' ","'POLAR3 Quintile 2' ",45
2015 ,"'3 points' ","'POLAR3 Quintile 3' ",50
2015 ,"'3 points' ","'POLAR3 Quintile 4' ",65
2015 ,"'3 points' ","'POLAR3 Quintile 5' ",55
2015 ,"'4 points' ","'POLAR3 Quintile 1' ",130
2015 ,"'4 points' ","'POLAR3 Quintile 2' ",170
2015 ,"'4 points' ","'POLAR3 Quintile 3' ",245
2015 ,"'4 points' ","'POLAR3 Quintile 4' ",250
2015 ,"'4 points' ","'POLAR3 Quintile 5' ",235
2015 ,"'5 points' ","'POLAR3 Quintile 1' ",340
2015 ,"'5 points' ","'POLAR3 Quintile 2' ",480
2015 ,"'5 points' ","'POLAR3 Quintile 3' ",595
2015 ,"'5 points' ","'POLAR3 Quintile 4' ",590
2015 ,"'5 points' ","'POLAR3 Quintile 5' ",635
2015 ,"'5 points' ","'Not assigned' ",10
2015 ,"'6 points' ","'POLAR3 Quintile 1' ",630
2015 ,"'6 points' ","'POLAR3 Quintile 2' ",945
2015 ,"'6 points' ","'POLAR3 Quintile 3' ",1145
2015 ,"'6 points' ","'POLAR3 Quintile 4' ",1200
2015 ,"'6 points' ","'POLAR3 Quintile 5' ",1370
2015 ,"'6 points' ","'Not assigned' ",10
2015 ,"'7 points' ","'POLAR3 Quintile 1' ",1040
2015 ,"'7 points' ","'POLAR3 Quintile 2' ",1485
2015 ,"'7 points' ","'POLAR3 Quintile 3' ",1855
2015 ,"'7 points' ","'POLAR3 Quintile 4' ",2035
2015 ,"'7 points' ","'POLAR3 Quintile 5' ",2215
2015 ,"'7 points' ","'Not assigned' ",15
2015 ,"'8 points' ","'POLAR3 Quintile 1' ",1415
2015 ,"'8 points' ","'POLAR3 Quintile 2' ",2130
2015 ,"'8 points' ","'POLAR3 Quintile 3' ",2585
2015 ,"'8 points' ","'POLAR3 Quintile 4' ",2885
2015 ,"'8 points' ","'POLAR3 Quintile 5' ",3280
2015 ,"'8 points' ","'Not assigned' ",25
2015 ,"'9 points' ","'POLAR3 Quintile 1' ",1775
2015 ,"'9 points' ","'POLAR3 Quintile 2' ",2445
2015 ,"'9 points' ","'POLAR3 Quintile 3' ",3230
2015 ,"'9 points' ","'POLAR3 Quintile 4' ",3825
2015 ,"'9 points' ","'POLAR3 Quintile 5' ",4475
2015 ,"'9 points' ","'Not assigned' ",25
2015 ,"'10 points' ","'POLAR3 Quintile 1' ",1875
2015 ,"'10 points' ","'POLAR3 Quintile 2' ",2760
2015 ,"'10 points' ","'POLAR3 Quintile 3' ",3550
2015 ,"'10 points' ","'POLAR3 Quintile 4' ",4445
2015 ,"'10 points' ","'POLAR3 Quintile 5' ",5270
2015 ,"'10 points' ","'Not assigned' ",40
2015 ,"'11 points' ","'POLAR3 Quintile 1' ",1740
2015 ,"'11 points' ","'POLAR3 Quintile 2' ",2665
2015 ,"'11 points' ","'POLAR3 Quintile 3' ",3670
2015 ,"'11 points' ","'POLAR3 Quintile 4' ",4720
2015 ,"'11 points' ","'POLAR3 Quintile 5' ",6045
2015 ,"'11 points' ","'Not assigned' ",35
2015 ,"'12 points' ","'POLAR3 Quintile 1' ",1605
2015 ,"'12 points' ","'POLAR3 Quintile 2' ",2550
2015 ,"'12 points' ","'POLAR3 Quintile 3' ",3570
2015 ,"'12 points' ","'POLAR3 Quintile 4' ",4765
2015 ,"'12 points' ","'POLAR3 Quintile 5' ",6710
2015 ,"'12 points' ","'Not assigned' ",50
2015 ,"'13 points' ","'POLAR3 Quintile 1' ",1310
2015 ,"'13 points' ","'POLAR3 Quintile 2' ",2235
2015 ,"'13 points' ","'POLAR3 Quintile 3' ",3195
2015 ,"'13 points' ","'POLAR3 Quintile 4' ",4370
2015 ,"'13 points' ","'POLAR3 Quintile 5' ",6655
2015 ,"'13 points' ","'Not assigned' ",35
2015 ,"'14 points' ","'POLAR3 Quintile 1' ",990
2015 ,"'14 points' ","'POLAR3 Quintile 2' ",1770
2015 ,"'14 points' ","'POLAR3 Quintile 3' ",2620
2015 ,"'14 points' ","'POLAR3 Quintile 4' ",3940
2015 ,"'14 points' ","'POLAR3 Quintile 5' ",6240
2015 ,"'14 points' ","'Not assigned' ",35
2015 ,"'15 points' ","'POLAR3 Quintile 1' ",855
2015 ,"'15 points' ","'POLAR3 Quintile 2' ",1490
2015 ,"'15 points' ","'POLAR3 Quintile 3' ",2215
2015 ,"'15 points' ","'POLAR3 Quintile 4' ",3610
2015 ,"'15 points' ","'POLAR3 Quintile 5' ",6010
2015 ,"'15 points' ","'Not assigned' ",25
2015 ,"'16 points' ","'POLAR3 Quintile 1' ",505
2015 ,"'16 points' ","'POLAR3 Quintile 2' ",1100
2015 ,"'16 points' ","'POLAR3 Quintile 3' ",1605
2015 ,"'16 points' ","'POLAR3 Quintile 4' ",2685
2015 ,"'16 points' ","'POLAR3 Quintile 5' ",5120
2015 ,"'16 points' ","'Not assigned' ",25
2015 ,"'17 points' ","'POLAR3 Quintile 1' ",315
2015 ,"'17 points' ","'POLAR3 Quintile 2' ",615
2015 ,"'17 points' ","'POLAR3 Quintile 3' ",985
2015 ,"'17 points' ","'POLAR3 Quintile 4' ",1725
2015 ,"'17 points' ","'POLAR3 Quintile 5' ",3500
2015 ,"'17 points' ","'Not assigned' ",15
2015 ,"'18 points' ","'POLAR3 Quintile 1' ",205
2015 ,"'18 points' ","'POLAR3 Quintile 2' ",435
2015 ,"'18 points' ","'POLAR3 Quintile 3' ",740
2015 ,"'18 points' ","'POLAR3 Quintile 4' ",1345
2015 ,"'18 points' ","'POLAR3 Quintile 5' ",2930
2015 ,"'18 points' ","'Not assigned' ",10
2016 ,"'3 points' ","'POLAR3 Quintile 1' ",30
2016 ,"'3 points' ","'POLAR3 Quintile 2' ",45
2016 ,"'3 points' ","'POLAR3 Quintile 3' ",60
2016 ,"'3 points' ","'POLAR3 Quintile 4' ",50
2016 ,"'3 points' ","'POLAR3 Quintile 5' ",60
2016 ,"'4 points' ","'POLAR3 Quintile 1' ",145
2016 ,"'4 points' ","'POLAR3 Quintile 2' ",210
2016 ,"'4 points' ","'POLAR3 Quintile 3' ",205
2016 ,"'4 points' ","'POLAR3 Quintile 4' ",230
2016 ,"'4 points' ","'POLAR3 Quintile 5' ",235
2016 ,"'4 points' ","'Not assigned' ",5
2016 ,"'5 points' ","'POLAR3 Quintile 1' ",360
2016 ,"'5 points' ","'POLAR3 Quintile 2' ",485
2016 ,"'5 points' ","'POLAR3 Quintile 3' ",590
2016 ,"'5 points' ","'POLAR3 Quintile 4' ",570
2016 ,"'5 points' ","'POLAR3 Quintile 5' ",665
2016 ,"'5 points' ","'Not assigned' ",15
2016 ,"'6 points' ","'POLAR3 Quintile 1' ",665
2016 ,"'6 points' ","'POLAR3 Quintile 2' ",900
2016 ,"'6 points' ","'POLAR3 Quintile 3' ",1120
2016 ,"'6 points' ","'POLAR3 Quintile 4' ",1175
2016 ,"'6 points' ","'POLAR3 Quintile 5' ",1380
2016 ,"'6 points' ","'Not assigned' ",15
2016 ,"'7 points' ","'POLAR3 Quintile 1' ",1095
2016 ,"'7 points' ","'POLAR3 Quintile 2' ",1455
2016 ,"'7 points' ","'POLAR3 Quintile 3' ",1840
2016 ,"'7 points' ","'POLAR3 Quintile 4' ",2010
2016 ,"'7 points' ","'POLAR3 Quintile 5' ",2260
2016 ,"'7 points' ","'Not assigned' ",30
2016 ,"'8 points' ","'POLAR3 Quintile 1' ",1430
2016 ,"'8 points' ","'POLAR3 Quintile 2' ",2030
2016 ,"'8 points' ","'POLAR3 Quintile 3' ",2480
2016 ,"'8 points' ","'POLAR3 Quintile 4' ",3015
2016 ,"'8 points' ","'POLAR3 Quintile 5' ",3295
2016 ,"'8 points' ","'Not assigned' ",50
2016 ,"'9 points' ","'POLAR3 Quintile 1' ",1740
2016 ,"'9 points' ","'POLAR3 Quintile 2' ",2510
2016 ,"'9 points' ","'POLAR3 Quintile 3' ",3215
2016 ,"'9 points' ","'POLAR3 Quintile 4' ",3765
2016 ,"'9 points' ","'POLAR3 Quintile 5' ",4480
2016 ,"'9 points' ","'Not assigned' ",60
2016 ,"'10 points' ","'POLAR3 Quintile 1' ",1865
2016 ,"'10 points' ","'POLAR3 Quintile 2' ",2710
2016 ,"'10 points' ","'POLAR3 Quintile 3' ",3510
2016 ,"'10 points' ","'POLAR3 Quintile 4' ",4315
2016 ,"'10 points' ","'POLAR3 Quintile 5' ",5360
2016 ,"'10 points' ","'Not assigned' ",65
2016 ,"'11 points' ","'POLAR3 Quintile 1' ",1725
2016 ,"'11 points' ","'POLAR3 Quintile 2' ",2780
2016 ,"'11 points' ","'POLAR3 Quintile 3' ",3635
2016 ,"'11 points' ","'POLAR3 Quintile 4' ",4670
2016 ,"'11 points' ","'POLAR3 Quintile 5' ",6055
2016 ,"'11 points' ","'Not assigned' ",65
2016 ,"'12 points' ","'POLAR3 Quintile 1' ",1630
2016 ,"'12 points' ","'POLAR3 Quintile 2' ",2570
2016 ,"'12 points' ","'POLAR3 Quintile 3' ",3655
2016 ,"'12 points' ","'POLAR3 Quintile 4' ",4830
2016 ,"'12 points' ","'POLAR3 Quintile 5' ",6715
2016 ,"'12 points' ","'Not assigned' ",75
2016 ,"'13 points' ","'POLAR3 Quintile 1' ",1300
2016 ,"'13 points' ","'POLAR3 Quintile 2' ",2290
2016 ,"'13 points' ","'POLAR3 Quintile 3' ",3120
2016 ,"'13 points' ","'POLAR3 Quintile 4' ",4470
2016 ,"'13 points' ","'POLAR3 Quintile 5' ",6575
2016 ,"'13 points' ","'Not assigned' ",60
2016 ,"'14 points' ","'POLAR3 Quintile 1' ",1055
2016 ,"'14 points' ","'POLAR3 Quintile 2' ",1800
2016 ,"'14 points' ","'POLAR3 Quintile 3' ",2680
2016 ,"'14 points' ","'POLAR3 Quintile 4' ",3790
2016 ,"'14 points' ","'POLAR3 Quintile 5' ",6315
2016 ,"'14 points' ","'Not assigned' ",55
2016 ,"'15 points' ","'POLAR3 Quintile 1' ",785
2016 ,"'15 points' ","'POLAR3 Quintile 2' ",1530
2016 ,"'15 points' ","'POLAR3 Quintile 3' ",2260
2016 ,"'15 points' ","'POLAR3 Quintile 4' ",3440
2016 ,"'15 points' ","'POLAR3 Quintile 5' ",6090
2016 ,"'15 points' ","'Not assigned' ",50
2016 ,"'16 points' ","'POLAR3 Quintile 1' ",530
2016 ,"'16 points' ","'POLAR3 Quintile 2' ",1025
2016 ,"'16 points' ","'POLAR3 Quintile 3' ",1680
2016 ,"'16 points' ","'POLAR3 Quintile 4' ",2720
2016 ,"'16 points' ","'POLAR3 Quintile 5' ",5070
2016 ,"'16 points' ","'Not assigned' ",40
2016 ,"'17 points' ","'POLAR3 Quintile 1' ",305
2016 ,"'17 points' ","'POLAR3 Quintile 2' ",580
2016 ,"'17 points' ","'POLAR3 Quintile 3' ",945
2016 ,"'17 points' ","'POLAR3 Quintile 4' ",1595
2016 ,"'17 points' ","'POLAR3 Quintile 5' ",3360
2016 ,"'17 points' ","'Not assigned' ",20
2016 ,"'18 points' ","'POLAR3 Quintile 1' ",185
2016 ,"'18 points' ","'POLAR3 Quintile 2' ",390
2016 ,"'18 points' ","'POLAR3 Quintile 3' ",645
2016 ,"'18 points' ","'POLAR3 Quintile 4' ",1150
2016 ,"'18 points' ","'POLAR3 Quintile 5' ",2755
2016 ,"'18 points' ","'Not assigned' ",15
