"Statistic:   Number of Acceptances"
"Variables:   Apply Centre Type , Age Band , Sex , Applicant Domicile (High Level) , Cycle Year"
"Coverage:   Applied before June deadline and UK domiciled 18/19 year olds"
"For a list of key definitions and descriptions please refer to the PDF file provided - EOC_data_resource_2016-DR2_031_05.pdf"
 
Cycle Year,Apply Centre Type , Age Band , Sex , Applicant Domicile (High Level),Number of Acceptances,
2007 ,"'Academy' ","'18' ","'Men' ","'England' ",21520
2007 ,"'Academy' ","'18' ","'Men' ","'Scotland' ",5
2007 ,"'Academy' ","'18' ","'Men' ","'Wales' ",10
2007 ,"'Academy' ","'18' ","'Women' ","'England' ",26595
2007 ,"'Academy' ","'18' ","'Women' ","'Scotland' ",5
2007 ,"'Academy' ","'18' ","'Women' ","'Wales' ",20
2007 ,"'Academy' ","'19' ","'Men' ","'England' ",3880
2007 ,"'Academy' ","'19' ","'Men' ","'Wales' ",10
2007 ,"'Academy' ","'19' ","'Women' ","'England' ",3955
2007 ,"'Academy' ","'19' ","'Women' ","'Northern Ireland' ",5
2007 ,"'Academy' ","'19' ","'Women' ","'Scotland' ",5
2007 ,"'Academy' ","'19' ","'Women' ","'Wales' ",5
2007 ,"'Further education' ","'18' ","'Men' ","'England' ",6490
2007 ,"'Further education' ","'18' ","'Men' ","'Northern Ireland' ",250
2007 ,"'Further education' ","'18' ","'Men' ","'Scotland' ",65
2007 ,"'Further education' ","'18' ","'Men' ","'Wales' ",640
2007 ,"'Further education' ","'18' ","'Women' ","'England' ",8545
2007 ,"'Further education' ","'18' ","'Women' ","'Northern Ireland' ",260
2007 ,"'Further education' ","'18' ","'Women' ","'Scotland' ",160
2007 ,"'Further education' ","'18' ","'Women' ","'Wales' ",910
2007 ,"'Further education' ","'19' ","'Men' ","'England' ",5765
2007 ,"'Further education' ","'19' ","'Men' ","'Northern Ireland' ",185
2007 ,"'Further education' ","'19' ","'Men' ","'Scotland' ",340
2007 ,"'Further education' ","'19' ","'Men' ","'Wales' ",415
2007 ,"'Further education' ","'19' ","'Women' ","'England' ",6470
2007 ,"'Further education' ","'19' ","'Women' ","'Northern Ireland' ",290
2007 ,"'Further education' ","'19' ","'Women' ","'Scotland' ",560
2007 ,"'Further education' ","'19' ","'Women' ","'Wales' ",485
2007 ,"'Grammar' ","'18' ","'Men' ","'England' ",1585
2007 ,"'Grammar' ","'18' ","'Men' ","'Northern Ireland' ",2885
2007 ,"'Grammar' ","'18' ","'Women' ","'England' ",1630
2007 ,"'Grammar' ","'18' ","'Women' ","'Northern Ireland' ",3460
2007 ,"'Grammar' ","'19' ","'Men' ","'England' ",265
2007 ,"'Grammar' ","'19' ","'Men' ","'Northern Ireland' ",255
2007 ,"'Grammar' ","'19' ","'Women' ","'England' ",255
2007 ,"'Grammar' ","'19' ","'Women' ","'Northern Ireland' ",305
2007 ,"'Grammar' ","'19' ","'Women' ","'Scotland' ",5
2007 ,"'Independent' ","'18' ","'Men' ","'England' ",10290
2007 ,"'Independent' ","'18' ","'Men' ","'Northern Ireland' ",35
2007 ,"'Independent' ","'18' ","'Men' ","'Scotland' ",850
2007 ,"'Independent' ","'18' ","'Men' ","'Wales' ",215
2007 ,"'Independent' ","'18' ","'Women' ","'England' ",9915
2007 ,"'Independent' ","'18' ","'Women' ","'Northern Ireland' ",60
2007 ,"'Independent' ","'18' ","'Women' ","'Scotland' ",930
2007 ,"'Independent' ","'18' ","'Women' ","'Wales' ",290
2007 ,"'Independent' ","'19' ","'Men' ","'England' ",2845
2007 ,"'Independent' ","'19' ","'Men' ","'Northern Ireland' ",5
2007 ,"'Independent' ","'19' ","'Men' ","'Scotland' ",285
2007 ,"'Independent' ","'19' ","'Men' ","'Wales' ",55
2007 ,"'Independent' ","'19' ","'Women' ","'England' ",2495
2007 ,"'Independent' ","'19' ","'Women' ","'Northern Ireland' ",5
2007 ,"'Independent' ","'19' ","'Women' ","'Scotland' ",235
2007 ,"'Independent' ","'19' ","'Women' ","'Wales' ",40
2007 ,"'Sixth form college' ","'18' ","'Men' ","'England' ",14505
2007 ,"'Sixth form college' ","'18' ","'Men' ","'Northern Ireland' ",15
2007 ,"'Sixth form college' ","'18' ","'Men' ","'Wales' ",145
2007 ,"'Sixth form college' ","'18' ","'Women' ","'England' ",19605
2007 ,"'Sixth form college' ","'18' ","'Women' ","'Northern Ireland' ",20
2007 ,"'Sixth form college' ","'18' ","'Women' ","'Wales' ",190
2007 ,"'Sixth form college' ","'19' ","'Men' ","'England' ",5725
2007 ,"'Sixth form college' ","'19' ","'Men' ","'Northern Ireland' ",15
2007 ,"'Sixth form college' ","'19' ","'Men' ","'Wales' ",105
2007 ,"'Sixth form college' ","'19' ","'Women' ","'England' ",6255
2007 ,"'Sixth form college' ","'19' ","'Women' ","'Northern Ireland' ",25
2007 ,"'Sixth form college' ","'19' ","'Women' ","'Wales' ",140
2007 ,"'State' ","'18' ","'Men' ","'England' ",14990
2007 ,"'State' ","'18' ","'Men' ","'Northern Ireland' ",595
2007 ,"'State' ","'18' ","'Men' ","'Scotland' ",5055
2007 ,"'State' ","'18' ","'Men' ","'Wales' ",2955
2007 ,"'State' ","'18' ","'Women' ","'England' ",19050
2007 ,"'State' ","'18' ","'Women' ","'Northern Ireland' ",1180
2007 ,"'State' ","'18' ","'Women' ","'Scotland' ",6300
2007 ,"'State' ","'18' ","'Women' ","'Wales' ",3700
2007 ,"'State' ","'19' ","'Men' ","'England' ",3780
2007 ,"'State' ","'19' ","'Men' ","'Northern Ireland' ",105
2007 ,"'State' ","'19' ","'Men' ","'Scotland' ",625
2007 ,"'State' ","'19' ","'Men' ","'Wales' ",395
2007 ,"'State' ","'19' ","'Women' ","'England' ",3815
2007 ,"'State' ","'19' ","'Women' ","'Northern Ireland' ",135
2007 ,"'State' ","'19' ","'Women' ","'Scotland' ",610
2007 ,"'State' ","'19' ","'Women' ","'Wales' ",415
2007 ,"'Other' ","'18' ","'Men' ","'England' ",2105
2007 ,"'Other' ","'18' ","'Men' ","'Northern Ireland' ",30
2007 ,"'Other' ","'18' ","'Men' ","'Scotland' ",55
2007 ,"'Other' ","'18' ","'Men' ","'Wales' ",90
2007 ,"'Other' ","'18' ","'Women' ","'England' ",3075
2007 ,"'Other' ","'18' ","'Women' ","'Northern Ireland' ",55
2007 ,"'Other' ","'18' ","'Women' ","'Scotland' ",85
2007 ,"'Other' ","'18' ","'Women' ","'Wales' ",115
2007 ,"'Other' ","'19' ","'Men' ","'England' ",4470
2007 ,"'Other' ","'19' ","'Men' ","'Northern Ireland' ",115
2007 ,"'Other' ","'19' ","'Men' ","'Scotland' ",180
2007 ,"'Other' ","'19' ","'Men' ","'Wales' ",260
2007 ,"'Other' ","'19' ","'Women' ","'England' ",7230
2007 ,"'Other' ","'19' ","'Women' ","'Northern Ireland' ",220
2007 ,"'Other' ","'19' ","'Women' ","'Scotland' ",255
2007 ,"'Other' ","'19' ","'Women' ","'Wales' ",415
2008 ,"'Academy' ","'18' ","'Men' ","'England' ",22675
2008 ,"'Academy' ","'18' ","'Men' ","'Wales' ",10
2008 ,"'Academy' ","'18' ","'Women' ","'England' ",28435
2008 ,"'Academy' ","'18' ","'Women' ","'Scotland' ",15
2008 ,"'Academy' ","'18' ","'Women' ","'Wales' ",20
2008 ,"'Academy' ","'19' ","'Men' ","'England' ",4920
2008 ,"'Academy' ","'19' ","'Men' ","'Scotland' ",5
2008 ,"'Academy' ","'19' ","'Men' ","'Wales' ",5
2008 ,"'Academy' ","'19' ","'Women' ","'England' ",5365
2008 ,"'Academy' ","'19' ","'Women' ","'Scotland' ",10
2008 ,"'Academy' ","'19' ","'Women' ","'Wales' ",5
2008 ,"'Further education' ","'18' ","'Men' ","'England' ",6880
2008 ,"'Further education' ","'18' ","'Men' ","'Northern Ireland' ",275
2008 ,"'Further education' ","'18' ","'Men' ","'Scotland' ",80
2008 ,"'Further education' ","'18' ","'Men' ","'Wales' ",635
2008 ,"'Further education' ","'18' ","'Women' ","'England' ",9685
2008 ,"'Further education' ","'18' ","'Women' ","'Northern Ireland' ",265
2008 ,"'Further education' ","'18' ","'Women' ","'Scotland' ",155
2008 ,"'Further education' ","'18' ","'Women' ","'Wales' ",920
2008 ,"'Further education' ","'19' ","'Men' ","'England' ",6050
2008 ,"'Further education' ","'19' ","'Men' ","'Northern Ireland' ",195
2008 ,"'Further education' ","'19' ","'Men' ","'Scotland' ",320
2008 ,"'Further education' ","'19' ","'Men' ","'Wales' ",445
2008 ,"'Further education' ","'19' ","'Women' ","'England' ",7340
2008 ,"'Further education' ","'19' ","'Women' ","'Northern Ireland' ",275
2008 ,"'Further education' ","'19' ","'Women' ","'Scotland' ",545
2008 ,"'Further education' ","'19' ","'Women' ","'Wales' ",515
2008 ,"'Grammar' ","'18' ","'Men' ","'England' ",1615
2008 ,"'Grammar' ","'18' ","'Men' ","'Northern Ireland' ",2850
2008 ,"'Grammar' ","'18' ","'Women' ","'England' ",1755
2008 ,"'Grammar' ","'18' ","'Women' ","'Northern Ireland' ",3485
2008 ,"'Grammar' ","'19' ","'Men' ","'England' ",300
2008 ,"'Grammar' ","'19' ","'Men' ","'Northern Ireland' ",335
2008 ,"'Grammar' ","'19' ","'Women' ","'England' ",275
2008 ,"'Grammar' ","'19' ","'Women' ","'Northern Ireland' ",395
2008 ,"'Independent' ","'18' ","'Men' ","'England' ",10650
2008 ,"'Independent' ","'18' ","'Men' ","'Northern Ireland' ",35
2008 ,"'Independent' ","'18' ","'Men' ","'Scotland' ",880
2008 ,"'Independent' ","'18' ","'Men' ","'Wales' ",235
2008 ,"'Independent' ","'18' ","'Women' ","'England' ",10465
2008 ,"'Independent' ","'18' ","'Women' ","'Northern Ireland' ",55
2008 ,"'Independent' ","'18' ","'Women' ","'Scotland' ",950
2008 ,"'Independent' ","'18' ","'Women' ","'Wales' ",270
2008 ,"'Independent' ","'19' ","'Men' ","'England' ",3275
2008 ,"'Independent' ","'19' ","'Men' ","'Northern Ireland' ",5
2008 ,"'Independent' ","'19' ","'Men' ","'Scotland' ",280
2008 ,"'Independent' ","'19' ","'Men' ","'Wales' ",60
2008 ,"'Independent' ","'19' ","'Women' ","'England' ",2840
2008 ,"'Independent' ","'19' ","'Women' ","'Northern Ireland' ",15
2008 ,"'Independent' ","'19' ","'Women' ","'Scotland' ",255
2008 ,"'Independent' ","'19' ","'Women' ","'Wales' ",60
2008 ,"'Sixth form college' ","'18' ","'Men' ","'England' ",15550
2008 ,"'Sixth form college' ","'18' ","'Men' ","'Northern Ireland' ",15
2008 ,"'Sixth form college' ","'18' ","'Men' ","'Scotland' ",5
2008 ,"'Sixth form college' ","'18' ","'Men' ","'Wales' ",135
2008 ,"'Sixth form college' ","'18' ","'Women' ","'England' ",21515
2008 ,"'Sixth form college' ","'18' ","'Women' ","'Northern Ireland' ",25
2008 ,"'Sixth form college' ","'18' ","'Women' ","'Wales' ",220
2008 ,"'Sixth form college' ","'19' ","'Men' ","'England' ",6530
2008 ,"'Sixth form college' ","'19' ","'Men' ","'Northern Ireland' ",15
2008 ,"'Sixth form college' ","'19' ","'Men' ","'Scotland' ",5
2008 ,"'Sixth form college' ","'19' ","'Men' ","'Wales' ",115
2008 ,"'Sixth form college' ","'19' ","'Women' ","'England' ",7695
2008 ,"'Sixth form college' ","'19' ","'Women' ","'Northern Ireland' ",25
2008 ,"'Sixth form college' ","'19' ","'Women' ","'Scotland' ",5
2008 ,"'Sixth form college' ","'19' ","'Women' ","'Wales' ",160
2008 ,"'State' ","'18' ","'Men' ","'England' ",15755
2008 ,"'State' ","'18' ","'Men' ","'Northern Ireland' ",595
2008 ,"'State' ","'18' ","'Men' ","'Scotland' ",5295
2008 ,"'State' ","'18' ","'Men' ","'Wales' ",2970
2008 ,"'State' ","'18' ","'Women' ","'England' ",20540
2008 ,"'State' ","'18' ","'Women' ","'Northern Ireland' ",1245
2008 ,"'State' ","'18' ","'Women' ","'Scotland' ",6505
2008 ,"'State' ","'18' ","'Women' ","'Wales' ",4030
2008 ,"'State' ","'19' ","'Men' ","'England' ",4465
2008 ,"'State' ","'19' ","'Men' ","'Northern Ireland' ",125
2008 ,"'State' ","'19' ","'Men' ","'Scotland' ",610
2008 ,"'State' ","'19' ","'Men' ","'Wales' ",520
2008 ,"'State' ","'19' ","'Women' ","'England' ",4970
2008 ,"'State' ","'19' ","'Women' ","'Northern Ireland' ",200
2008 ,"'State' ","'19' ","'Women' ","'Scotland' ",695
2008 ,"'State' ","'19' ","'Women' ","'Wales' ",590
2008 ,"'Other' ","'18' ","'Men' ","'England' ",2215
2008 ,"'Other' ","'18' ","'Men' ","'Northern Ireland' ",20
2008 ,"'Other' ","'18' ","'Men' ","'Scotland' ",40
2008 ,"'Other' ","'18' ","'Men' ","'Wales' ",85
2008 ,"'Other' ","'18' ","'Women' ","'England' ",3320
2008 ,"'Other' ","'18' ","'Women' ","'Northern Ireland' ",65
2008 ,"'Other' ","'18' ","'Women' ","'Scotland' ",55
2008 ,"'Other' ","'18' ","'Women' ","'Wales' ",125
2008 ,"'Other' ","'19' ","'Men' ","'England' ",3315
2008 ,"'Other' ","'19' ","'Men' ","'Northern Ireland' ",45
2008 ,"'Other' ","'19' ","'Men' ","'Scotland' ",120
2008 ,"'Other' ","'19' ","'Men' ","'Wales' ",130
2008 ,"'Other' ","'19' ","'Women' ","'England' ",5435
2008 ,"'Other' ","'19' ","'Women' ","'Northern Ireland' ",105
2008 ,"'Other' ","'19' ","'Women' ","'Scotland' ",165
2008 ,"'Other' ","'19' ","'Women' ","'Wales' ",280
2009 ,"'Academy' ","'18' ","'Men' ","'England' ",23760
2009 ,"'Academy' ","'18' ","'Men' ","'Scotland' ",15
2009 ,"'Academy' ","'18' ","'Men' ","'Wales' ",15
2009 ,"'Academy' ","'18' ","'Women' ","'England' ",29400
2009 ,"'Academy' ","'18' ","'Women' ","'Scotland' ",5
2009 ,"'Academy' ","'18' ","'Women' ","'Wales' ",25
2009 ,"'Academy' ","'19' ","'Men' ","'England' ",5565
2009 ,"'Academy' ","'19' ","'Men' ","'Scotland' ",5
2009 ,"'Academy' ","'19' ","'Men' ","'Wales' ",10
2009 ,"'Academy' ","'19' ","'Women' ","'England' ",5750
2009 ,"'Academy' ","'19' ","'Women' ","'Scotland' ",5
2009 ,"'Academy' ","'19' ","'Women' ","'Wales' ",5
2009 ,"'Further education' ","'18' ","'Men' ","'England' ",7465
2009 ,"'Further education' ","'18' ","'Men' ","'Northern Ireland' ",260
2009 ,"'Further education' ","'18' ","'Men' ","'Scotland' ",75
2009 ,"'Further education' ","'18' ","'Men' ","'Wales' ",745
2009 ,"'Further education' ","'18' ","'Women' ","'England' ",10125
2009 ,"'Further education' ","'18' ","'Women' ","'Northern Ireland' ",295
2009 ,"'Further education' ","'18' ","'Women' ","'Scotland' ",165
2009 ,"'Further education' ","'18' ","'Women' ","'Wales' ",1080
2009 ,"'Further education' ","'19' ","'Men' ","'England' ",6725
2009 ,"'Further education' ","'19' ","'Men' ","'Northern Ireland' ",230
2009 ,"'Further education' ","'19' ","'Men' ","'Scotland' ",410
2009 ,"'Further education' ","'19' ","'Men' ","'Wales' ",560
2009 ,"'Further education' ","'19' ","'Women' ","'England' ",8070
2009 ,"'Further education' ","'19' ","'Women' ","'Northern Ireland' ",270
2009 ,"'Further education' ","'19' ","'Women' ","'Scotland' ",630
2009 ,"'Further education' ","'19' ","'Women' ","'Wales' ",650
2009 ,"'Grammar' ","'18' ","'Men' ","'England' ",1580
2009 ,"'Grammar' ","'18' ","'Men' ","'Northern Ireland' ",2965
2009 ,"'Grammar' ","'18' ","'Women' ","'England' ",1655
2009 ,"'Grammar' ","'18' ","'Women' ","'Northern Ireland' ",3505
2009 ,"'Grammar' ","'19' ","'Men' ","'England' ",300
2009 ,"'Grammar' ","'19' ","'Men' ","'Northern Ireland' ",345
2009 ,"'Grammar' ","'19' ","'Women' ","'England' ",315
2009 ,"'Grammar' ","'19' ","'Women' ","'Northern Ireland' ",340
2009 ,"'Independent' ","'18' ","'Men' ","'England' ",10610
2009 ,"'Independent' ","'18' ","'Men' ","'Northern Ireland' ",40
2009 ,"'Independent' ","'18' ","'Men' ","'Scotland' ",915
2009 ,"'Independent' ","'18' ","'Men' ","'Wales' ",260
2009 ,"'Independent' ","'18' ","'Women' ","'England' ",10375
2009 ,"'Independent' ","'18' ","'Women' ","'Northern Ireland' ",55
2009 ,"'Independent' ","'18' ","'Women' ","'Scotland' ",945
2009 ,"'Independent' ","'18' ","'Women' ","'Wales' ",265
2009 ,"'Independent' ","'19' ","'Men' ","'England' ",3530
2009 ,"'Independent' ","'19' ","'Men' ","'Northern Ireland' ",10
2009 ,"'Independent' ","'19' ","'Men' ","'Scotland' ",320
2009 ,"'Independent' ","'19' ","'Men' ","'Wales' ",50
2009 ,"'Independent' ","'19' ","'Women' ","'England' ",2995
2009 ,"'Independent' ","'19' ","'Women' ","'Northern Ireland' ",10
2009 ,"'Independent' ","'19' ","'Women' ","'Scotland' ",255
2009 ,"'Independent' ","'19' ","'Women' ","'Wales' ",75
2009 ,"'Sixth form college' ","'18' ","'Men' ","'England' ",16660
2009 ,"'Sixth form college' ","'18' ","'Men' ","'Northern Ireland' ",25
2009 ,"'Sixth form college' ","'18' ","'Men' ","'Scotland' ",5
2009 ,"'Sixth form college' ","'18' ","'Men' ","'Wales' ",185
2009 ,"'Sixth form college' ","'18' ","'Women' ","'England' ",22960
2009 ,"'Sixth form college' ","'18' ","'Women' ","'Northern Ireland' ",15
2009 ,"'Sixth form college' ","'18' ","'Women' ","'Wales' ",260
2009 ,"'Sixth form college' ","'19' ","'Men' ","'England' ",7175
2009 ,"'Sixth form college' ","'19' ","'Men' ","'Northern Ireland' ",15
2009 ,"'Sixth form college' ","'19' ","'Men' ","'Wales' ",165
2009 ,"'Sixth form college' ","'19' ","'Women' ","'England' ",8195
2009 ,"'Sixth form college' ","'19' ","'Women' ","'Northern Ireland' ",25
2009 ,"'Sixth form college' ","'19' ","'Women' ","'Scotland' ",5
2009 ,"'Sixth form college' ","'19' ","'Women' ","'Wales' ",165
2009 ,"'State' ","'18' ","'Men' ","'England' ",16265
2009 ,"'State' ","'18' ","'Men' ","'Northern Ireland' ",720
2009 ,"'State' ","'18' ","'Men' ","'Scotland' ",5550
2009 ,"'State' ","'18' ","'Men' ","'Wales' ",3190
2009 ,"'State' ","'18' ","'Women' ","'England' ",20400
2009 ,"'State' ","'18' ","'Women' ","'Northern Ireland' ",1310
2009 ,"'State' ","'18' ","'Women' ","'Scotland' ",6755
2009 ,"'State' ","'18' ","'Women' ","'Wales' ",4135
2009 ,"'State' ","'19' ","'Men' ","'England' ",4940
2009 ,"'State' ","'19' ","'Men' ","'Northern Ireland' ",105
2009 ,"'State' ","'19' ","'Men' ","'Scotland' ",735
2009 ,"'State' ","'19' ","'Men' ","'Wales' ",570
2009 ,"'State' ","'19' ","'Women' ","'England' ",5170
2009 ,"'State' ","'19' ","'Women' ","'Northern Ireland' ",175
2009 ,"'State' ","'19' ","'Women' ","'Scotland' ",715
2009 ,"'State' ","'19' ","'Women' ","'Wales' ",585
2009 ,"'Other' ","'18' ","'Men' ","'England' ",2380
2009 ,"'Other' ","'18' ","'Men' ","'Northern Ireland' ",25
2009 ,"'Other' ","'18' ","'Men' ","'Scotland' ",60
2009 ,"'Other' ","'18' ","'Men' ","'Wales' ",90
2009 ,"'Other' ","'18' ","'Women' ","'England' ",3465
2009 ,"'Other' ","'18' ","'Women' ","'Northern Ireland' ",45
2009 ,"'Other' ","'18' ","'Women' ","'Scotland' ",75
2009 ,"'Other' ","'18' ","'Women' ","'Wales' ",115
2009 ,"'Other' ","'19' ","'Men' ","'England' ",3385
2009 ,"'Other' ","'19' ","'Men' ","'Northern Ireland' ",30
2009 ,"'Other' ","'19' ","'Men' ","'Scotland' ",130
2009 ,"'Other' ","'19' ","'Men' ","'Wales' ",110
2009 ,"'Other' ","'19' ","'Women' ","'England' ",5605
2009 ,"'Other' ","'19' ","'Women' ","'Northern Ireland' ",30
2009 ,"'Other' ","'19' ","'Women' ","'Scotland' ",180
2009 ,"'Other' ","'19' ","'Women' ","'Wales' ",230
2010 ,"'Academy' ","'18' ","'Men' ","'England' ",24775
2010 ,"'Academy' ","'18' ","'Men' ","'Scotland' ",10
2010 ,"'Academy' ","'18' ","'Men' ","'Wales' ",25
2010 ,"'Academy' ","'18' ","'Women' ","'England' ",30160
2010 ,"'Academy' ","'18' ","'Women' ","'Scotland' ",15
2010 ,"'Academy' ","'18' ","'Women' ","'Wales' ",35
2010 ,"'Academy' ","'19' ","'Men' ","'England' ",5675
2010 ,"'Academy' ","'19' ","'Men' ","'Scotland' ",5
2010 ,"'Academy' ","'19' ","'Women' ","'England' ",5750
2010 ,"'Academy' ","'19' ","'Women' ","'Scotland' ",10
2010 ,"'Academy' ","'19' ","'Women' ","'Wales' ",10
2010 ,"'Further education' ","'18' ","'Men' ","'England' ",7745
2010 ,"'Further education' ","'18' ","'Men' ","'Northern Ireland' ",300
2010 ,"'Further education' ","'18' ","'Men' ","'Scotland' ",65
2010 ,"'Further education' ","'18' ","'Men' ","'Wales' ",700
2010 ,"'Further education' ","'18' ","'Women' ","'England' ",9810
2010 ,"'Further education' ","'18' ","'Women' ","'Northern Ireland' ",260
2010 ,"'Further education' ","'18' ","'Women' ","'Scotland' ",190
2010 ,"'Further education' ","'18' ","'Women' ","'Wales' ",975
2010 ,"'Further education' ","'19' ","'Men' ","'England' ",6970
2010 ,"'Further education' ","'19' ","'Men' ","'Northern Ireland' ",280
2010 ,"'Further education' ","'19' ","'Men' ","'Scotland' ",405
2010 ,"'Further education' ","'19' ","'Men' ","'Wales' ",510
2010 ,"'Further education' ","'19' ","'Women' ","'England' ",7780
2010 ,"'Further education' ","'19' ","'Women' ","'Northern Ireland' ",290
2010 ,"'Further education' ","'19' ","'Women' ","'Scotland' ",695
2010 ,"'Further education' ","'19' ","'Women' ","'Wales' ",650
2010 ,"'Grammar' ","'18' ","'Men' ","'England' ",1575
2010 ,"'Grammar' ","'18' ","'Men' ","'Northern Ireland' ",2720
2010 ,"'Grammar' ","'18' ","'Women' ","'England' ",1735
2010 ,"'Grammar' ","'18' ","'Women' ","'Northern Ireland' ",3335
2010 ,"'Grammar' ","'19' ","'Men' ","'England' ",295
2010 ,"'Grammar' ","'19' ","'Men' ","'Northern Ireland' ",320
2010 ,"'Grammar' ","'19' ","'Women' ","'England' ",335
2010 ,"'Grammar' ","'19' ","'Women' ","'Northern Ireland' ",300
2010 ,"'Independent' ","'18' ","'Men' ","'England' ",10600
2010 ,"'Independent' ","'18' ","'Men' ","'Northern Ireland' ",30
2010 ,"'Independent' ","'18' ","'Men' ","'Scotland' ",860
2010 ,"'Independent' ","'18' ","'Men' ","'Wales' ",250
2010 ,"'Independent' ","'18' ","'Women' ","'England' ",10355
2010 ,"'Independent' ","'18' ","'Women' ","'Northern Ireland' ",55
2010 ,"'Independent' ","'18' ","'Women' ","'Scotland' ",940
2010 ,"'Independent' ","'18' ","'Women' ","'Wales' ",250
2010 ,"'Independent' ","'19' ","'Men' ","'England' ",3590
2010 ,"'Independent' ","'19' ","'Men' ","'Northern Ireland' ",10
2010 ,"'Independent' ","'19' ","'Men' ","'Scotland' ",270
2010 ,"'Independent' ","'19' ","'Men' ","'Wales' ",75
2010 ,"'Independent' ","'19' ","'Women' ","'England' ",3075
2010 ,"'Independent' ","'19' ","'Women' ","'Northern Ireland' ",5
2010 ,"'Independent' ","'19' ","'Women' ","'Scotland' ",260
2010 ,"'Independent' ","'19' ","'Women' ","'Wales' ",60
2010 ,"'Sixth form college' ","'18' ","'Men' ","'England' ",16990
2010 ,"'Sixth form college' ","'18' ","'Men' ","'Northern Ireland' ",10
2010 ,"'Sixth form college' ","'18' ","'Men' ","'Wales' ",195
2010 ,"'Sixth form college' ","'18' ","'Women' ","'England' ",23020
2010 ,"'Sixth form college' ","'18' ","'Women' ","'Northern Ireland' ",15
2010 ,"'Sixth form college' ","'18' ","'Women' ","'Wales' ",255
2010 ,"'Sixth form college' ","'19' ","'Men' ","'England' ",7415
2010 ,"'Sixth form college' ","'19' ","'Men' ","'Northern Ireland' ",25
2010 ,"'Sixth form college' ","'19' ","'Men' ","'Scotland' ",5
2010 ,"'Sixth form college' ","'19' ","'Men' ","'Wales' ",125
2010 ,"'Sixth form college' ","'19' ","'Women' ","'England' ",8150
2010 ,"'Sixth form college' ","'19' ","'Women' ","'Northern Ireland' ",30
2010 ,"'Sixth form college' ","'19' ","'Women' ","'Scotland' ",5
2010 ,"'Sixth form college' ","'19' ","'Women' ","'Wales' ",165
2010 ,"'State' ","'18' ","'Men' ","'England' ",16015
2010 ,"'State' ","'18' ","'Men' ","'Northern Ireland' ",745
2010 ,"'State' ","'18' ","'Men' ","'Scotland' ",5445
2010 ,"'State' ","'18' ","'Men' ","'Wales' ",2970
2010 ,"'State' ","'18' ","'Women' ","'England' ",19545
2010 ,"'State' ","'18' ","'Women' ","'Northern Ireland' ",1180
2010 ,"'State' ","'18' ","'Women' ","'Scotland' ",7150
2010 ,"'State' ","'18' ","'Women' ","'Wales' ",3985
2010 ,"'State' ","'19' ","'Men' ","'England' ",4705
2010 ,"'State' ","'19' ","'Men' ","'Northern Ireland' ",105
2010 ,"'State' ","'19' ","'Men' ","'Scotland' ",610
2010 ,"'State' ","'19' ","'Men' ","'Wales' ",470
2010 ,"'State' ","'19' ","'Women' ","'England' ",4875
2010 ,"'State' ","'19' ","'Women' ","'Northern Ireland' ",135
2010 ,"'State' ","'19' ","'Women' ","'Scotland' ",635
2010 ,"'State' ","'19' ","'Women' ","'Wales' ",505
2010 ,"'Other' ","'18' ","'Men' ","'England' ",2390
2010 ,"'Other' ","'18' ","'Men' ","'Northern Ireland' ",20
2010 ,"'Other' ","'18' ","'Men' ","'Scotland' ",65
2010 ,"'Other' ","'18' ","'Men' ","'Wales' ",95
2010 ,"'Other' ","'18' ","'Women' ","'England' ",3350
2010 ,"'Other' ","'18' ","'Women' ","'Northern Ireland' ",60
2010 ,"'Other' ","'18' ","'Women' ","'Scotland' ",125
2010 ,"'Other' ","'18' ","'Women' ","'Wales' ",95
2010 ,"'Other' ","'19' ","'Men' ","'England' ",5600
2010 ,"'Other' ","'19' ","'Men' ","'Northern Ireland' ",135
2010 ,"'Other' ","'19' ","'Men' ","'Scotland' ",310
2010 ,"'Other' ","'19' ","'Men' ","'Wales' ",260
2010 ,"'Other' ","'19' ","'Women' ","'England' ",8335
2010 ,"'Other' ","'19' ","'Women' ","'Northern Ireland' ",180
2010 ,"'Other' ","'19' ","'Women' ","'Scotland' ",450
2010 ,"'Other' ","'19' ","'Women' ","'Wales' ",405
2011 ,"'Academy' ","'18' ","'Men' ","'England' ",26530
2011 ,"'Academy' ","'18' ","'Men' ","'Scotland' ",5
2011 ,"'Academy' ","'18' ","'Men' ","'Wales' ",10
2011 ,"'Academy' ","'18' ","'Women' ","'England' ",32005
2011 ,"'Academy' ","'18' ","'Women' ","'Scotland' ",10
2011 ,"'Academy' ","'18' ","'Women' ","'Wales' ",20
2011 ,"'Academy' ","'19' ","'Men' ","'England' ",5985
2011 ,"'Academy' ","'19' ","'Men' ","'Scotland' ",5
2011 ,"'Academy' ","'19' ","'Men' ","'Wales' ",5
2011 ,"'Academy' ","'19' ","'Women' ","'England' ",5725
2011 ,"'Academy' ","'19' ","'Women' ","'Scotland' ",5
2011 ,"'Further education' ","'18' ","'Men' ","'England' ",7745
2011 ,"'Further education' ","'18' ","'Men' ","'Northern Ireland' ",215
2011 ,"'Further education' ","'18' ","'Men' ","'Scotland' ",60
2011 ,"'Further education' ","'18' ","'Men' ","'Wales' ",505
2011 ,"'Further education' ","'18' ","'Women' ","'England' ",9520
2011 ,"'Further education' ","'18' ","'Women' ","'Northern Ireland' ",240
2011 ,"'Further education' ","'18' ","'Women' ","'Scotland' ",125
2011 ,"'Further education' ","'18' ","'Women' ","'Wales' ",720
2011 ,"'Further education' ","'19' ","'Men' ","'England' ",6685
2011 ,"'Further education' ","'19' ","'Men' ","'Northern Ireland' ",275
2011 ,"'Further education' ","'19' ","'Men' ","'Scotland' ",385
2011 ,"'Further education' ","'19' ","'Men' ","'Wales' ",400
2011 ,"'Further education' ","'19' ","'Women' ","'England' ",7635
2011 ,"'Further education' ","'19' ","'Women' ","'Northern Ireland' ",250
2011 ,"'Further education' ","'19' ","'Women' ","'Scotland' ",595
2011 ,"'Further education' ","'19' ","'Women' ","'Wales' ",510
2011 ,"'Grammar' ","'18' ","'Men' ","'England' ",1670
2011 ,"'Grammar' ","'18' ","'Men' ","'Northern Ireland' ",2800
2011 ,"'Grammar' ","'18' ","'Women' ","'England' ",1690
2011 ,"'Grammar' ","'18' ","'Women' ","'Northern Ireland' ",3245
2011 ,"'Grammar' ","'19' ","'Men' ","'England' ",290
2011 ,"'Grammar' ","'19' ","'Men' ","'Northern Ireland' ",365
2011 ,"'Grammar' ","'19' ","'Women' ","'England' ",320
2011 ,"'Grammar' ","'19' ","'Women' ","'Northern Ireland' ",360
2011 ,"'Independent' ","'18' ","'Men' ","'England' ",10565
2011 ,"'Independent' ","'18' ","'Men' ","'Northern Ireland' ",35
2011 ,"'Independent' ","'18' ","'Men' ","'Scotland' ",835
2011 ,"'Independent' ","'18' ","'Men' ","'Wales' ",215
2011 ,"'Independent' ","'18' ","'Women' ","'England' ",10350
2011 ,"'Independent' ","'18' ","'Women' ","'Northern Ireland' ",55
2011 ,"'Independent' ","'18' ","'Women' ","'Scotland' ",950
2011 ,"'Independent' ","'18' ","'Women' ","'Wales' ",240
2011 ,"'Independent' ","'19' ","'Men' ","'England' ",3425
2011 ,"'Independent' ","'19' ","'Men' ","'Northern Ireland' ",5
2011 ,"'Independent' ","'19' ","'Men' ","'Scotland' ",285
2011 ,"'Independent' ","'19' ","'Men' ","'Wales' ",65
2011 ,"'Independent' ","'19' ","'Women' ","'England' ",2840
2011 ,"'Independent' ","'19' ","'Women' ","'Northern Ireland' ",5
2011 ,"'Independent' ","'19' ","'Women' ","'Scotland' ",265
2011 ,"'Independent' ","'19' ","'Women' ","'Wales' ",60
2011 ,"'Sixth form college' ","'18' ","'Men' ","'England' ",17655
2011 ,"'Sixth form college' ","'18' ","'Men' ","'Northern Ireland' ",15
2011 ,"'Sixth form college' ","'18' ","'Men' ","'Wales' ",350
2011 ,"'Sixth form college' ","'18' ","'Women' ","'England' ",23900
2011 ,"'Sixth form college' ","'18' ","'Women' ","'Northern Ireland' ",20
2011 ,"'Sixth form college' ","'18' ","'Women' ","'Scotland' ",5
2011 ,"'Sixth form college' ","'18' ","'Women' ","'Wales' ",485
2011 ,"'Sixth form college' ","'19' ","'Men' ","'England' ",6945
2011 ,"'Sixth form college' ","'19' ","'Men' ","'Northern Ireland' ",30
2011 ,"'Sixth form college' ","'19' ","'Men' ","'Scotland' ",5
2011 ,"'Sixth form college' ","'19' ","'Men' ","'Wales' ",250
2011 ,"'Sixth form college' ","'19' ","'Women' ","'England' ",7785
2011 ,"'Sixth form college' ","'19' ","'Women' ","'Northern Ireland' ",25
2011 ,"'Sixth form college' ","'19' ","'Women' ","'Wales' ",280
2011 ,"'State' ","'18' ","'Men' ","'England' ",16405
2011 ,"'State' ","'18' ","'Men' ","'Northern Ireland' ",720
2011 ,"'State' ","'18' ","'Men' ","'Scotland' ",5125
2011 ,"'State' ","'18' ","'Men' ","'Wales' ",2945
2011 ,"'State' ","'18' ","'Women' ","'England' ",20210
2011 ,"'State' ","'18' ","'Women' ","'Northern Ireland' ",1160
2011 ,"'State' ","'18' ","'Women' ","'Scotland' ",6685
2011 ,"'State' ","'18' ","'Women' ","'Wales' ",3830
2011 ,"'State' ","'19' ","'Men' ","'England' ",5100
2011 ,"'State' ","'19' ","'Men' ","'Northern Ireland' ",115
2011 ,"'State' ","'19' ","'Men' ","'Scotland' ",475
2011 ,"'State' ","'19' ","'Men' ","'Wales' ",475
2011 ,"'State' ","'19' ","'Women' ","'England' ",4720
2011 ,"'State' ","'19' ","'Women' ","'Northern Ireland' ",165
2011 ,"'State' ","'19' ","'Women' ","'Scotland' ",500
2011 ,"'State' ","'19' ","'Women' ","'Wales' ",485
2011 ,"'Other' ","'18' ","'Men' ","'England' ",2480
2011 ,"'Other' ","'18' ","'Men' ","'Northern Ireland' ",25
2011 ,"'Other' ","'18' ","'Men' ","'Scotland' ",95
2011 ,"'Other' ","'18' ","'Men' ","'Wales' ",70
2011 ,"'Other' ","'18' ","'Women' ","'England' ",3460
2011 ,"'Other' ","'18' ","'Women' ","'Northern Ireland' ",55
2011 ,"'Other' ","'18' ","'Women' ","'Scotland' ",155
2011 ,"'Other' ","'18' ","'Women' ","'Wales' ",65
2011 ,"'Other' ","'19' ","'Men' ","'England' ",7805
2011 ,"'Other' ","'19' ","'Men' ","'Northern Ireland' ",230
2011 ,"'Other' ","'19' ","'Men' ","'Scotland' ",490
2011 ,"'Other' ","'19' ","'Men' ","'Wales' ",325
2011 ,"'Other' ","'19' ","'Women' ","'England' ",11245
2011 ,"'Other' ","'19' ","'Women' ","'Northern Ireland' ",355
2011 ,"'Other' ","'19' ","'Women' ","'Scotland' ",770
2011 ,"'Other' ","'19' ","'Women' ","'Wales' ",530
2012 ,"'Academy' ","'18' ","'Men' ","'England' ",25470
2012 ,"'Academy' ","'18' ","'Men' ","'Scotland' ",10
2012 ,"'Academy' ","'18' ","'Men' ","'Wales' ",45
2012 ,"'Academy' ","'18' ","'Women' ","'England' ",31845
2012 ,"'Academy' ","'18' ","'Women' ","'Scotland' ",15
2012 ,"'Academy' ","'18' ","'Women' ","'Wales' ",25
2012 ,"'Academy' ","'19' ","'Men' ","'England' ",4445
2012 ,"'Academy' ","'19' ","'Men' ","'Scotland' ",5
2012 ,"'Academy' ","'19' ","'Men' ","'Wales' ",5
2012 ,"'Academy' ","'19' ","'Women' ","'England' ",4665
2012 ,"'Academy' ","'19' ","'Women' ","'Scotland' ",5
2012 ,"'Academy' ","'19' ","'Women' ","'Wales' ",5
2012 ,"'Further education' ","'18' ","'Men' ","'England' ",7135
2012 ,"'Further education' ","'18' ","'Men' ","'Northern Ireland' ",185
2012 ,"'Further education' ","'18' ","'Men' ","'Scotland' ",45
2012 ,"'Further education' ","'18' ","'Men' ","'Wales' ",510
2012 ,"'Further education' ","'18' ","'Women' ","'England' ",8990
2012 ,"'Further education' ","'18' ","'Women' ","'Northern Ireland' ",175
2012 ,"'Further education' ","'18' ","'Women' ","'Scotland' ",115
2012 ,"'Further education' ","'18' ","'Women' ","'Wales' ",720
2012 ,"'Further education' ","'19' ","'Men' ","'England' ",5795
2012 ,"'Further education' ","'19' ","'Men' ","'Northern Ireland' ",225
2012 ,"'Further education' ","'19' ","'Men' ","'Scotland' ",415
2012 ,"'Further education' ","'19' ","'Men' ","'Wales' ",395
2012 ,"'Further education' ","'19' ","'Women' ","'England' ",6635
2012 ,"'Further education' ","'19' ","'Women' ","'Northern Ireland' ",235
2012 ,"'Further education' ","'19' ","'Women' ","'Scotland' ",675
2012 ,"'Further education' ","'19' ","'Women' ","'Wales' ",535
2012 ,"'Grammar' ","'18' ","'Men' ","'England' ",1560
2012 ,"'Grammar' ","'18' ","'Men' ","'Northern Ireland' ",2710
2012 ,"'Grammar' ","'18' ","'Women' ","'England' ",1625
2012 ,"'Grammar' ","'18' ","'Women' ","'Northern Ireland' ",3260
2012 ,"'Grammar' ","'19' ","'Men' ","'England' ",220
2012 ,"'Grammar' ","'19' ","'Men' ","'Northern Ireland' ",270
2012 ,"'Grammar' ","'19' ","'Women' ","'England' ",180
2012 ,"'Grammar' ","'19' ","'Women' ","'Northern Ireland' ",265
2012 ,"'Independent' ","'18' ","'Men' ","'England' ",10520
2012 ,"'Independent' ","'18' ","'Men' ","'Northern Ireland' ",40
2012 ,"'Independent' ","'18' ","'Men' ","'Scotland' ",835
2012 ,"'Independent' ","'18' ","'Men' ","'Wales' ",240
2012 ,"'Independent' ","'18' ","'Women' ","'England' ",10750
2012 ,"'Independent' ","'18' ","'Women' ","'Northern Ireland' ",50
2012 ,"'Independent' ","'18' ","'Women' ","'Scotland' ",915
2012 ,"'Independent' ","'18' ","'Women' ","'Wales' ",285
2012 ,"'Independent' ","'19' ","'Men' ","'England' ",2725
2012 ,"'Independent' ","'19' ","'Men' ","'Northern Ireland' ",5
2012 ,"'Independent' ","'19' ","'Men' ","'Scotland' ",320
2012 ,"'Independent' ","'19' ","'Men' ","'Wales' ",70
2012 ,"'Independent' ","'19' ","'Women' ","'England' ",2170
2012 ,"'Independent' ","'19' ","'Women' ","'Northern Ireland' ",5
2012 ,"'Independent' ","'19' ","'Women' ","'Scotland' ",260
2012 ,"'Independent' ","'19' ","'Women' ","'Wales' ",70
2012 ,"'Sixth form college' ","'18' ","'Men' ","'England' ",16755
2012 ,"'Sixth form college' ","'18' ","'Men' ","'Northern Ireland' ",10
2012 ,"'Sixth form college' ","'18' ","'Men' ","'Scotland' ",5
2012 ,"'Sixth form college' ","'18' ","'Men' ","'Wales' ",355
2012 ,"'Sixth form college' ","'18' ","'Women' ","'England' ",22820
2012 ,"'Sixth form college' ","'18' ","'Women' ","'Northern Ireland' ",15
2012 ,"'Sixth form college' ","'18' ","'Women' ","'Wales' ",500
2012 ,"'Sixth form college' ","'19' ","'Men' ","'England' ",6165
2012 ,"'Sixth form college' ","'19' ","'Men' ","'Northern Ireland' ",30
2012 ,"'Sixth form college' ","'19' ","'Men' ","'Scotland' ",5
2012 ,"'Sixth form college' ","'19' ","'Men' ","'Wales' ",245
2012 ,"'Sixth form college' ","'19' ","'Women' ","'England' ",6565
2012 ,"'Sixth form college' ","'19' ","'Women' ","'Northern Ireland' ",20
2012 ,"'Sixth form college' ","'19' ","'Women' ","'Scotland' ",5
2012 ,"'Sixth form college' ","'19' ","'Women' ","'Wales' ",250
2012 ,"'State' ","'18' ","'Men' ","'England' ",15060
2012 ,"'State' ","'18' ","'Men' ","'Northern Ireland' ",700
2012 ,"'State' ","'18' ","'Men' ","'Scotland' ",5035
2012 ,"'State' ","'18' ","'Men' ","'Wales' ",2900
2012 ,"'State' ","'18' ","'Women' ","'England' ",19220
2012 ,"'State' ","'18' ","'Women' ","'Northern Ireland' ",1180
2012 ,"'State' ","'18' ","'Women' ","'Scotland' ",6915
2012 ,"'State' ","'18' ","'Women' ","'Wales' ",3970
2012 ,"'State' ","'19' ","'Men' ","'England' ",3930
2012 ,"'State' ","'19' ","'Men' ","'Northern Ireland' ",115
2012 ,"'State' ","'19' ","'Men' ","'Scotland' ",525
2012 ,"'State' ","'19' ","'Men' ","'Wales' ",525
2012 ,"'State' ","'19' ","'Women' ","'England' ",3685
2012 ,"'State' ","'19' ","'Women' ","'Northern Ireland' ",165
2012 ,"'State' ","'19' ","'Women' ","'Scotland' ",515
2012 ,"'State' ","'19' ","'Women' ","'Wales' ",500
2012 ,"'Other' ","'18' ","'Men' ","'England' ",2330
2012 ,"'Other' ","'18' ","'Men' ","'Northern Ireland' ",20
2012 ,"'Other' ","'18' ","'Men' ","'Scotland' ",70
2012 ,"'Other' ","'18' ","'Men' ","'Wales' ",55
2012 ,"'Other' ","'18' ","'Women' ","'England' ",3255
2012 ,"'Other' ","'18' ","'Women' ","'Northern Ireland' ",60
2012 ,"'Other' ","'18' ","'Women' ","'Scotland' ",145
2012 ,"'Other' ","'18' ","'Women' ","'Wales' ",80
2012 ,"'Other' ","'19' ","'Men' ","'England' ",6600
2012 ,"'Other' ","'19' ","'Men' ","'Northern Ireland' ",250
2012 ,"'Other' ","'19' ","'Men' ","'Scotland' ",475
2012 ,"'Other' ","'19' ","'Men' ","'Wales' ",340
2012 ,"'Other' ","'19' ","'Women' ","'England' ",9405
2012 ,"'Other' ","'19' ","'Women' ","'Northern Ireland' ",320
2012 ,"'Other' ","'19' ","'Women' ","'Scotland' ",785
2012 ,"'Other' ","'19' ","'Women' ","'Wales' ",510
2013 ,"'Academy' ","'18' ","'Men' ","'England' ",27240
2013 ,"'Academy' ","'18' ","'Men' ","'Scotland' ",5
2013 ,"'Academy' ","'18' ","'Men' ","'Wales' ",25
2013 ,"'Academy' ","'18' ","'Women' ","'England' ",34020
2013 ,"'Academy' ","'18' ","'Women' ","'Scotland' ",10
2013 ,"'Academy' ","'18' ","'Women' ","'Wales' ",25
2013 ,"'Academy' ","'19' ","'Men' ","'England' ",5880
2013 ,"'Academy' ","'19' ","'Men' ","'Scotland' ",5
2013 ,"'Academy' ","'19' ","'Men' ","'Wales' ",5
2013 ,"'Academy' ","'19' ","'Women' ","'England' ",5985
2013 ,"'Academy' ","'19' ","'Women' ","'Scotland' ",5
2013 ,"'Academy' ","'19' ","'Women' ","'Wales' ",5
2013 ,"'Further education' ","'18' ","'Men' ","'England' ",7685
2013 ,"'Further education' ","'18' ","'Men' ","'Northern Ireland' ",195
2013 ,"'Further education' ","'18' ","'Men' ","'Scotland' ",40
2013 ,"'Further education' ","'18' ","'Men' ","'Wales' ",520
2013 ,"'Further education' ","'18' ","'Women' ","'England' ",9895
2013 ,"'Further education' ","'18' ","'Women' ","'Northern Ireland' ",155
2013 ,"'Further education' ","'18' ","'Women' ","'Scotland' ",80
2013 ,"'Further education' ","'18' ","'Women' ","'Wales' ",750
2013 ,"'Further education' ","'19' ","'Men' ","'England' ",6755
2013 ,"'Further education' ","'19' ","'Men' ","'Northern Ireland' ",280
2013 ,"'Further education' ","'19' ","'Men' ","'Scotland' ",295
2013 ,"'Further education' ","'19' ","'Men' ","'Wales' ",440
2013 ,"'Further education' ","'19' ","'Women' ","'England' ",7585
2013 ,"'Further education' ","'19' ","'Women' ","'Northern Ireland' ",305
2013 ,"'Further education' ","'19' ","'Women' ","'Scotland' ",570
2013 ,"'Further education' ","'19' ","'Women' ","'Wales' ",570
2013 ,"'Grammar' ","'18' ","'Men' ","'England' ",1700
2013 ,"'Grammar' ","'18' ","'Men' ","'Northern Ireland' ",2835
2013 ,"'Grammar' ","'18' ","'Women' ","'England' ",1670
2013 ,"'Grammar' ","'18' ","'Women' ","'Northern Ireland' ",3345
2013 ,"'Grammar' ","'19' ","'Men' ","'England' ",260
2013 ,"'Grammar' ","'19' ","'Men' ","'Northern Ireland' ",320
2013 ,"'Grammar' ","'19' ","'Women' ","'England' ",215
2013 ,"'Grammar' ","'19' ","'Women' ","'Northern Ireland' ",315
2013 ,"'Independent' ","'18' ","'Men' ","'England' ",10485
2013 ,"'Independent' ","'18' ","'Men' ","'Northern Ireland' ",40
2013 ,"'Independent' ","'18' ","'Men' ","'Scotland' ",850
2013 ,"'Independent' ","'18' ","'Men' ","'Wales' ",220
2013 ,"'Independent' ","'18' ","'Women' ","'England' ",10390
2013 ,"'Independent' ","'18' ","'Women' ","'Northern Ireland' ",55
2013 ,"'Independent' ","'18' ","'Women' ","'Scotland' ",935
2013 ,"'Independent' ","'18' ","'Women' ","'Wales' ",250
2013 ,"'Independent' ","'19' ","'Men' ","'England' ",3000
2013 ,"'Independent' ","'19' ","'Men' ","'Northern Ireland' ",5
2013 ,"'Independent' ","'19' ","'Men' ","'Scotland' ",295
2013 ,"'Independent' ","'19' ","'Men' ","'Wales' ",50
2013 ,"'Independent' ","'19' ","'Women' ","'England' ",2325
2013 ,"'Independent' ","'19' ","'Women' ","'Northern Ireland' ",5
2013 ,"'Independent' ","'19' ","'Women' ","'Scotland' ",240
2013 ,"'Independent' ","'19' ","'Women' ","'Wales' ",65
2013 ,"'Sixth form college' ","'18' ","'Men' ","'England' ",16955
2013 ,"'Sixth form college' ","'18' ","'Men' ","'Northern Ireland' ",45
2013 ,"'Sixth form college' ","'18' ","'Men' ","'Scotland' ",10
2013 ,"'Sixth form college' ","'18' ","'Men' ","'Wales' ",335
2013 ,"'Sixth form college' ","'18' ","'Women' ","'England' ",22965
2013 ,"'Sixth form college' ","'18' ","'Women' ","'Northern Ireland' ",5
2013 ,"'Sixth form college' ","'18' ","'Women' ","'Scotland' ",5
2013 ,"'Sixth form college' ","'18' ","'Women' ","'Wales' ",475
2013 ,"'Sixth form college' ","'19' ","'Men' ","'England' ",6885
2013 ,"'Sixth form college' ","'19' ","'Men' ","'Northern Ireland' ",25
2013 ,"'Sixth form college' ","'19' ","'Men' ","'Scotland' ",85
2013 ,"'Sixth form college' ","'19' ","'Men' ","'Wales' ",255
2013 ,"'Sixth form college' ","'19' ","'Women' ","'England' ",7495
2013 ,"'Sixth form college' ","'19' ","'Women' ","'Northern Ireland' ",30
2013 ,"'Sixth form college' ","'19' ","'Women' ","'Scotland' ",115
2013 ,"'Sixth form college' ","'19' ","'Women' ","'Wales' ",285
2013 ,"'State' ","'18' ","'Men' ","'England' ",15495
2013 ,"'State' ","'18' ","'Men' ","'Northern Ireland' ",755
2013 ,"'State' ","'18' ","'Men' ","'Scotland' ",5050
2013 ,"'State' ","'18' ","'Men' ","'Wales' ",2975
2013 ,"'State' ","'18' ","'Women' ","'England' ",19810
2013 ,"'State' ","'18' ","'Women' ","'Northern Ireland' ",1225
2013 ,"'State' ","'18' ","'Women' ","'Scotland' ",6930
2013 ,"'State' ","'18' ","'Women' ","'Wales' ",3905
2013 ,"'State' ","'19' ","'Men' ","'England' ",4550
2013 ,"'State' ","'19' ","'Men' ","'Northern Ireland' ",115
2013 ,"'State' ","'19' ","'Men' ","'Scotland' ",490
2013 ,"'State' ","'19' ","'Men' ","'Wales' ",500
2013 ,"'State' ","'19' ","'Women' ","'England' ",4370
2013 ,"'State' ","'19' ","'Women' ","'Northern Ireland' ",195
2013 ,"'State' ","'19' ","'Women' ","'Scotland' ",535
2013 ,"'State' ","'19' ","'Women' ","'Wales' ",470
2013 ,"'Other' ","'18' ","'Men' ","'England' ",2420
2013 ,"'Other' ","'18' ","'Men' ","'Northern Ireland' ",20
2013 ,"'Other' ","'18' ","'Men' ","'Scotland' ",75
2013 ,"'Other' ","'18' ","'Men' ","'Wales' ",55
2013 ,"'Other' ","'18' ","'Women' ","'England' ",3090
2013 ,"'Other' ","'18' ","'Women' ","'Northern Ireland' ",60
2013 ,"'Other' ","'18' ","'Women' ","'Scotland' ",140
2013 ,"'Other' ","'18' ","'Women' ","'Wales' ",75
2013 ,"'Other' ","'19' ","'Men' ","'England' ",7755
2013 ,"'Other' ","'19' ","'Men' ","'Northern Ireland' ",250
2013 ,"'Other' ","'19' ","'Men' ","'Scotland' ",490
2013 ,"'Other' ","'19' ","'Men' ","'Wales' ",320
2013 ,"'Other' ","'19' ","'Women' ","'England' ",10755
2013 ,"'Other' ","'19' ","'Women' ","'Northern Ireland' ",410
2013 ,"'Other' ","'19' ","'Women' ","'Scotland' ",745
2013 ,"'Other' ","'19' ","'Women' ","'Wales' ",545
2014 ,"'Academy' ","'18' ","'Men' ","'England' ",28045
2014 ,"'Academy' ","'18' ","'Men' ","'Scotland' ",5
2014 ,"'Academy' ","'18' ","'Men' ","'Wales' ",15
2014 ,"'Academy' ","'18' ","'Women' ","'England' ",34900
2014 ,"'Academy' ","'18' ","'Women' ","'Scotland' ",10
2014 ,"'Academy' ","'18' ","'Women' ","'Wales' ",25
2014 ,"'Academy' ","'19' ","'Men' ","'England' ",5900
2014 ,"'Academy' ","'19' ","'Men' ","'Scotland' ",5
2014 ,"'Academy' ","'19' ","'Men' ","'Wales' ",5
2014 ,"'Academy' ","'19' ","'Women' ","'England' ",6070
2014 ,"'Academy' ","'19' ","'Women' ","'Scotland' ",5
2014 ,"'Academy' ","'19' ","'Women' ","'Wales' ",5
2014 ,"'Further education' ","'18' ","'Men' ","'England' ",8265
2014 ,"'Further education' ","'18' ","'Men' ","'Northern Ireland' ",190
2014 ,"'Further education' ","'18' ","'Men' ","'Scotland' ",35
2014 ,"'Further education' ","'18' ","'Men' ","'Wales' ",580
2014 ,"'Further education' ","'18' ","'Women' ","'England' ",10395
2014 ,"'Further education' ","'18' ","'Women' ","'Northern Ireland' ",170
2014 ,"'Further education' ","'18' ","'Women' ","'Scotland' ",100
2014 ,"'Further education' ","'18' ","'Women' ","'Wales' ",800
2014 ,"'Further education' ","'19' ","'Men' ","'England' ",6855
2014 ,"'Further education' ","'19' ","'Men' ","'Northern Ireland' ",305
2014 ,"'Further education' ","'19' ","'Men' ","'Scotland' ",370
2014 ,"'Further education' ","'19' ","'Men' ","'Wales' ",410
2014 ,"'Further education' ","'19' ","'Women' ","'England' ",7700
2014 ,"'Further education' ","'19' ","'Women' ","'Northern Ireland' ",310
2014 ,"'Further education' ","'19' ","'Women' ","'Scotland' ",715
2014 ,"'Further education' ","'19' ","'Women' ","'Wales' ",535
2014 ,"'Grammar' ","'18' ","'Men' ","'England' ",1740
2014 ,"'Grammar' ","'18' ","'Men' ","'Northern Ireland' ",2670
2014 ,"'Grammar' ","'18' ","'Women' ","'England' ",1755
2014 ,"'Grammar' ","'18' ","'Women' ","'Northern Ireland' ",3225
2014 ,"'Grammar' ","'19' ","'Men' ","'England' ",255
2014 ,"'Grammar' ","'19' ","'Men' ","'Northern Ireland' ",335
2014 ,"'Grammar' ","'19' ","'Women' ","'England' ",225
2014 ,"'Grammar' ","'19' ","'Women' ","'Northern Ireland' ",255
2014 ,"'Independent' ","'18' ","'Men' ","'England' ",10500
2014 ,"'Independent' ","'18' ","'Men' ","'Northern Ireland' ",45
2014 ,"'Independent' ","'18' ","'Men' ","'Scotland' ",875
2014 ,"'Independent' ","'18' ","'Men' ","'Wales' ",230
2014 ,"'Independent' ","'18' ","'Women' ","'England' ",10420
2014 ,"'Independent' ","'18' ","'Women' ","'Northern Ireland' ",45
2014 ,"'Independent' ","'18' ","'Women' ","'Scotland' ",965
2014 ,"'Independent' ","'18' ","'Women' ","'Wales' ",275
2014 ,"'Independent' ","'19' ","'Men' ","'England' ",2890
2014 ,"'Independent' ","'19' ","'Men' ","'Northern Ireland' ",5
2014 ,"'Independent' ","'19' ","'Men' ","'Scotland' ",300
2014 ,"'Independent' ","'19' ","'Men' ","'Wales' ",55
2014 ,"'Independent' ","'19' ","'Women' ","'England' ",2470
2014 ,"'Independent' ","'19' ","'Women' ","'Northern Ireland' ",5
2014 ,"'Independent' ","'19' ","'Women' ","'Scotland' ",250
2014 ,"'Independent' ","'19' ","'Women' ","'Wales' ",80
2014 ,"'Sixth form college' ","'18' ","'Men' ","'England' ",17305
2014 ,"'Sixth form college' ","'18' ","'Men' ","'Northern Ireland' ",45
2014 ,"'Sixth form college' ","'18' ","'Men' ","'Wales' ",360
2014 ,"'Sixth form college' ","'18' ","'Women' ","'England' ",23465
2014 ,"'Sixth form college' ","'18' ","'Women' ","'Northern Ireland' ",10
2014 ,"'Sixth form college' ","'18' ","'Women' ","'Scotland' ",10
2014 ,"'Sixth form college' ","'18' ","'Women' ","'Wales' ",610
2014 ,"'Sixth form college' ","'19' ","'Men' ","'England' ",7030
2014 ,"'Sixth form college' ","'19' ","'Men' ","'Northern Ireland' ",40
2014 ,"'Sixth form college' ","'19' ","'Men' ","'Scotland' ",5
2014 ,"'Sixth form college' ","'19' ","'Men' ","'Wales' ",290
2014 ,"'Sixth form college' ","'19' ","'Women' ","'England' ",7785
2014 ,"'Sixth form college' ","'19' ","'Women' ","'Northern Ireland' ",40
2014 ,"'Sixth form college' ","'19' ","'Women' ","'Scotland' ",5
2014 ,"'Sixth form college' ","'19' ","'Women' ","'Wales' ",350
2014 ,"'State' ","'18' ","'Men' ","'England' ",16185
2014 ,"'State' ","'18' ","'Men' ","'Northern Ireland' ",745
2014 ,"'State' ","'18' ","'Men' ","'Scotland' ",4980
2014 ,"'State' ","'18' ","'Men' ","'Wales' ",3045
2014 ,"'State' ","'18' ","'Women' ","'England' ",20545
2014 ,"'State' ","'18' ","'Women' ","'Northern Ireland' ",1195
2014 ,"'State' ","'18' ","'Women' ","'Scotland' ",7065
2014 ,"'State' ","'18' ","'Women' ","'Wales' ",3860
2014 ,"'State' ","'19' ","'Men' ","'England' ",4535
2014 ,"'State' ","'19' ","'Men' ","'Northern Ireland' ",120
2014 ,"'State' ","'19' ","'Men' ","'Scotland' ",570
2014 ,"'State' ","'19' ","'Men' ","'Wales' ",520
2014 ,"'State' ","'19' ","'Women' ","'England' ",4450
2014 ,"'State' ","'19' ","'Women' ","'Northern Ireland' ",215
2014 ,"'State' ","'19' ","'Women' ","'Scotland' ",575
2014 ,"'State' ","'19' ","'Women' ","'Wales' ",520
2014 ,"'Other' ","'18' ","'Men' ","'England' ",2550
2014 ,"'Other' ","'18' ","'Men' ","'Northern Ireland' ",25
2014 ,"'Other' ","'18' ","'Men' ","'Scotland' ",75
2014 ,"'Other' ","'18' ","'Men' ","'Wales' ",90
2014 ,"'Other' ","'18' ","'Women' ","'England' ",3435
2014 ,"'Other' ","'18' ","'Women' ","'Northern Ireland' ",80
2014 ,"'Other' ","'18' ","'Women' ","'Scotland' ",110
2014 ,"'Other' ","'18' ","'Women' ","'Wales' ",90
2014 ,"'Other' ","'19' ","'Men' ","'England' ",7915
2014 ,"'Other' ","'19' ","'Men' ","'Northern Ireland' ",265
2014 ,"'Other' ","'19' ","'Men' ","'Scotland' ",415
2014 ,"'Other' ","'19' ","'Men' ","'Wales' ",365
2014 ,"'Other' ","'19' ","'Women' ","'England' ",11225
2014 ,"'Other' ","'19' ","'Women' ","'Northern Ireland' ",370
2014 ,"'Other' ","'19' ","'Women' ","'Scotland' ",725
2014 ,"'Other' ","'19' ","'Women' ","'Wales' ",555
2015 ,"'Academy' ","'18' ","'Men' ","'England' ",29325
2015 ,"'Academy' ","'18' ","'Men' ","'Scotland' ",30
2015 ,"'Academy' ","'18' ","'Men' ","'Wales' ",20
2015 ,"'Academy' ","'18' ","'Women' ","'England' ",37750
2015 ,"'Academy' ","'18' ","'Women' ","'Northern Ireland' ",5
2015 ,"'Academy' ","'18' ","'Women' ","'Scotland' ",40
2015 ,"'Academy' ","'18' ","'Women' ","'Wales' ",25
2015 ,"'Academy' ","'19' ","'Men' ","'England' ",6310
2015 ,"'Academy' ","'19' ","'Men' ","'Scotland' ",5
2015 ,"'Academy' ","'19' ","'Men' ","'Wales' ",5
2015 ,"'Academy' ","'19' ","'Women' ","'England' ",6320
2015 ,"'Academy' ","'19' ","'Women' ","'Scotland' ",5
2015 ,"'Academy' ","'19' ","'Women' ","'Wales' ",5
2015 ,"'Further education' ","'18' ","'Men' ","'England' ",8320
2015 ,"'Further education' ","'18' ","'Men' ","'Northern Ireland' ",250
2015 ,"'Further education' ","'18' ","'Men' ","'Scotland' ",45
2015 ,"'Further education' ","'18' ","'Men' ","'Wales' ",615
2015 ,"'Further education' ","'18' ","'Women' ","'England' ",10640
2015 ,"'Further education' ","'18' ","'Women' ","'Northern Ireland' ",175
2015 ,"'Further education' ","'18' ","'Women' ","'Scotland' ",75
2015 ,"'Further education' ","'18' ","'Women' ","'Wales' ",820
2015 ,"'Further education' ","'19' ","'Men' ","'England' ",6685
2015 ,"'Further education' ","'19' ","'Men' ","'Northern Ireland' ",300
2015 ,"'Further education' ","'19' ","'Men' ","'Scotland' ",310
2015 ,"'Further education' ","'19' ","'Men' ","'Wales' ",425
2015 ,"'Further education' ","'19' ","'Women' ","'England' ",7675
2015 ,"'Further education' ","'19' ","'Women' ","'Northern Ireland' ",295
2015 ,"'Further education' ","'19' ","'Women' ","'Scotland' ",680
2015 ,"'Further education' ","'19' ","'Women' ","'Wales' ",500
2015 ,"'Grammar' ","'18' ","'Men' ","'England' ",1630
2015 ,"'Grammar' ","'18' ","'Men' ","'Northern Ireland' ",2530
2015 ,"'Grammar' ","'18' ","'Women' ","'England' ",1740
2015 ,"'Grammar' ","'18' ","'Women' ","'Northern Ireland' ",3190
2015 ,"'Grammar' ","'18' ","'Women' ","'Scotland' ",5
2015 ,"'Grammar' ","'19' ","'Men' ","'England' ",280
2015 ,"'Grammar' ","'19' ","'Men' ","'Northern Ireland' ",300
2015 ,"'Grammar' ","'19' ","'Women' ","'England' ",280
2015 ,"'Grammar' ","'19' ","'Women' ","'Northern Ireland' ",280
2015 ,"'Independent' ","'18' ","'Men' ","'England' ",10915
2015 ,"'Independent' ","'18' ","'Men' ","'Northern Ireland' ",35
2015 ,"'Independent' ","'18' ","'Men' ","'Scotland' ",815
2015 ,"'Independent' ","'18' ","'Men' ","'Wales' ",265
2015 ,"'Independent' ","'18' ","'Women' ","'England' ",10980
2015 ,"'Independent' ","'18' ","'Women' ","'Northern Ireland' ",45
2015 ,"'Independent' ","'18' ","'Women' ","'Scotland' ",985
2015 ,"'Independent' ","'18' ","'Women' ","'Wales' ",285
2015 ,"'Independent' ","'19' ","'Men' ","'England' ",2855
2015 ,"'Independent' ","'19' ","'Men' ","'Scotland' ",315
2015 ,"'Independent' ","'19' ","'Men' ","'Wales' ",65
2015 ,"'Independent' ","'19' ","'Women' ","'England' ",2525
2015 ,"'Independent' ","'19' ","'Women' ","'Scotland' ",270
2015 ,"'Independent' ","'19' ","'Women' ","'Wales' ",75
2015 ,"'Sixth form college' ","'18' ","'Men' ","'England' ",17700
2015 ,"'Sixth form college' ","'18' ","'Men' ","'Northern Ireland' ",40
2015 ,"'Sixth form college' ","'18' ","'Men' ","'Scotland' ",5
2015 ,"'Sixth form college' ","'18' ","'Men' ","'Wales' ",445
2015 ,"'Sixth form college' ","'18' ","'Women' ","'England' ",25200
2015 ,"'Sixth form college' ","'18' ","'Women' ","'Northern Ireland' ",15
2015 ,"'Sixth form college' ","'18' ","'Women' ","'Wales' ",730
2015 ,"'Sixth form college' ","'19' ","'Men' ","'England' ",7170
2015 ,"'Sixth form college' ","'19' ","'Men' ","'Northern Ireland' ",30
2015 ,"'Sixth form college' ","'19' ","'Men' ","'Scotland' ",5
2015 ,"'Sixth form college' ","'19' ","'Men' ","'Wales' ",300
2015 ,"'Sixth form college' ","'19' ","'Women' ","'England' ",8175
2015 ,"'Sixth form college' ","'19' ","'Women' ","'Northern Ireland' ",40
2015 ,"'Sixth form college' ","'19' ","'Women' ","'Scotland' ",5
2015 ,"'Sixth form college' ","'19' ","'Women' ","'Wales' ",330
2015 ,"'State' ","'18' ","'Men' ","'England' ",16840
2015 ,"'State' ","'18' ","'Men' ","'Northern Ireland' ",665
2015 ,"'State' ","'18' ","'Men' ","'Scotland' ",4945
2015 ,"'State' ","'18' ","'Men' ","'Wales' ",2945
2015 ,"'State' ","'18' ","'Women' ","'England' ",21885
2015 ,"'State' ","'18' ","'Women' ","'Northern Ireland' ",1245
2015 ,"'State' ","'18' ","'Women' ","'Scotland' ",7130
2015 ,"'State' ","'18' ","'Women' ","'Wales' ",4105
2015 ,"'State' ","'19' ","'Men' ","'England' ",4795
2015 ,"'State' ","'19' ","'Men' ","'Northern Ireland' ",130
2015 ,"'State' ","'19' ","'Men' ","'Scotland' ",595
2015 ,"'State' ","'19' ","'Men' ","'Wales' ",465
2015 ,"'State' ","'19' ","'Women' ","'England' ",4725
2015 ,"'State' ","'19' ","'Women' ","'Northern Ireland' ",180
2015 ,"'State' ","'19' ","'Women' ","'Scotland' ",570
2015 ,"'State' ","'19' ","'Women' ","'Wales' ",460
2015 ,"'Other' ","'18' ","'Men' ","'England' ",2700
2015 ,"'Other' ","'18' ","'Men' ","'Northern Ireland' ",30
2015 ,"'Other' ","'18' ","'Men' ","'Scotland' ",100
2015 ,"'Other' ","'18' ","'Men' ","'Wales' ",85
2015 ,"'Other' ","'18' ","'Women' ","'England' ",3605
2015 ,"'Other' ","'18' ","'Women' ","'Northern Ireland' ",70
2015 ,"'Other' ","'18' ","'Women' ","'Scotland' ",150
2015 ,"'Other' ","'18' ","'Women' ","'Wales' ",100
2015 ,"'Other' ","'19' ","'Men' ","'England' ",7815
2015 ,"'Other' ","'19' ","'Men' ","'Northern Ireland' ",275
2015 ,"'Other' ","'19' ","'Men' ","'Scotland' ",485
2015 ,"'Other' ","'19' ","'Men' ","'Wales' ",390
2015 ,"'Other' ","'19' ","'Women' ","'England' ",11235
2015 ,"'Other' ","'19' ","'Women' ","'Northern Ireland' ",380
2015 ,"'Other' ","'19' ","'Women' ","'Scotland' ",845
2015 ,"'Other' ","'19' ","'Women' ","'Wales' ",590
2016 ,"'Academy' ","'18' ","'Men' ","'England' ",30575
2016 ,"'Academy' ","'18' ","'Men' ","'Scotland' ",30
2016 ,"'Academy' ","'18' ","'Men' ","'Wales' ",25
2016 ,"'Academy' ","'18' ","'Women' ","'England' ",38900
2016 ,"'Academy' ","'18' ","'Women' ","'Northern Ireland' ",10
2016 ,"'Academy' ","'18' ","'Women' ","'Scotland' ",35
2016 ,"'Academy' ","'18' ","'Women' ","'Wales' ",30
2016 ,"'Academy' ","'19' ","'Men' ","'England' ",5840
2016 ,"'Academy' ","'19' ","'Men' ","'Scotland' ",5
2016 ,"'Academy' ","'19' ","'Women' ","'England' ",6270
2016 ,"'Academy' ","'19' ","'Women' ","'Scotland' ",10
2016 ,"'Academy' ","'19' ","'Women' ","'Wales' ",5
2016 ,"'Further education' ","'18' ","'Men' ","'England' ",7995
2016 ,"'Further education' ","'18' ","'Men' ","'Northern Ireland' ",230
2016 ,"'Further education' ","'18' ","'Men' ","'Scotland' ",40
2016 ,"'Further education' ","'18' ","'Men' ","'Wales' ",550
2016 ,"'Further education' ","'18' ","'Women' ","'England' ",10230
2016 ,"'Further education' ","'18' ","'Women' ","'Northern Ireland' ",200
2016 ,"'Further education' ","'18' ","'Women' ","'Scotland' ",70
2016 ,"'Further education' ","'18' ","'Women' ","'Wales' ",850
2016 ,"'Further education' ","'19' ","'Men' ","'England' ",6970
2016 ,"'Further education' ","'19' ","'Men' ","'Northern Ireland' ",310
2016 ,"'Further education' ","'19' ","'Men' ","'Scotland' ",325
2016 ,"'Further education' ","'19' ","'Men' ","'Wales' ",470
2016 ,"'Further education' ","'19' ","'Women' ","'England' ",7525
2016 ,"'Further education' ","'19' ","'Women' ","'Northern Ireland' ",380
2016 ,"'Further education' ","'19' ","'Women' ","'Scotland' ",690
2016 ,"'Further education' ","'19' ","'Women' ","'Wales' ",575
2016 ,"'Grammar' ","'18' ","'Men' ","'England' ",1790
2016 ,"'Grammar' ","'18' ","'Men' ","'Northern Ireland' ",2570
2016 ,"'Grammar' ","'18' ","'Men' ","'Wales' ",5
2016 ,"'Grammar' ","'18' ","'Women' ","'England' ",1865
2016 ,"'Grammar' ","'18' ","'Women' ","'Northern Ireland' ",3220
2016 ,"'Grammar' ","'19' ","'Men' ","'England' ",285
2016 ,"'Grammar' ","'19' ","'Men' ","'Northern Ireland' ",370
2016 ,"'Grammar' ","'19' ","'Women' ","'England' ",310
2016 ,"'Grammar' ","'19' ","'Women' ","'Northern Ireland' ",360
2016 ,"'Independent' ","'18' ","'Men' ","'England' ",10930
2016 ,"'Independent' ","'18' ","'Men' ","'Northern Ireland' ",60
2016 ,"'Independent' ","'18' ","'Men' ","'Scotland' ",865
2016 ,"'Independent' ","'18' ","'Men' ","'Wales' ",250
2016 ,"'Independent' ","'18' ","'Women' ","'England' ",11025
2016 ,"'Independent' ","'18' ","'Women' ","'Northern Ireland' ",45
2016 ,"'Independent' ","'18' ","'Women' ","'Scotland' ",980
2016 ,"'Independent' ","'18' ","'Women' ","'Wales' ",290
2016 ,"'Independent' ","'19' ","'Men' ","'England' ",2810
2016 ,"'Independent' ","'19' ","'Men' ","'Northern Ireland' ",5
2016 ,"'Independent' ","'19' ","'Men' ","'Scotland' ",345
2016 ,"'Independent' ","'19' ","'Men' ","'Wales' ",75
2016 ,"'Independent' ","'19' ","'Women' ","'England' ",2545
2016 ,"'Independent' ","'19' ","'Women' ","'Scotland' ",310
2016 ,"'Independent' ","'19' ","'Women' ","'Wales' ",75
2016 ,"'Sixth form college' ","'18' ","'Men' ","'England' ",17765
2016 ,"'Sixth form college' ","'18' ","'Men' ","'Northern Ireland' ",40
2016 ,"'Sixth form college' ","'18' ","'Men' ","'Wales' ",455
2016 ,"'Sixth form college' ","'18' ","'Women' ","'England' ",25490
2016 ,"'Sixth form college' ","'18' ","'Women' ","'Northern Ireland' ",10
2016 ,"'Sixth form college' ","'18' ","'Women' ","'Scotland' ",5
2016 ,"'Sixth form college' ","'18' ","'Women' ","'Wales' ",720
2016 ,"'Sixth form college' ","'19' ","'Men' ","'England' ",6880
2016 ,"'Sixth form college' ","'19' ","'Men' ","'Northern Ireland' ",40
2016 ,"'Sixth form college' ","'19' ","'Men' ","'Wales' ",270
2016 ,"'Sixth form college' ","'19' ","'Women' ","'England' ",7935
2016 ,"'Sixth form college' ","'19' ","'Women' ","'Northern Ireland' ",35
2016 ,"'Sixth form college' ","'19' ","'Women' ","'Scotland' ",5
2016 ,"'Sixth form college' ","'19' ","'Women' ","'Wales' ",350
2016 ,"'State' ","'18' ","'Men' ","'England' ",17050
2016 ,"'State' ","'18' ","'Men' ","'Northern Ireland' ",730
2016 ,"'State' ","'18' ","'Men' ","'Scotland' ",4930
2016 ,"'State' ","'18' ","'Men' ","'Wales' ",3005
2016 ,"'State' ","'18' ","'Women' ","'England' ",22345
2016 ,"'State' ","'18' ","'Women' ","'Northern Ireland' ",1285
2016 ,"'State' ","'18' ","'Women' ","'Scotland' ",7265
2016 ,"'State' ","'18' ","'Women' ","'Wales' ",4150
2016 ,"'State' ","'19' ","'Men' ","'England' ",4330
2016 ,"'State' ","'19' ","'Men' ","'Northern Ireland' ",150
2016 ,"'State' ","'19' ","'Men' ","'Scotland' ",645
2016 ,"'State' ","'19' ","'Men' ","'Wales' ",505
2016 ,"'State' ","'19' ","'Women' ","'England' ",4475
2016 ,"'State' ","'19' ","'Women' ","'Northern Ireland' ",240
2016 ,"'State' ","'19' ","'Women' ","'Scotland' ",630
2016 ,"'State' ","'19' ","'Women' ","'Wales' ",440
2016 ,"'Other' ","'18' ","'Men' ","'England' ",2735
2016 ,"'Other' ","'18' ","'Men' ","'Northern Ireland' ",25
2016 ,"'Other' ","'18' ","'Men' ","'Scotland' ",105
2016 ,"'Other' ","'18' ","'Men' ","'Wales' ",75
2016 ,"'Other' ","'18' ","'Women' ","'England' ",3625
2016 ,"'Other' ","'18' ","'Women' ","'Northern Ireland' ",85
2016 ,"'Other' ","'18' ","'Women' ","'Scotland' ",160
2016 ,"'Other' ","'18' ","'Women' ","'Wales' ",105
2016 ,"'Other' ","'19' ","'Men' ","'England' ",8355
2016 ,"'Other' ","'19' ","'Men' ","'Northern Ireland' ",315
2016 ,"'Other' ","'19' ","'Men' ","'Scotland' ",480
2016 ,"'Other' ","'19' ","'Men' ","'Wales' ",380
2016 ,"'Other' ","'19' ","'Women' ","'England' ",11905
2016 ,"'Other' ","'19' ","'Women' ","'Northern Ireland' ",450
2016 ,"'Other' ","'19' ","'Women' ","'Scotland' ",805
2016 ,"'Other' ","'19' ","'Women' ","'Wales' ",605
