"Statistic:   Number of Acceptances"
"Variables:   Acceptance Route , Applicant Domicile (High Level) , Cycle Year"
"Coverage:   UK domiciled"
"For a list of key definitions and descriptions please refer to the PDF file provided - EOC_data_resource_2016-DR2_010_01.pdf"
 
Cycle Year,Acceptance Route , Applicant Domicile (High Level),Number of Acceptances,
2006 ,"'Firm choice' ","'England' ",214695
2006 ,"'Firm choice' ","'Northern Ireland' ",9385
2006 ,"'Firm choice' ","'Scotland' ",20705
2006 ,"'Firm choice' ","'Wales' ",12905
2006 ,"'Insurance choice' ","'England' ",15550
2006 ,"'Insurance choice' ","'Northern Ireland' ",1440
2006 ,"'Insurance choice' ","'Scotland' ",1405
2006 ,"'Insurance choice' ","'Wales' ",735
2006 ,"'Other main scheme choice' ","'England' ",9880
2006 ,"'Other main scheme choice' ","'Northern Ireland' ",200
2006 ,"'Other main scheme choice' ","'Scotland' ",1015
2006 ,"'Other main scheme choice' ","'Wales' ",550
2006 ,"'Extra' ","'England' ",2515
2006 ,"'Extra' ","'Northern Ireland' ",100
2006 ,"'Extra' ","'Scotland' ",135
2006 ,"'Extra' ","'Wales' ",170
2006 ,"'Main scheme Clearing' ","'England' ",21855
2006 ,"'Main scheme Clearing' ","'Northern Ireland' ",990
2006 ,"'Main scheme Clearing' ","'Scotland' ",1550
2006 ,"'Main scheme Clearing' ","'Wales' ",1100
2006 ,"'Direct Clearing' ","'England' ",7040
2006 ,"'Direct Clearing' ","'Northern Ireland' ",145
2006 ,"'Direct Clearing' ","'Scotland' ",435
2006 ,"'Direct Clearing' ","'Wales' ",505
2006 ,"'RPA' ","'England' ",16495
2006 ,"'RPA' ","'Northern Ireland' ",125
2006 ,"'RPA' ","'Scotland' ",1555
2006 ,"'RPA' ","'Wales' ",1175
2007 ,"'Firm choice' ","'England' ",227160
2007 ,"'Firm choice' ","'Northern Ireland' ",10230
2007 ,"'Firm choice' ","'Scotland' ",20955
2007 ,"'Firm choice' ","'Wales' ",13245
2007 ,"'Insurance choice' ","'England' ",17160
2007 ,"'Insurance choice' ","'Northern Ireland' ",1245
2007 ,"'Insurance choice' ","'Scotland' ",1405
2007 ,"'Insurance choice' ","'Wales' ",805
2007 ,"'Other main scheme choice' ","'England' ",10380
2007 ,"'Other main scheme choice' ","'Northern Ireland' ",225
2007 ,"'Other main scheme choice' ","'Scotland' ",995
2007 ,"'Other main scheme choice' ","'Wales' ",525
2007 ,"'Extra' ","'England' ",2940
2007 ,"'Extra' ","'Northern Ireland' ",145
2007 ,"'Extra' ","'Scotland' ",140
2007 ,"'Extra' ","'Wales' ",160
2007 ,"'Main scheme Clearing' ","'England' ",23015
2007 ,"'Main scheme Clearing' ","'Northern Ireland' ",890
2007 ,"'Main scheme Clearing' ","'Scotland' ",1490
2007 ,"'Main scheme Clearing' ","'Wales' ",1035
2007 ,"'Direct Clearing' ","'England' ",7055
2007 ,"'Direct Clearing' ","'Northern Ireland' ",210
2007 ,"'Direct Clearing' ","'Scotland' ",445
2007 ,"'Direct Clearing' ","'Wales' ",510
2007 ,"'RPA' ","'England' ",18075
2007 ,"'RPA' ","'Northern Ireland' ",55
2007 ,"'RPA' ","'Scotland' ",1790
2007 ,"'RPA' ","'Wales' ",1090
2008 ,"'Firm choice' ","'England' ",251120
2008 ,"'Firm choice' ","'Northern Ireland' ",10780
2008 ,"'Firm choice' ","'Scotland' ",21345
2008 ,"'Firm choice' ","'Wales' ",13960
2008 ,"'Insurance choice' ","'England' ",20160
2008 ,"'Insurance choice' ","'Northern Ireland' ",1090
2008 ,"'Insurance choice' ","'Scotland' ",1510
2008 ,"'Insurance choice' ","'Wales' ",840
2008 ,"'Other main scheme choice' ","'England' ",11585
2008 ,"'Other main scheme choice' ","'Northern Ireland' ",195
2008 ,"'Other main scheme choice' ","'Scotland' ",1035
2008 ,"'Other main scheme choice' ","'Wales' ",540
2008 ,"'Extra' ","'England' ",4255
2008 ,"'Extra' ","'Northern Ireland' ",150
2008 ,"'Extra' ","'Scotland' ",200
2008 ,"'Extra' ","'Wales' ",210
2008 ,"'Main scheme Clearing' ","'England' ",26140
2008 ,"'Main scheme Clearing' ","'Northern Ireland' ",865
2008 ,"'Main scheme Clearing' ","'Scotland' ",1520
2008 ,"'Main scheme Clearing' ","'Wales' ",1110
2008 ,"'Direct Clearing' ","'England' ",8300
2008 ,"'Direct Clearing' ","'Northern Ireland' ",265
2008 ,"'Direct Clearing' ","'Scotland' ",480
2008 ,"'Direct Clearing' ","'Wales' ",595
2008 ,"'RPA' ","'England' ",20880
2008 ,"'RPA' ","'Northern Ireland' ",85
2008 ,"'RPA' ","'Scotland' ",3295
2008 ,"'RPA' ","'Wales' ",1340
2009 ,"'Firm choice' ","'England' ",260745
2009 ,"'Firm choice' ","'Northern Ireland' ",10575
2009 ,"'Firm choice' ","'Scotland' ",22440
2009 ,"'Firm choice' ","'Wales' ",14820
2009 ,"'Insurance choice' ","'England' ",25030
2009 ,"'Insurance choice' ","'Northern Ireland' ",1470
2009 ,"'Insurance choice' ","'Scotland' ",1695
2009 ,"'Insurance choice' ","'Wales' ",1190
2009 ,"'Other main scheme choice' ","'England' ",15260
2009 ,"'Other main scheme choice' ","'Northern Ireland' ",250
2009 ,"'Other main scheme choice' ","'Scotland' ",1130
2009 ,"'Other main scheme choice' ","'Wales' ",845
2009 ,"'Extra' ","'England' ",4480
2009 ,"'Extra' ","'Northern Ireland' ",140
2009 ,"'Extra' ","'Scotland' ",175
2009 ,"'Extra' ","'Wales' ",205
2009 ,"'Adjustment' ","'England' ",290
2009 ,"'Adjustment' ","'Northern Ireland' ",25
2009 ,"'Adjustment' ","'Scotland' ",5
2009 ,"'Adjustment' ","'Wales' ",15
2009 ,"'Main scheme Clearing' ","'England' ",28940
2009 ,"'Main scheme Clearing' ","'Northern Ireland' ",860
2009 ,"'Main scheme Clearing' ","'Scotland' ",1805
2009 ,"'Main scheme Clearing' ","'Wales' ",1315
2009 ,"'Direct Clearing' ","'England' ",8400
2009 ,"'Direct Clearing' ","'Northern Ireland' ",225
2009 ,"'Direct Clearing' ","'Scotland' ",655
2009 ,"'Direct Clearing' ","'Wales' ",590
2009 ,"'RPA' ","'England' ",15980
2009 ,"'RPA' ","'Northern Ireland' ",60
2009 ,"'RPA' ","'Scotland' ",3120
2009 ,"'RPA' ","'Wales' ",1215
2010 ,"'Firm choice' ","'England' ",270070
2010 ,"'Firm choice' ","'Northern Ireland' ",10650
2010 ,"'Firm choice' ","'Scotland' ",24540
2010 ,"'Firm choice' ","'Wales' ",14350
2010 ,"'Insurance choice' ","'England' ",28260
2010 ,"'Insurance choice' ","'Northern Ireland' ",1595
2010 ,"'Insurance choice' ","'Scotland' ",1945
2010 ,"'Insurance choice' ","'Wales' ",1155
2010 ,"'Other main scheme choice' ","'England' ",8750
2010 ,"'Other main scheme choice' ","'Northern Ireland' ",155
2010 ,"'Other main scheme choice' ","'Scotland' ",770
2010 ,"'Other main scheme choice' ","'Wales' ",385
2010 ,"'Extra' ","'England' ",5550
2010 ,"'Extra' ","'Northern Ireland' ",190
2010 ,"'Extra' ","'Scotland' ",290
2010 ,"'Extra' ","'Wales' ",255
2010 ,"'Adjustment' ","'England' ",280
2010 ,"'Adjustment' ","'Northern Ireland' ",25
2010 ,"'Adjustment' ","'Wales' ",15
2010 ,"'Main scheme Clearing' ","'England' ",31065
2010 ,"'Main scheme Clearing' ","'Northern Ireland' ",745
2010 ,"'Main scheme Clearing' ","'Scotland' ",1700
2010 ,"'Main scheme Clearing' ","'Wales' ",1385
2010 ,"'Direct Clearing' ","'England' ",6440
2010 ,"'Direct Clearing' ","'Northern Ireland' ",95
2010 ,"'Direct Clearing' ","'Scotland' ",235
2010 ,"'Direct Clearing' ","'Wales' ",305
2010 ,"'RPA' ","'England' ",8590
2010 ,"'RPA' ","'Northern Ireland' ",55
2010 ,"'RPA' ","'Scotland' ",2765
2010 ,"'RPA' ","'Wales' ",825
2011 ,"'Firm choice' ","'England' ",269900
2011 ,"'Firm choice' ","'Northern Ireland' ",10830
2011 ,"'Firm choice' ","'Scotland' ",24340
2011 ,"'Firm choice' ","'Wales' ",14105
2011 ,"'Insurance choice' ","'England' ",30935
2011 ,"'Insurance choice' ","'Northern Ireland' ",1655
2011 ,"'Insurance choice' ","'Scotland' ",1805
2011 ,"'Insurance choice' ","'Wales' ",1155
2011 ,"'Other main scheme choice' ","'England' ",9135
2011 ,"'Other main scheme choice' ","'Northern Ireland' ",155
2011 ,"'Other main scheme choice' ","'Scotland' ",710
2011 ,"'Other main scheme choice' ","'Wales' ",375
2011 ,"'Extra' ","'England' ",7785
2011 ,"'Extra' ","'Northern Ireland' ",180
2011 ,"'Extra' ","'Scotland' ",360
2011 ,"'Extra' ","'Wales' ",320
2011 ,"'Adjustment' ","'England' ",470
2011 ,"'Adjustment' ","'Northern Ireland' ",20
2011 ,"'Adjustment' ","'Scotland' ",5
2011 ,"'Adjustment' ","'Wales' ",10
2011 ,"'Main scheme Clearing' ","'England' ",35590
2011 ,"'Main scheme Clearing' ","'Northern Ireland' ",830
2011 ,"'Main scheme Clearing' ","'Scotland' ",1220
2011 ,"'Main scheme Clearing' ","'Wales' ",1505
2011 ,"'Direct Clearing' ","'England' ",6805
2011 ,"'Direct Clearing' ","'Northern Ireland' ",70
2011 ,"'Direct Clearing' ","'Scotland' ",175
2011 ,"'Direct Clearing' ","'Wales' ",290
2011 ,"'RPA' ","'England' ",6530
2011 ,"'RPA' ","'Northern Ireland' ",55
2011 ,"'RPA' ","'Scotland' ",2185
2011 ,"'RPA' ","'Wales' ",565
2012 ,"'Firm choice' ","'England' ",252140
2012 ,"'Firm choice' ","'Northern Ireland' ",10405
2012 ,"'Firm choice' ","'Scotland' ",24465
2012 ,"'Firm choice' ","'Wales' ",14575
2012 ,"'Insurance choice' ","'England' ",21450
2012 ,"'Insurance choice' ","'Northern Ireland' ",1425
2012 ,"'Insurance choice' ","'Scotland' ",1760
2012 ,"'Insurance choice' ","'Wales' ",930
2012 ,"'Other main scheme choice' ","'England' ",7070
2012 ,"'Other main scheme choice' ","'Northern Ireland' ",120
2012 ,"'Other main scheme choice' ","'Scotland' ",615
2012 ,"'Other main scheme choice' ","'Wales' ",325
2012 ,"'Extra' ","'England' ",6370
2012 ,"'Extra' ","'Northern Ireland' ",160
2012 ,"'Extra' ","'Scotland' ",265
2012 ,"'Extra' ","'Wales' ",300
2012 ,"'Adjustment' ","'England' ",1160
2012 ,"'Adjustment' ","'Northern Ireland' ",25
2012 ,"'Adjustment' ","'Scotland' ",15
2012 ,"'Adjustment' ","'Wales' ",30
2012 ,"'Main scheme Clearing' ","'England' ",34920
2012 ,"'Main scheme Clearing' ","'Northern Ireland' ",980
2012 ,"'Main scheme Clearing' ","'Scotland' ",1420
2012 ,"'Main scheme Clearing' ","'Wales' ",1705
2012 ,"'Direct Clearing' ","'England' ",10340
2012 ,"'Direct Clearing' ","'Northern Ireland' ",120
2012 ,"'Direct Clearing' ","'Scotland' ",210
2012 ,"'Direct Clearing' ","'Wales' ",550
2012 ,"'RPA' ","'England' ",9300
2012 ,"'RPA' ","'Northern Ireland' ",50
2012 ,"'RPA' ","'Scotland' ",2145
2012 ,"'RPA' ","'Wales' ",900
2013 ,"'Firm choice' ","'England' ",269420
2013 ,"'Firm choice' ","'Northern Ireland' ",11455
2013 ,"'Firm choice' ","'Scotland' ",25255
2013 ,"'Firm choice' ","'Wales' ",14855
2013 ,"'Insurance choice' ","'England' ",23770
2013 ,"'Insurance choice' ","'Northern Ireland' ",1575
2013 ,"'Insurance choice' ","'Scotland' ",1580
2013 ,"'Insurance choice' ","'Wales' ",970
2013 ,"'Other main scheme choice' ","'England' ",9475
2013 ,"'Other main scheme choice' ","'Northern Ireland' ",125
2013 ,"'Other main scheme choice' ","'Scotland' ",495
2013 ,"'Other main scheme choice' ","'Wales' ",395
2013 ,"'Extra' ","'England' ",6190
2013 ,"'Extra' ","'Northern Ireland' ",215
2013 ,"'Extra' ","'Scotland' ",340
2013 ,"'Extra' ","'Wales' ",295
2013 ,"'Adjustment' ","'England' ",1055
2013 ,"'Adjustment' ","'Northern Ireland' ",30
2013 ,"'Adjustment' ","'Scotland' ",10
2013 ,"'Adjustment' ","'Wales' ",25
2013 ,"'Main scheme Clearing' ","'England' ",34320
2013 ,"'Main scheme Clearing' ","'Northern Ireland' ",955
2013 ,"'Main scheme Clearing' ","'Scotland' ",1320
2013 ,"'Main scheme Clearing' ","'Wales' ",1380
2013 ,"'Direct Clearing' ","'England' ",12715
2013 ,"'Direct Clearing' ","'Northern Ireland' ",165
2013 ,"'Direct Clearing' ","'Scotland' ",230
2013 ,"'Direct Clearing' ","'Wales' ",620
2013 ,"'RPA' ","'England' ",10950
2013 ,"'RPA' ","'Northern Ireland' ",30
2013 ,"'RPA' ","'Scotland' ",2270
2013 ,"'RPA' ","'Wales' ",1125
2014 ,"'Firm choice' ","'England' ",274540
2014 ,"'Firm choice' ","'Northern Ireland' ",11335
2014 ,"'Firm choice' ","'Scotland' ",26055
2014 ,"'Firm choice' ","'Wales' ",15420
2014 ,"'Insurance choice' ","'England' ",27155
2014 ,"'Insurance choice' ","'Northern Ireland' ",1535
2014 ,"'Insurance choice' ","'Scotland' ",1665
2014 ,"'Insurance choice' ","'Wales' ",1050
2014 ,"'Other main scheme choice' ","'England' ",9230
2014 ,"'Other main scheme choice' ","'Northern Ireland' ",115
2014 ,"'Other main scheme choice' ","'Scotland' ",490
2014 ,"'Other main scheme choice' ","'Wales' ",450
2014 ,"'Extra' ","'England' ",5985
2014 ,"'Extra' ","'Northern Ireland' ",185
2014 ,"'Extra' ","'Scotland' ",355
2014 ,"'Extra' ","'Wales' ",285
2014 ,"'Adjustment' ","'England' ",975
2014 ,"'Adjustment' ","'Northern Ireland' ",30
2014 ,"'Adjustment' ","'Scotland' ",10
2014 ,"'Adjustment' ","'Wales' ",30
2014 ,"'Main scheme Clearing' ","'England' ",38980
2014 ,"'Main scheme Clearing' ","'Northern Ireland' ",1055
2014 ,"'Main scheme Clearing' ","'Scotland' ",1135
2014 ,"'Main scheme Clearing' ","'Wales' ",1510
2014 ,"'Direct Clearing' ","'England' ",11785
2014 ,"'Direct Clearing' ","'Northern Ireland' ",165
2014 ,"'Direct Clearing' ","'Scotland' ",195
2014 ,"'Direct Clearing' ","'Wales' ",585
2014 ,"'RPA' ","'England' ",13865
2014 ,"'RPA' ","'Northern Ireland' ",35
2014 ,"'RPA' ","'Scotland' ",415
2014 ,"'RPA' ","'Wales' ",835
2015 ,"'Firm choice' ","'England' ",280930
2015 ,"'Firm choice' ","'Northern Ireland' ",10930
2015 ,"'Firm choice' ","'Scotland' ",28295
2015 ,"'Firm choice' ","'Wales' ",15545
2015 ,"'Insurance choice' ","'England' ",29095
2015 ,"'Insurance choice' ","'Northern Ireland' ",1680
2015 ,"'Insurance choice' ","'Scotland' ",1665
2015 ,"'Insurance choice' ","'Wales' ",1215
2015 ,"'Other main scheme choice' ","'England' ",9240
2015 ,"'Other main scheme choice' ","'Northern Ireland' ",90
2015 ,"'Other main scheme choice' ","'Scotland' ",520
2015 ,"'Other main scheme choice' ","'Wales' ",455
2015 ,"'Extra' ","'England' ",5815
2015 ,"'Extra' ","'Northern Ireland' ",175
2015 ,"'Extra' ","'Scotland' ",415
2015 ,"'Extra' ","'Wales' ",265
2015 ,"'Adjustment' ","'England' ",960
2015 ,"'Adjustment' ","'Northern Ireland' ",35
2015 ,"'Adjustment' ","'Scotland' ",5
2015 ,"'Adjustment' ","'Wales' ",25
2015 ,"'Main scheme Clearing' ","'England' ",40425
2015 ,"'Main scheme Clearing' ","'Northern Ireland' ",980
2015 ,"'Main scheme Clearing' ","'Scotland' ",1440
2015 ,"'Main scheme Clearing' ","'Wales' ",1580
2015 ,"'Direct Clearing' ","'England' ",13000
2015 ,"'Direct Clearing' ","'Northern Ireland' ",100
2015 ,"'Direct Clearing' ","'Scotland' ",310
2015 ,"'Direct Clearing' ","'Wales' ",635
2015 ,"'RPA' ","'England' ",14920
2015 ,"'RPA' ","'Northern Ireland' ",60
2015 ,"'RPA' ","'Scotland' ",2125
2015 ,"'RPA' ","'Wales' ",790
2016 ,"'Firm choice' ","'England' ",280705
2016 ,"'Firm choice' ","'Northern Ireland' ",11600
2016 ,"'Firm choice' ","'Scotland' ",29110
2016 ,"'Firm choice' ","'Wales' ",15650
2016 ,"'Insurance choice' ","'England' ",29065
2016 ,"'Insurance choice' ","'Northern Ireland' ",1730
2016 ,"'Insurance choice' ","'Scotland' ",1625
2016 ,"'Insurance choice' ","'Wales' ",1170
2016 ,"'Other main scheme choice' ","'England' ",10050
2016 ,"'Other main scheme choice' ","'Northern Ireland' ",85
2016 ,"'Other main scheme choice' ","'Scotland' ",620
2016 ,"'Other main scheme choice' ","'Wales' ",545
2016 ,"'Extra' ","'England' ",5795
2016 ,"'Extra' ","'Northern Ireland' ",170
2016 ,"'Extra' ","'Scotland' ",440
2016 ,"'Extra' ","'Wales' ",265
2016 ,"'Adjustment' ","'England' ",745
2016 ,"'Adjustment' ","'Northern Ireland' ",25
2016 ,"'Adjustment' ","'Scotland' ",10
2016 ,"'Adjustment' ","'Wales' ",15
2016 ,"'Main scheme Clearing' ","'England' ",41155
2016 ,"'Main scheme Clearing' ","'Northern Ireland' ",1045
2016 ,"'Main scheme Clearing' ","'Scotland' ",1375
2016 ,"'Main scheme Clearing' ","'Wales' ",1635
2016 ,"'Direct Clearing' ","'England' ",12700
2016 ,"'Direct Clearing' ","'Northern Ireland' ",115
2016 ,"'Direct Clearing' ","'Scotland' ",395
2016 ,"'Direct Clearing' ","'Wales' ",545
2016 ,"'RPA' ","'England' ",14080
2016 ,"'RPA' ","'Northern Ireland' ",20
2016 ,"'RPA' ","'Scotland' ",2095
2016 ,"'RPA' ","'Wales' ",890
