"Statistic:   Number of Acceptances"
"Variables:   Applicant Domicile (Low Level � Overseas Country Focus) , Cycle Year"
"Coverage:   All"
"For a list of key definitions and descriptions please refer to the PDF file provided - EOC_data_resource_2016-DR2_002_01.pdf"
 
Cycle Year,Applicant Domicile (Low Level � Overseas Country Focus),Number of Acceptances,
2006 ,"'United Kingdom' ",344365
2006 ,"'Afghanistan' ",15
2006 ,"'Albania' ",25
2006 ,"'Alderney' ",5
2006 ,"'Algeria' ",20
2006 ,"'Angola' ",55
2006 ,"'Anguilla' ",10
2006 ,"'Antigua and Barbuda' ",5
2006 ,"'Argentina' ",10
2006 ,"'Armenia' ",5
2006 ,"'Australia' ",90
2006 ,"'Austria' ",220
2006 ,"'Azerbaijan' ",30
2006 ,"'Bahamas' ",35
2006 ,"'Bahrain' ",170
2006 ,"'Bangladesh' ",265
2006 ,"'Barbados' ",55
2006 ,"'Belarus' ",20
2006 ,"'Belgium' ",515
2006 ,"'Bermuda' ",40
2006 ,"'Bolivia' ",5
2006 ,"'Bosnia and Herzegovina' ",5
2006 ,"'Botswana' ",115
2006 ,"'Brazil' ",60
2006 ,"'British Antarctic Territory' ",10
2006 ,"'British Virgin Islands' ",15
2006 ,"'Brunei' ",380
2006 ,"'Bulgaria' ",125
2006 ,"'Burma (Myanmar)' ",45
2006 ,"'Cameroon' ",90
2006 ,"'Canada' ",600
2006 ,"'Cayman Islands' ",15
2006 ,"'Chile' ",5
2006 ,"'China' ",4500
2006 ,"'Colombia' ",10
2006 ,"'Congo (Democratic Republic)' ",10
2006 ,"'Congo (Peoples Republic)' ",5
2006 ,"'Croatia' ",15
2006 ,"'Cyprus (Not otherwise specified)' ",2020
2006 ,"'Czech Republic' ",230
2006 ,"'Denmark' ",195
2006 ,"'Dominica' ",5
2006 ,"'Ecuador' ",5
2006 ,"'Egypt' ",55
2006 ,"'El Salvador' ",5
2006 ,"'Equatorial Guinea' ",5
2006 ,"'Eritrea' ",5
2006 ,"'Estonia' ",125
2006 ,"'Ethiopia' ",10
2006 ,"'Falkland Islands' ",10
2006 ,"'Finland' ",360
2006 ,"'France' ",2390
2006 ,"'French West Indies' ",10
2006 ,"'Gambia' ",70
2006 ,"'Georgia' ",10
2006 ,"'Germany' ",2075
2006 ,"'Ghana' ",290
2006 ,"'Gibraltar' ",180
2006 ,"'Greece' ",1520
2006 ,"'Greenland' ",20
2006 ,"'Grenada' ",10
2006 ,"'Guernsey' ",295
2006 ,"'Guinea' ",5
2006 ,"'Guyana' ",10
2006 ,"'Honduras' ",5
2006 ,"'Hong Kong' ",2360
2006 ,"'Hungary' ",175
2006 ,"'Iceland' ",30
2006 ,"'India' ",1520
2006 ,"'Indonesia' ",95
2006 ,"'Iran' ",255
2006 ,"'Iraq' ",15
2006 ,"'Ireland' ",2675
2006 ,"'Isle of Man' ",395
2006 ,"'Israel' ",60
2006 ,"'Italy' ",600
2006 ,"'Ivory Coast' ",15
2006 ,"'Jamaica' ",65
2006 ,"'Japan' ",535
2006 ,"'Jersey' ",505
2006 ,"'Jordan' ",165
2006 ,"'Kazakhstan' ",265
2006 ,"'Kenya' ",535
2006 ,"'Korea (South)' ",520
2006 ,"'Korea DRY (North)' ",5
2006 ,"'Kuwait' ",135
2006 ,"'Kyrgyzstan' ",10
2006 ,"'Latvia' ",285
2006 ,"'Lebanon' ",65
2006 ,"'Lesotho' ",5
2006 ,"'Libyan AR' ",30
2006 ,"'Liechtenstein' ",5
2006 ,"'Lithuania' ",480
2006 ,"'Luxembourg' ",220
2006 ,"'Macao' ",35
2006 ,"'Macedonia' ",5
2006 ,"'Madagascar' ",5
2006 ,"'Malawi' ",70
2006 ,"'Malaysia' ",1700
2006 ,"'Maldive Islands' ",30
2006 ,"'Malta' ",85
2006 ,"'Mauritius' ",300
2006 ,"'Mexico' ",45
2006 ,"'Moldova' ",20
2006 ,"'Monaco' ",15
2006 ,"'Mongolia' ",15
2006 ,"'Montserrat' ",5
2006 ,"'Morocco' ",30
2006 ,"'Mozambique' ",5
2006 ,"'Namibia' ",10
2006 ,"'Nepal' ",65
2006 ,"'Netherlands' ",320
2006 ,"'Netherlands Antilles' ",5
2006 ,"'New Zealand' ",20
2006 ,"'Nigeria' ",2080
2006 ,"'Norway' ",555
2006 ,"'Oman' ",115
2006 ,"'Pakistan' ",1360
2006 ,"'Paraguay' ",5
2006 ,"'Peru' ",15
2006 ,"'Philippines' ",40
2006 ,"'Poland' ",1555
2006 ,"'Portugal' ",400
2006 ,"'Qatar' ",80
2006 ,"'Reunion' ",5
2006 ,"'Romania' ",80
2006 ,"'Russia' ",375
2006 ,"'Rwanda' ",5
2006 ,"'Saudi Arabia' ",270
2006 ,"'Senegal' ",5
2006 ,"'Serbia' ",30
2006 ,"'Seychelles' ",20
2006 ,"'Sierra Leone' ",15
2006 ,"'Singapore' ",730
2006 ,"'Slovakia' ",190
2006 ,"'Slovenia' ",25
2006 ,"'Somalia' ",5
2006 ,"'South Africa' ",165
2006 ,"'Spain' ",705
2006 ,"'Sri Lanka' ",650
2006 ,"'St Lucia' ",25
2006 ,"'St Vincent' ",10
2006 ,"'St. Kitts-Nevis' ",10
2006 ,"'Sudan' ",15
2006 ,"'Swaziland' ",10
2006 ,"'Sweden' ",710
2006 ,"'Switzerland' ",350
2006 ,"'Syria' ",25
2006 ,"'Taiwan' ",185
2006 ,"'Tanzania' ",150
2006 ,"'Thailand' ",240
2006 ,"'Togo' ",5
2006 ,"'Trinidad and Tobago' ",115
2006 ,"'Tunisia' ",15
2006 ,"'Turkey' ",155
2006 ,"'Turkmenistan' ",5
2006 ,"'Turks and Caicos Islands' ",5
2006 ,"'Uganda' ",155
2006 ,"'Ukraine' ",55
2006 ,"'United Arab Emirates' ",280
2006 ,"'United States of America' ",1120
2006 ,"'Uzbekistan' ",15
2006 ,"'Venezuela' ",15
2006 ,"'Vietnam' ",280
2006 ,"'Yemen' ",10
2006 ,"'Zambia' ",85
2006 ,"'Zimbabwe' ",390
2006 ,"'Unknown' ",255
2007 ,"'United Kingdom' ",363370
2007 ,"'Afghanistan' ",10
2007 ,"'Albania' ",45
2007 ,"'Alderney' ",5
2007 ,"'Algeria' ",25
2007 ,"'Angola' ",60
2007 ,"'Anguilla' ",5
2007 ,"'Antigua and Barbuda' ",10
2007 ,"'Argentina' ",10
2007 ,"'Armenia' ",5
2007 ,"'Australia' ",100
2007 ,"'Austria' ",235
2007 ,"'Azerbaijan' ",20
2007 ,"'Bahamas' ",40
2007 ,"'Bahrain' ",160
2007 ,"'Bangladesh' ",215
2007 ,"'Barbados' ",55
2007 ,"'Belarus' ",15
2007 ,"'Belgium' ",515
2007 ,"'Benin' ",5
2007 ,"'Bermuda' ",65
2007 ,"'Bosnia and Herzegovina' ",5
2007 ,"'Botswana' ",115
2007 ,"'Brazil' ",65
2007 ,"'British Antarctic Territory' ",10
2007 ,"'British Virgin Islands' ",20
2007 ,"'Brunei' ",590
2007 ,"'Bulgaria' ",395
2007 ,"'Burma (Myanmar)' ",35
2007 ,"'Cambodia' ",5
2007 ,"'Cameroon' ",85
2007 ,"'Canada' ",645
2007 ,"'Cayman Islands' ",20
2007 ,"'Chile' ",10
2007 ,"'China' ",5060
2007 ,"'Colombia' ",10
2007 ,"'Congo (Democratic Republic)' ",10
2007 ,"'Costa Rica' ",5
2007 ,"'Croatia' ",20
2007 ,"'Cyprus (Not otherwise specified)' ",2595
2007 ,"'Czech Republic' ",215
2007 ,"'Denmark' ",210
2007 ,"'Dominica' ",10
2007 ,"'Dominican Republic' ",5
2007 ,"'Ecuador' ",5
2007 ,"'Egypt' ",60
2007 ,"'Eritrea' ",5
2007 ,"'Estonia' ",200
2007 ,"'Ethiopia' ",15
2007 ,"'Falkland Islands' ",5
2007 ,"'Faroe Islands' ",35
2007 ,"'Fiji' ",5
2007 ,"'Finland' ",360
2007 ,"'France' ",2560
2007 ,"'French Guiana' ",5
2007 ,"'French West Indies' ",5
2007 ,"'Gabon' ",5
2007 ,"'Gambia' ",65
2007 ,"'Georgia' ",15
2007 ,"'Germany' ",2225
2007 ,"'Ghana' ",250
2007 ,"'Gibraltar' ",175
2007 ,"'Greece' ",1630
2007 ,"'Grenada' ",5
2007 ,"'Guatemala' ",5
2007 ,"'Guernsey' ",310
2007 ,"'Guinea' ",10
2007 ,"'Guyana' ",10
2007 ,"'Hong Kong' ",2545
2007 ,"'Hungary' ",170
2007 ,"'Iceland' ",40
2007 ,"'India' ",1505
2007 ,"'Indonesia' ",80
2007 ,"'Iran' ",335
2007 ,"'Iraq' ",10
2007 ,"'Ireland' ",2570
2007 ,"'Isle of Man' ",370
2007 ,"'Israel' ",45
2007 ,"'Italy' ",645
2007 ,"'Ivory Coast' ",5
2007 ,"'Jamaica' ",70
2007 ,"'Japan' ",475
2007 ,"'Jersey' ",490
2007 ,"'Jordan' ",175
2007 ,"'Kazakhstan' ",355
2007 ,"'Kenya' ",485
2007 ,"'Korea (South)' ",530
2007 ,"'Kuwait' ",180
2007 ,"'Kyrgyzstan' ",10
2007 ,"'Latvia' ",340
2007 ,"'Lebanon' ",35
2007 ,"'Lesotho' ",5
2007 ,"'Liberia' ",5
2007 ,"'Libyan AR' ",50
2007 ,"'Lithuania' ",570
2007 ,"'Luxembourg' ",225
2007 ,"'Macao' ",40
2007 ,"'Macedonia' ",5
2007 ,"'Madagascar' ",5
2007 ,"'Malawi' ",75
2007 ,"'Malaysia' ",1940
2007 ,"'Maldive Islands' ",30
2007 ,"'Malta' ",70
2007 ,"'Mauritius' ",270
2007 ,"'Mexico' ",60
2007 ,"'Moldova' ",20
2007 ,"'Monaco' ",20
2007 ,"'Mongolia' ",10
2007 ,"'Montserrat' ",5
2007 ,"'Morocco' ",40
2007 ,"'Mozambique' ",5
2007 ,"'Namibia' ",10
2007 ,"'Nepal' ",55
2007 ,"'Netherlands' ",405
2007 ,"'New Zealand' ",30
2007 ,"'Nigeria' ",1915
2007 ,"'Norway' ",650
2007 ,"'Oman' ",145
2007 ,"'Pakistan' ",1385
2007 ,"'Palestine' ",5
2007 ,"'Peru' ",20
2007 ,"'Philippines' ",30
2007 ,"'Poland' ",1975
2007 ,"'Portugal' ",395
2007 ,"'Qatar' ",120
2007 ,"'Romania' ",260
2007 ,"'Russia' ",390
2007 ,"'Rwanda' ",5
2007 ,"'Saudi Arabia' ",455
2007 ,"'Senegal' ",5
2007 ,"'Serbia' ",30
2007 ,"'Seychelles' ",20
2007 ,"'Sierra Leone' ",30
2007 ,"'Singapore' ",730
2007 ,"'Slovakia' ",205
2007 ,"'Slovenia' ",35
2007 ,"'Somalia' ",5
2007 ,"'South Africa' ",150
2007 ,"'Spain' ",750
2007 ,"'Sri Lanka' ",710
2007 ,"'St Lucia' ",35
2007 ,"'St Vincent' ",15
2007 ,"'St. Kitts-Nevis' ",5
2007 ,"'Sudan' ",15
2007 ,"'Swaziland' ",10
2007 ,"'Sweden' ",725
2007 ,"'Switzerland' ",335
2007 ,"'Syria' ",15
2007 ,"'Taiwan' ",170
2007 ,"'Tajikistan' ",5
2007 ,"'Tanzania' ",155
2007 ,"'Thailand' ",225
2007 ,"'Togo' ",5
2007 ,"'Trinidad and Tobago' ",100
2007 ,"'Tunisia' ",15
2007 ,"'Turkey' ",195
2007 ,"'Turkmenistan' ",5
2007 ,"'Turks and Caicos Islands' ",10
2007 ,"'US Trust Territories' ",5
2007 ,"'Uganda' ",130
2007 ,"'Ukraine' ",75
2007 ,"'United Arab Emirates' ",325
2007 ,"'United States of America' ",1180
2007 ,"'Uzbekistan' ",25
2007 ,"'Venezuela' ",20
2007 ,"'Vietnam' ",290
2007 ,"'Yemen' ",15
2007 ,"'Zambia' ",75
2007 ,"'Zimbabwe' ",290
2007 ,"'Unknown' ",75
2008 ,"'United Kingdom' ",403855
2008 ,"'Afghanistan' ",10
2008 ,"'Albania' ",30
2008 ,"'Alderney' ",10
2008 ,"'Algeria' ",15
2008 ,"'Angola' ",55
2008 ,"'Anguilla' ",10
2008 ,"'Antigua and Barbuda' ",15
2008 ,"'Argentina' ",10
2008 ,"'Armenia' ",5
2008 ,"'Australia' ",145
2008 ,"'Austria' ",250
2008 ,"'Azerbaijan' ",40
2008 ,"'Bahamas' ",40
2008 ,"'Bahrain' ",175
2008 ,"'Bangladesh' ",240
2008 ,"'Barbados' ",50
2008 ,"'Belarus' ",25
2008 ,"'Belgium' ",535
2008 ,"'Benin' ",5
2008 ,"'Bermuda' ",115
2008 ,"'Bolivia' ",5
2008 ,"'Bosnia and Herzegovina' ",5
2008 ,"'Botswana' ",180
2008 ,"'Brazil' ",70
2008 ,"'British Antarctic Territory' ",35
2008 ,"'British Virgin Islands' ",25
2008 ,"'Brunei' ",525
2008 ,"'Bulgaria' ",825
2008 ,"'Burma (Myanmar)' ",30
2008 ,"'Cambodia' ",5
2008 ,"'Cameroon' ",80
2008 ,"'Canada' ",790
2008 ,"'Cayman Islands' ",25
2008 ,"'Chile' ",5
2008 ,"'China' ",6120
2008 ,"'Colombia' ",25
2008 ,"'Congo (Democratic Republic)' ",20
2008 ,"'Croatia' ",15
2008 ,"'Cyprus (Not otherwise specified)' ",2305
2008 ,"'Czech Republic' ",200
2008 ,"'Denmark' ",240
2008 ,"'Djibouti' ",5
2008 ,"'Dominica' ",5
2008 ,"'Dominican Republic' ",5
2008 ,"'Ecuador' ",5
2008 ,"'Egypt' ",70
2008 ,"'El Salvador' ",5
2008 ,"'Equatorial Guinea' ",5
2008 ,"'Eritrea' ",5
2008 ,"'Estonia' ",245
2008 ,"'Ethiopia' ",15
2008 ,"'Falkland Islands' ",5
2008 ,"'Faroe Islands' ",30
2008 ,"'Finland' ",375
2008 ,"'France' ",2705
2008 ,"'French West Indies' ",5
2008 ,"'Gambia' ",60
2008 ,"'Georgia' ",15
2008 ,"'Germany' ",2275
2008 ,"'Ghana' ",215
2008 ,"'Gibraltar' ",180
2008 ,"'Greece' ",1650
2008 ,"'Grenada' ",5
2008 ,"'Guatemala' ",5
2008 ,"'Guernsey' ",285
2008 ,"'Guinea' ",5
2008 ,"'Guyana' ",10
2008 ,"'Hong Kong' ",2615
2008 ,"'Hungary' ",190
2008 ,"'Iceland' ",45
2008 ,"'India' ",1675
2008 ,"'Indonesia' ",95
2008 ,"'Iran' ",295
2008 ,"'Iraq' ",5
2008 ,"'Ireland' ",2610
2008 ,"'Isle of Man' ",390
2008 ,"'Israel' ",60
2008 ,"'Italy' ",690
2008 ,"'Ivory Coast' ",10
2008 ,"'Jamaica' ",40
2008 ,"'Japan' ",380
2008 ,"'Jersey' ",480
2008 ,"'Jordan' ",160
2008 ,"'Kazakhstan' ",285
2008 ,"'Kenya' ",485
2008 ,"'Korea (South)' ",555
2008 ,"'Kuwait' ",130
2008 ,"'Kyrgyzstan' ",10
2008 ,"'Latvia' ",340
2008 ,"'Lebanon' ",40
2008 ,"'Lesotho' ",5
2008 ,"'Libyan AR' ",60
2008 ,"'Liechtenstein' ",5
2008 ,"'Lithuania' ",680
2008 ,"'Luxembourg' ",235
2008 ,"'Macao' ",50
2008 ,"'Macedonia' ",5
2008 ,"'Madagascar' ",5
2008 ,"'Malawi' ",55
2008 ,"'Malaysia' ",2015
2008 ,"'Maldive Islands' ",30
2008 ,"'Malta' ",85
2008 ,"'Mauritius' ",235
2008 ,"'Mexico' ",60
2008 ,"'Moldova' ",25
2008 ,"'Monaco' ",20
2008 ,"'Mongolia' ",10
2008 ,"'Montenegro' ",5
2008 ,"'Montserrat' ",5
2008 ,"'Morocco' ",35
2008 ,"'Mozambique' ",5
2008 ,"'Namibia' ",10
2008 ,"'Nepal' ",40
2008 ,"'Netherlands' ",435
2008 ,"'Netherlands Antilles' ",5
2008 ,"'New Zealand' ",40
2008 ,"'Nigeria' ",1680
2008 ,"'Norway' ",770
2008 ,"'Oman' ",150
2008 ,"'Pakistan' ",1305
2008 ,"'Palestine' ",15
2008 ,"'Panama' ",5
2008 ,"'Peru' ",10
2008 ,"'Philippines' ",50
2008 ,"'Poland' ",1520
2008 ,"'Portugal' ",355
2008 ,"'Qatar' ",220
2008 ,"'Reunion' ",5
2008 ,"'Romania' ",630
2008 ,"'Russia' ",455
2008 ,"'Rwanda' ",10
2008 ,"'Saudi Arabia' ",530
2008 ,"'Senegal' ",15
2008 ,"'Serbia' ",25
2008 ,"'Seychelles' ",15
2008 ,"'Sierra Leone' ",10
2008 ,"'Singapore' ",970
2008 ,"'Slovakia' ",250
2008 ,"'Slovenia' ",40
2008 ,"'Somalia' ",5
2008 ,"'South Africa' ",235
2008 ,"'Spain' ",725
2008 ,"'Sri Lanka' ",635
2008 ,"'St Helena' ",5
2008 ,"'St Lucia' ",20
2008 ,"'St Vincent' ",15
2008 ,"'St. Kitts-Nevis' ",5
2008 ,"'Sudan' ",25
2008 ,"'Swaziland' ",10
2008 ,"'Sweden' ",775
2008 ,"'Switzerland' ",405
2008 ,"'Syria' ",10
2008 ,"'Taiwan' ",200
2008 ,"'Tanzania' ",140
2008 ,"'Thailand' ",285
2008 ,"'Togo' ",5
2008 ,"'Trinidad and Tobago' ",85
2008 ,"'Tunisia' ",5
2008 ,"'Turkey' ",210
2008 ,"'Turkmenistan' ",5
2008 ,"'Turks and Caicos Islands' ",10
2008 ,"'Uganda' ",150
2008 ,"'Ukraine' ",80
2008 ,"'United Arab Emirates' ",375
2008 ,"'United States of America' ",1190
2008 ,"'Uzbekistan' ",20
2008 ,"'Venezuela' ",25
2008 ,"'Vietnam' ",270
2008 ,"'Yemen' ",15
2008 ,"'Zambia' ",75
2008 ,"'Zimbabwe' ",240
2008 ,"'Stateless' ",5
2008 ,"'Unknown' ",210
2009 ,"'United Kingdom' ",423955
2009 ,"'Afghanistan' ",10
2009 ,"'Albania' ",35
2009 ,"'Alderney' ",5
2009 ,"'Algeria' ",20
2009 ,"'Angola' ",35
2009 ,"'Anguilla' ",10
2009 ,"'Antigua and Barbuda' ",5
2009 ,"'Argentina' ",10
2009 ,"'Armenia' ",10
2009 ,"'Australia' ",110
2009 ,"'Austria' ",280
2009 ,"'Azerbaijan' ",75
2009 ,"'Bahamas' ",45
2009 ,"'Bahrain' ",150
2009 ,"'Bangladesh' ",295
2009 ,"'Barbados' ",60
2009 ,"'Belarus' ",15
2009 ,"'Belgium' ",605
2009 ,"'Belize' ",5
2009 ,"'Benin' ",5
2009 ,"'Bermuda' ",135
2009 ,"'Bolivia' ",5
2009 ,"'Bosnia and Herzegovina' ",5
2009 ,"'Botswana' ",120
2009 ,"'Brazil' ",75
2009 ,"'British Antarctic Territory' ",20
2009 ,"'British Indian Ocean Territory' ",5
2009 ,"'British Virgin Islands' ",25
2009 ,"'Brunei' ",570
2009 ,"'Bulgaria' ",1285
2009 ,"'Burma (Myanmar)' ",40
2009 ,"'Cambodia' ",5
2009 ,"'Cameroon' ",60
2009 ,"'Canada' ",915
2009 ,"'Canary Islands' ",5
2009 ,"'Cayman Islands' ",30
2009 ,"'Chile' ",5
2009 ,"'China' ",6510
2009 ,"'Colombia' ",25
2009 ,"'Congo (Democratic Republic)' ",10
2009 ,"'Congo (Peoples Republic)' ",5
2009 ,"'Costa Rica' ",5
2009 ,"'Croatia' ",20
2009 ,"'Cyprus (European Union)' ",1445
2009 ,"'Cyprus (Non-European Union)' ",20
2009 ,"'Cyprus (Not otherwise specified)' ",1145
2009 ,"'Czech Republic' ",205
2009 ,"'Denmark' ",225
2009 ,"'Ecuador' ",10
2009 ,"'Egypt' ",90
2009 ,"'El Salvador' ",5
2009 ,"'Eritrea' ",5
2009 ,"'Estonia' ",305
2009 ,"'Ethiopia' ",15
2009 ,"'Falkland Islands' ",15
2009 ,"'Faroe Islands' ",45
2009 ,"'Fiji' ",5
2009 ,"'Finland' ",455
2009 ,"'France' ",3195
2009 ,"'French Polynesia' ",5
2009 ,"'French West Indies' ",5
2009 ,"'Gambia' ",60
2009 ,"'Georgia' ",40
2009 ,"'Germany' ",2415
2009 ,"'Ghana' ",120
2009 ,"'Gibraltar' ",170
2009 ,"'Greece' ",1525
2009 ,"'Grenada' ",5
2009 ,"'Guatemala' ",5
2009 ,"'Guernsey' ",285
2009 ,"'Guinea' ",5
2009 ,"'Guyana' ",5
2009 ,"'Hong Kong' ",2575
2009 ,"'Hungary' ",235
2009 ,"'Iceland' ",25
2009 ,"'India' ",1845
2009 ,"'Indonesia' ",110
2009 ,"'Iran' ",390
2009 ,"'Iraq' ",35
2009 ,"'Ireland' ",2825
2009 ,"'Isle of Man' ",365
2009 ,"'Israel' ",40
2009 ,"'Italy' ",875
2009 ,"'Ivory Coast' ",5
2009 ,"'Jamaica' ",25
2009 ,"'Japan' ",335
2009 ,"'Jersey' ",455
2009 ,"'Jordan' ",170
2009 ,"'Kazakhstan' ",385
2009 ,"'Kenya' ",420
2009 ,"'Korea (South)' ",620
2009 ,"'Korea DRY (North)' ",5
2009 ,"'Kuwait' ",145
2009 ,"'Kyrgyzstan' ",5
2009 ,"'Latvia' ",445
2009 ,"'Lebanon' ",35
2009 ,"'Libyan AR' ",80
2009 ,"'Lithuania' ",895
2009 ,"'Luxembourg' ",240
2009 ,"'Macao' ",65
2009 ,"'Macedonia' ",5
2009 ,"'Madagascar' ",5
2009 ,"'Malawi' ",45
2009 ,"'Malaysia' ",2390
2009 ,"'Maldive Islands' ",20
2009 ,"'Mali' ",5
2009 ,"'Malta' ",65
2009 ,"'Mauritius' ",295
2009 ,"'Mexico' ",65
2009 ,"'Moldova' ",30
2009 ,"'Monaco' ",30
2009 ,"'Mongolia' ",10
2009 ,"'Montenegro' ",5
2009 ,"'Montserrat' ",5
2009 ,"'Morocco' ",55
2009 ,"'Mozambique' ",5
2009 ,"'Namibia' ",15
2009 ,"'Nepal' ",85
2009 ,"'Netherlands' ",445
2009 ,"'Netherlands Antilles' ",5
2009 ,"'New Zealand' ",45
2009 ,"'Nigeria' ",1590
2009 ,"'Norway' ",960
2009 ,"'Oman' ",125
2009 ,"'Pakistan' ",1080
2009 ,"'Palestine' ",15
2009 ,"'Panama' ",10
2009 ,"'Papua New Guinea' ",5
2009 ,"'Peru' ",15
2009 ,"'Philippines' ",55
2009 ,"'Poland' ",1240
2009 ,"'Portugal' ",325
2009 ,"'Qatar' ",190
2009 ,"'Reunion' ",5
2009 ,"'Romania' ",975
2009 ,"'Russia' ",475
2009 ,"'Rwanda' ",10
2009 ,"'Saudi Arabia' ",770
2009 ,"'Senegal' ",15
2009 ,"'Serbia' ",40
2009 ,"'Seychelles' ",10
2009 ,"'Sierra Leone' ",15
2009 ,"'Singapore' ",1185
2009 ,"'Slovakia' ",255
2009 ,"'Slovenia' ",40
2009 ,"'Somalia' ",5
2009 ,"'South Africa' ",150
2009 ,"'Spain' ",870
2009 ,"'Sri Lanka' ",430
2009 ,"'St Lucia' ",25
2009 ,"'St Vincent' ",20
2009 ,"'St. Kitts-Nevis' ",5
2009 ,"'Sudan' ",15
2009 ,"'Swaziland' ",5
2009 ,"'Sweden' ",810
2009 ,"'Switzerland' ",460
2009 ,"'Syria' ",20
2009 ,"'Taiwan' ",180
2009 ,"'Tanzania' ",105
2009 ,"'Thailand' ",300
2009 ,"'Togo' ",5
2009 ,"'Trinidad and Tobago' ",90
2009 ,"'Tunisia' ",10
2009 ,"'Turkey' ",215
2009 ,"'Turkmenistan' ",15
2009 ,"'Turks and Caicos Islands' ",20
2009 ,"'USSR (not otherwise specified)' ",5
2009 ,"'Uganda' ",135
2009 ,"'Ukraine' ",110
2009 ,"'United Arab Emirates' ",435
2009 ,"'United States of America' ",1330
2009 ,"'Uruguay' ",5
2009 ,"'Uzbekistan' ",20
2009 ,"'Venezuela' ",20
2009 ,"'Vietnam' ",390
2009 ,"'Virgin Islands (US)' ",15
2009 ,"'Yemen' ",30
2009 ,"'Zambia' ",65
2009 ,"'Zimbabwe' ",205
2009 ,"'Stateless' ",5
2009 ,"'Unknown' ",1190
2010 ,"'United Kingdom' ",423430
2010 ,"'Afghanistan' ",10
2010 ,"'Albania' ",50
2010 ,"'Alderney' ",10
2010 ,"'Algeria' ",10
2010 ,"'Angola' ",55
2010 ,"'Anguilla' ",15
2010 ,"'Antigua and Barbuda' ",5
2010 ,"'Argentina' ",10
2010 ,"'Armenia' ",5
2010 ,"'Australia' ",160
2010 ,"'Austria' ",295
2010 ,"'Azerbaijan' ",150
2010 ,"'Bahamas' ",15
2010 ,"'Bahrain' ",185
2010 ,"'Bangladesh' ",355
2010 ,"'Barbados' ",55
2010 ,"'Belarus' ",30
2010 ,"'Belgium' ",620
2010 ,"'Belize' ",5
2010 ,"'Benin' ",5
2010 ,"'Bermuda' ",180
2010 ,"'Bolivia' ",5
2010 ,"'Bosnia and Herzegovina' ",5
2010 ,"'Botswana' ",145
2010 ,"'Brazil' ",95
2010 ,"'British Antarctic Territory' ",15
2010 ,"'British Indian Ocean Territory' ",5
2010 ,"'British Virgin Islands' ",30
2010 ,"'Brunei' ",600
2010 ,"'Bulgaria' ",1515
2010 ,"'Burma (Myanmar)' ",40
2010 ,"'Cambodia' ",10
2010 ,"'Cameroon' ",55
2010 ,"'Canada' ",995
2010 ,"'Canary Islands' ",35
2010 ,"'Cayman Islands' ",45
2010 ,"'Chile' ",10
2010 ,"'China' ",8320
2010 ,"'Colombia' ",40
2010 ,"'Congo (Democratic Republic)' ",10
2010 ,"'Costa Rica' ",5
2010 ,"'Croatia' ",15
2010 ,"'Cyprus (European Union)' ",2555
2010 ,"'Cyprus (Non-European Union)' ",25
2010 ,"'Cyprus (Not otherwise specified)' ",45
2010 ,"'Czech Republic' ",245
2010 ,"'Denmark' ",260
2010 ,"'Dominica' ",5
2010 ,"'Ecuador' ",10
2010 ,"'Egypt' ",85
2010 ,"'Eritrea' ",5
2010 ,"'Estonia' ",330
2010 ,"'Ethiopia' ",15
2010 ,"'Falkland Islands' ",5
2010 ,"'Faroe Islands' ",30
2010 ,"'Finland' ",455
2010 ,"'France' ",2695
2010 ,"'French West Indies' ",5
2010 ,"'Gabon' ",5
2010 ,"'Gambia' ",45
2010 ,"'Georgia' ",50
2010 ,"'Germany' ",2400
2010 ,"'Ghana' ",135
2010 ,"'Gibraltar' ",200
2010 ,"'Greece' ",1610
2010 ,"'Grenada' ",10
2010 ,"'Guadeloupe' ",5
2010 ,"'Guernsey' ",275
2010 ,"'Guyana' ",5
2010 ,"'Honduras' ",5
2010 ,"'Hong Kong' ",2930
2010 ,"'Hungary' ",220
2010 ,"'Iceland' ",30
2010 ,"'India' ",1800
2010 ,"'Indonesia' ",110
2010 ,"'Iran' ",385
2010 ,"'Iraq' ",10
2010 ,"'Ireland' ",2990
2010 ,"'Isle of Man' ",450
2010 ,"'Israel' ",50
2010 ,"'Italy' ",1020
2010 ,"'Ivory Coast' ",5
2010 ,"'Jamaica' ",30
2010 ,"'Japan' ",300
2010 ,"'Jersey' ",470
2010 ,"'Jordan' ",190
2010 ,"'Kazakhstan' ",405
2010 ,"'Kenya' ",420
2010 ,"'Korea (South)' ",720
2010 ,"'Kuwait' ",250
2010 ,"'Kyrgyzstan' ",10
2010 ,"'Latvia' ",715
2010 ,"'Lebanon' ",50
2010 ,"'Lesotho' ",5
2010 ,"'Libyan AR' ",105
2010 ,"'Lithuania' ",1525
2010 ,"'Luxembourg' ",240
2010 ,"'Macao' ",75
2010 ,"'Macedonia' ",5
2010 ,"'Malawi' ",45
2010 ,"'Malaysia' ",2295
2010 ,"'Maldive Islands' ",40
2010 ,"'Mali' ",5
2010 ,"'Malta' ",75
2010 ,"'Mauritius' ",295
2010 ,"'Mexico' ",65
2010 ,"'Moldova' ",25
2010 ,"'Monaco' ",25
2010 ,"'Mongolia' ",20
2010 ,"'Montenegro' ",5
2010 ,"'Montserrat' ",5
2010 ,"'Morocco' ",50
2010 ,"'Mozambique' ",15
2010 ,"'Namibia' ",15
2010 ,"'Nepal' ",100
2010 ,"'Netherlands' ",430
2010 ,"'New Zealand' ",35
2010 ,"'Nigeria' ",1640
2010 ,"'Norway' ",1135
2010 ,"'Oman' ",130
2010 ,"'Pakistan' ",1015
2010 ,"'Palestine' ",20
2010 ,"'Panama' ",10
2010 ,"'Peru' ",25
2010 ,"'Philippines' ",60
2010 ,"'Poland' ",1030
2010 ,"'Portugal' ",325
2010 ,"'Qatar' ",190
2010 ,"'Reunion' ",5
2010 ,"'Romania' ",1530
2010 ,"'Russia' ",535
2010 ,"'Rwanda' ",5
2010 ,"'Saudi Arabia' ",960
2010 ,"'Senegal' ",5
2010 ,"'Serbia' ",35
2010 ,"'Seychelles' ",20
2010 ,"'Sierra Leone' ",15
2010 ,"'Singapore' ",1430
2010 ,"'Slovakia' ",280
2010 ,"'Slovenia' ",50
2010 ,"'Somalia' ",5
2010 ,"'South Africa' ",150
2010 ,"'Spain' ",975
2010 ,"'Sri Lanka' ",455
2010 ,"'St Helena' ",5
2010 ,"'St Lucia' ",25
2010 ,"'St Vincent' ",5
2010 ,"'St. Kitts-Nevis' ",5
2010 ,"'Sudan' ",30
2010 ,"'Swaziland' ",5
2010 ,"'Sweden' ",930
2010 ,"'Switzerland' ",540
2010 ,"'Syria' ",25
2010 ,"'Taiwan' ",205
2010 ,"'Tanzania' ",115
2010 ,"'Thailand' ",340
2010 ,"'Togo' ",5
2010 ,"'Trinidad and Tobago' ",90
2010 ,"'Tunisia' ",10
2010 ,"'Turkey' ",235
2010 ,"'Turkmenistan' ",10
2010 ,"'Turks and Caicos Islands' ",35
2010 ,"'US Trust Territories' ",5
2010 ,"'Uganda' ",130
2010 ,"'Ukraine' ",140
2010 ,"'United Arab Emirates' ",465
2010 ,"'United States of America' ",1400
2010 ,"'Uruguay' ",5
2010 ,"'Uzbekistan' ",20
2010 ,"'Venezuela' ",30
2010 ,"'Vietnam' ",490
2010 ,"'Yemen' ",20
2010 ,"'Zambia' ",75
2010 ,"'Zimbabwe' ",180
2010 ,"'Unknown' ",1500
2011 ,"'United Kingdom' ",430070
2011 ,"'Afghanistan' ",10
2011 ,"'Albania' ",50
2011 ,"'Alderney' ",5
2011 ,"'Algeria' ",15
2011 ,"'Angola' ",35
2011 ,"'Anguilla' ",10
2011 ,"'Argentina' ",10
2011 ,"'Armenia' ",10
2011 ,"'Australia' ",185
2011 ,"'Austria' ",325
2011 ,"'Azerbaijan' ",110
2011 ,"'Bahamas' ",30
2011 ,"'Bahrain' ",195
2011 ,"'Bangladesh' ",210
2011 ,"'Barbados' ",45
2011 ,"'Belarus' ",25
2011 ,"'Belgium' ",590
2011 ,"'Benin' ",5
2011 ,"'Bermuda' ",120
2011 ,"'Bolivia' ",5
2011 ,"'Bosnia and Herzegovina' ",10
2011 ,"'Botswana' ",135
2011 ,"'Brazil' ",85
2011 ,"'British Antarctic Territory' ",10
2011 ,"'British Virgin Islands' ",35
2011 ,"'Brunei' ",620
2011 ,"'Bulgaria' ",1805
2011 ,"'Burma (Myanmar)' ",45
2011 ,"'Cambodia' ",5
2011 ,"'Cameroon' ",35
2011 ,"'Canada' ",1055
2011 ,"'Canary Islands' ",35
2011 ,"'Cayman Islands' ",65
2011 ,"'Chile' ",5
2011 ,"'China' ",7570
2011 ,"'Christmas Island' ",5
2011 ,"'Colombia' ",30
2011 ,"'Congo (Democratic Republic)' ",5
2011 ,"'Costa Rica' ",5
2011 ,"'Croatia' ",20
2011 ,"'Cyprus (European Union)' ",2890
2011 ,"'Cyprus (Non-European Union)' ",25
2011 ,"'Cyprus (Not otherwise specified)' ",25
2011 ,"'Czech Republic' ",275
2011 ,"'Denmark' ",240
2011 ,"'Ecuador' ",5
2011 ,"'Egypt' ",105
2011 ,"'El Salvador' ",5
2011 ,"'Estonia' ",395
2011 ,"'Ethiopia' ",15
2011 ,"'Falkland Islands' ",5
2011 ,"'Faroe Islands' ",30
2011 ,"'Finland' ",560
2011 ,"'France' ",2575
2011 ,"'Gabon' ",5
2011 ,"'Gambia' ",30
2011 ,"'Georgia' ",40
2011 ,"'Germany' ",2330
2011 ,"'Ghana' ",95
2011 ,"'Gibraltar' ",220
2011 ,"'Greece' ",1820
2011 ,"'Grenada' ",5
2011 ,"'Guatemala' ",5
2011 ,"'Guernsey' ",245
2011 ,"'Guinea' ",5
2011 ,"'Guyana' ",5
2011 ,"'Hong Kong' ",3240
2011 ,"'Hungary' ",255
2011 ,"'Iceland' ",30
2011 ,"'India' ",1600
2011 ,"'Indonesia' ",155
2011 ,"'Iran' ",270
2011 ,"'Iraq' ",5
2011 ,"'Ireland' ",2335
2011 ,"'Isle of Man' ",440
2011 ,"'Israel' ",40
2011 ,"'Italy' ",1255
2011 ,"'Ivory Coast' ",5
2011 ,"'Jamaica' ",20
2011 ,"'Japan' ",310
2011 ,"'Jersey' ",480
2011 ,"'Jordan' ",180
2011 ,"'Kazakhstan' ",325
2011 ,"'Kenya' ",350
2011 ,"'Korea (South)' ",770
2011 ,"'Kosovo' ",5
2011 ,"'Kuwait' ",195
2011 ,"'Kyrgyzstan' ",10
2011 ,"'Latvia' ",625
2011 ,"'Lebanon' ",55
2011 ,"'Lesotho' ",5
2011 ,"'Libyan AR' ",45
2011 ,"'Liechtenstein' ",5
2011 ,"'Lithuania' ",1885
2011 ,"'Luxembourg' ",235
2011 ,"'Macao' ",80
2011 ,"'Macedonia' ",5
2011 ,"'Madagascar' ",5
2011 ,"'Malawi' ",25
2011 ,"'Malaysia' ",2600
2011 ,"'Maldive Islands' ",30
2011 ,"'Mali' ",5
2011 ,"'Malta' ",70
2011 ,"'Martinique' ",5
2011 ,"'Mauritius' ",250
2011 ,"'Mexico' ",55
2011 ,"'Moldova' ",20
2011 ,"'Monaco' ",25
2011 ,"'Mongolia' ",15
2011 ,"'Montenegro' ",10
2011 ,"'Morocco' ",75
2011 ,"'Namibia' ",10
2011 ,"'Nepal' ",100
2011 ,"'Netherlands' ",425
2011 ,"'Netherlands Antilles' ",10
2011 ,"'New Zealand' ",50
2011 ,"'Nigeria' ",1475
2011 ,"'Norway' ",1275
2011 ,"'Oman' ",135
2011 ,"'Pakistan' ",825
2011 ,"'Palestine' ",10
2011 ,"'Peru' ",20
2011 ,"'Philippines' ",55
2011 ,"'Poland' ",945
2011 ,"'Portugal' ",335
2011 ,"'Qatar' ",175
2011 ,"'Reunion' ",5
2011 ,"'Romania' ",1940
2011 ,"'Russia' ",560
2011 ,"'Rwanda' ",5
2011 ,"'Saudi Arabia' ",490
2011 ,"'Senegal' ",5
2011 ,"'Serbia' ",40
2011 ,"'Seychelles' ",10
2011 ,"'Sierra Leone' ",10
2011 ,"'Singapore' ",1590
2011 ,"'Slovakia' ",310
2011 ,"'Slovenia' ",55
2011 ,"'Somalia' ",5
2011 ,"'South Africa' ",135
2011 ,"'Spain' ",1095
2011 ,"'Sri Lanka' ",330
2011 ,"'St Helena' ",5
2011 ,"'St Lucia' ",5
2011 ,"'St Vincent' ",5
2011 ,"'St. Kitts-Nevis' ",5
2011 ,"'Sudan' ",10
2011 ,"'Swaziland' ",5
2011 ,"'Sweden' ",860
2011 ,"'Switzerland' ",560
2011 ,"'Syria' ",20
2011 ,"'Taiwan' ",190
2011 ,"'Tanzania' ",100
2011 ,"'Thailand' ",395
2011 ,"'Togo' ",5
2011 ,"'Trinidad and Tobago' ",80
2011 ,"'Tunisia' ",10
2011 ,"'Turkey' ",205
2011 ,"'Turkmenistan' ",10
2011 ,"'Turks and Caicos Islands' ",35
2011 ,"'USSR (not otherwise specified)' ",5
2011 ,"'Uganda' ",75
2011 ,"'Ukraine' ",160
2011 ,"'United Arab Emirates' ",430
2011 ,"'United States of America' ",1460
2011 ,"'Uruguay' ",5
2011 ,"'Uzbekistan' ",15
2011 ,"'Venezuela' ",35
2011 ,"'Vietnam' ",525
2011 ,"'Yemen' ",5
2011 ,"'Zambia' ",65
2011 ,"'Zimbabwe' ",145
2011 ,"'Stateless' ",15
2011 ,"'Unknown' ",160
2012 ,"'United Kingdom' ",406240
2012 ,"'Afghanistan' ",15
2012 ,"'Albania' ",55
2012 ,"'Alderney' ",5
2012 ,"'Algeria' ",15
2012 ,"'Angola' ",50
2012 ,"'Anguilla' ",5
2012 ,"'Antigua and Barbuda' ",5
2012 ,"'Argentina' ",15
2012 ,"'Armenia' ",30
2012 ,"'Australia' ",170
2012 ,"'Austria' ",295
2012 ,"'Azerbaijan' ",140
2012 ,"'Bahamas' ",30
2012 ,"'Bahrain' ",215
2012 ,"'Bangladesh' ",215
2012 ,"'Barbados' ",45
2012 ,"'Belarus' ",25
2012 ,"'Belgium' ",525
2012 ,"'Benin' ",5
2012 ,"'Bermuda' ",115
2012 ,"'Bhutan' ",5
2012 ,"'Bolivia' ",5
2012 ,"'Bosnia and Herzegovina' ",10
2012 ,"'Botswana' ",130
2012 ,"'Brazil' ",95
2012 ,"'British Antarctic Territory' ",10
2012 ,"'British Virgin Islands' ",35
2012 ,"'Brunei' ",475
2012 ,"'Bulgaria' ",1660
2012 ,"'Burma (Myanmar)' ",45
2012 ,"'Cambodia' ",10
2012 ,"'Cameroon' ",30
2012 ,"'Canada' ",1075
2012 ,"'Canary Islands' ",30
2012 ,"'Cayman Islands' ",70
2012 ,"'Chile' ",10
2012 ,"'China' ",7275
2012 ,"'Colombia' ",35
2012 ,"'Congo (Democratic Republic)' ",5
2012 ,"'Croatia' ",20
2012 ,"'Cyprus (European Union)' ",2350
2012 ,"'Cyprus (Non-European Union)' ",15
2012 ,"'Cyprus (Not otherwise specified)' ",15
2012 ,"'Czech Republic' ",275
2012 ,"'Denmark' ",205
2012 ,"'Ecuador' ",15
2012 ,"'Egypt' ",120
2012 ,"'El Salvador' ",5
2012 ,"'Estonia' ",300
2012 ,"'Ethiopia' ",15
2012 ,"'Falkland Islands' ",5
2012 ,"'Faroe Islands' ",30
2012 ,"'Finland' ",430
2012 ,"'France' ",2285
2012 ,"'Gambia' ",30
2012 ,"'Georgia' ",35
2012 ,"'Germany' ",1850
2012 ,"'Ghana' ",90
2012 ,"'Gibraltar' ",225
2012 ,"'Greece' ",1560
2012 ,"'Grenada' ",5
2012 ,"'Guatemala' ",5
2012 ,"'Guernsey' ",250
2012 ,"'Guyana' ",5
2012 ,"'Hong Kong' ",3915
2012 ,"'Hungary' ",330
2012 ,"'Iceland' ",30
2012 ,"'India' ",1445
2012 ,"'Indonesia' ",180
2012 ,"'Iran' ",245
2012 ,"'Ireland' ",2010
2012 ,"'Isle of Man' ",420
2012 ,"'Israel' ",55
2012 ,"'Italy' ",1345
2012 ,"'Jamaica' ",35
2012 ,"'Japan' ",290
2012 ,"'Jersey' ",470
2012 ,"'Jordan' ",180
2012 ,"'Kazakhstan' ",230
2012 ,"'Kenya' ",375
2012 ,"'Korea (South)' ",730
2012 ,"'Kosovo' ",5
2012 ,"'Kuwait' ",205
2012 ,"'Kyrgyzstan' ",10
2012 ,"'Latvia' ",430
2012 ,"'Lebanon' ",40
2012 ,"'Libyan AR' ",35
2012 ,"'Lithuania' ",1270
2012 ,"'Luxembourg' ",240
2012 ,"'Macao' ",105
2012 ,"'Macedonia' ",10
2012 ,"'Madagascar' ",5
2012 ,"'Malawi' ",30
2012 ,"'Malaysia' ",2555
2012 ,"'Maldive Islands' ",35
2012 ,"'Malta' ",60
2012 ,"'Mauritius' ",250
2012 ,"'Mexico' ",60
2012 ,"'Moldova' ",20
2012 ,"'Monaco' ",30
2012 ,"'Mongolia' ",10
2012 ,"'Montenegro' ",10
2012 ,"'Morocco' ",75
2012 ,"'Mozambique' ",5
2012 ,"'Namibia' ",5
2012 ,"'Nepal' ",75
2012 ,"'Netherlands' ",400
2012 ,"'Netherlands Antilles' ",5
2012 ,"'New Zealand' ",50
2012 ,"'Nigeria' ",1275
2012 ,"'Norway' ",1400
2012 ,"'Oman' ",130
2012 ,"'Pakistan' ",785
2012 ,"'Palestine' ",15
2012 ,"'Panama' ",5
2012 ,"'Peru' ",20
2012 ,"'Philippines' ",40
2012 ,"'Poland' ",850
2012 ,"'Portugal' ",385
2012 ,"'Qatar' ",215
2012 ,"'Romania' ",1740
2012 ,"'Russia' ",595
2012 ,"'Rwanda' ",5
2012 ,"'Saudi Arabia' ",555
2012 ,"'Serbia' ",45
2012 ,"'Seychelles' ",20
2012 ,"'Sierra Leone' ",5
2012 ,"'Singapore' ",1770
2012 ,"'Slovakia' ",315
2012 ,"'Slovenia' ",55
2012 ,"'South Africa' ",120
2012 ,"'Spain' ",1045
2012 ,"'Sri Lanka' ",225
2012 ,"'St Helena' ",5
2012 ,"'St Lucia' ",10
2012 ,"'St Vincent' ",5
2012 ,"'St. Kitts-Nevis' ",5
2012 ,"'Sudan' ",30
2012 ,"'Swaziland' ",5
2012 ,"'Sweden' ",740
2012 ,"'Switzerland' ",605
2012 ,"'Syria' ",25
2012 ,"'Taiwan' ",180
2012 ,"'Tajikistan' ",5
2012 ,"'Tanzania' ",70
2012 ,"'Thailand' ",445
2012 ,"'Togo' ",5
2012 ,"'Trinidad and Tobago' ",80
2012 ,"'Tunisia' ",10
2012 ,"'Turkey' ",230
2012 ,"'Turkmenistan' ",10
2012 ,"'Turks and Caicos Islands' ",15
2012 ,"'Uganda' ",85
2012 ,"'Ukraine' ",165
2012 ,"'United Arab Emirates' ",435
2012 ,"'United States of America' ",1420
2012 ,"'Uruguay' ",10
2012 ,"'Uzbekistan' ",15
2012 ,"'Venezuela' ",30
2012 ,"'Vietnam' ",475
2012 ,"'Yemen' ",10
2012 ,"'Zambia' ",55
2012 ,"'Zimbabwe' ",145
2012 ,"'Unknown' ",225
2013 ,"'United Kingdom' ",433610
2013 ,"'Afghanistan' ",10
2013 ,"'Albania' ",45
2013 ,"'Alderney' ",5
2013 ,"'Algeria' ",10
2013 ,"'Angola' ",55
2013 ,"'Anguilla' ",5
2013 ,"'Argentina' ",10
2013 ,"'Armenia' ",20
2013 ,"'Australia' ",200
2013 ,"'Austria' ",320
2013 ,"'Azerbaijan' ",140
2013 ,"'Bahamas' ",35
2013 ,"'Bahrain' ",210
2013 ,"'Bangladesh' ",175
2013 ,"'Barbados' ",40
2013 ,"'Belarus' ",25
2013 ,"'Belgium' ",600
2013 ,"'Belize' ",5
2013 ,"'Benin' ",5
2013 ,"'Bermuda' ",115
2013 ,"'Bhutan' ",5
2013 ,"'Bolivia' ",5
2013 ,"'Bosnia and Herzegovina' ",5
2013 ,"'Botswana' ",75
2013 ,"'Brazil' ",100
2013 ,"'British Antarctic Territory' ",10
2013 ,"'British Indian Ocean Territory' ",5
2013 ,"'British Virgin Islands' ",25
2013 ,"'Brunei' ",435
2013 ,"'Bulgaria' ",1775
2013 ,"'Burma (Myanmar)' ",35
2013 ,"'Cambodia' ",10
2013 ,"'Cameroon' ",30
2013 ,"'Canada' ",1125
2013 ,"'Canary Islands' ",35
2013 ,"'Cayman Islands' ",75
2013 ,"'Chile' ",15
2013 ,"'China' ",7320
2013 ,"'Colombia' ",35
2013 ,"'Congo (Democratic Republic)' ",5
2013 ,"'Costa Rica' ",5
2013 ,"'Croatia' ",30
2013 ,"'Cuba' ",5
2013 ,"'Cyprus (European Union)' ",2465
2013 ,"'Cyprus (Non-European Union)' ",20
2013 ,"'Cyprus (Not otherwise specified)' ",20
2013 ,"'Czech Republic' ",300
2013 ,"'Denmark' ",220
2013 ,"'Dominican Republic' ",5
2013 ,"'Ecuador' ",20
2013 ,"'Egypt' ",195
2013 ,"'El Salvador' ",5
2013 ,"'Estonia' ",335
2013 ,"'Ethiopia' ",15
2013 ,"'Falkland Islands' ",10
2013 ,"'Faroe Islands' ",20
2013 ,"'Finland' ",465
2013 ,"'France' ",2270
2013 ,"'Gambia' ",20
2013 ,"'Georgia' ",35
2013 ,"'Germany' ",1695
2013 ,"'Ghana' ",95
2013 ,"'Gibraltar' ",255
2013 ,"'Greece' ",1625
2013 ,"'Grenada' ",10
2013 ,"'Guatemala' ",10
2013 ,"'Guernsey' ",270
2013 ,"'Guinea' ",5
2013 ,"'Guyana' ",5
2013 ,"'Honduras' ",5
2013 ,"'Hong Kong' ",4150
2013 ,"'Hungary' ",450
2013 ,"'Iceland' ",30
2013 ,"'India' ",1595
2013 ,"'Indonesia' ",260
2013 ,"'Iran' ",135
2013 ,"'Iraq' ",10
2013 ,"'Ireland' ",2120
2013 ,"'Isle of Man' ",390
2013 ,"'Israel' ",45
2013 ,"'Italy' ",1605
2013 ,"'Ivory Coast' ",5
2013 ,"'Jamaica' ",20
2013 ,"'Japan' ",295
2013 ,"'Jersey' ",410
2013 ,"'Jordan' ",190
2013 ,"'Kazakhstan' ",235
2013 ,"'Kenya' ",385
2013 ,"'Korea (South)' ",760
2013 ,"'Kosovo' ",10
2013 ,"'Kuwait' ",225
2013 ,"'Kyrgyzstan' ",10
2013 ,"'Latvia' ",345
2013 ,"'Lebanon' ",60
2013 ,"'Lesotho' ",5
2013 ,"'Libyan AR' ",50
2013 ,"'Lithuania' ",1165
2013 ,"'Luxembourg' ",265
2013 ,"'Macao' ",100
2013 ,"'Macedonia' ",10
2013 ,"'Madagascar' ",5
2013 ,"'Malawi' ",30
2013 ,"'Malaysia' ",3175
2013 ,"'Maldive Islands' ",50
2013 ,"'Mali' ",5
2013 ,"'Malta' ",50
2013 ,"'Mauritania' ",5
2013 ,"'Mauritius' ",215
2013 ,"'Mexico' ",65
2013 ,"'Moldova' ",20
2013 ,"'Monaco' ",30
2013 ,"'Mongolia' ",25
2013 ,"'Montenegro' ",15
2013 ,"'Morocco' ",75
2013 ,"'Mozambique' ",15
2013 ,"'Namibia' ",10
2013 ,"'Nepal' ",70
2013 ,"'Netherlands' ",395
2013 ,"'New Zealand' ",40
2013 ,"'Nigeria' ",1425
2013 ,"'Norway' ",1485
2013 ,"'Oman' ",200
2013 ,"'Pakistan' ",710
2013 ,"'Palestine' ",15
2013 ,"'Panama' ",10
2013 ,"'Peru' ",30
2013 ,"'Philippines' ",60
2013 ,"'Poland' ",1110
2013 ,"'Portugal' ",485
2013 ,"'Qatar' ",235
2013 ,"'Romania' ",1710
2013 ,"'Russia' ",735
2013 ,"'Rwanda' ",5
2013 ,"'Saudi Arabia' ",525
2013 ,"'Senegal' ",5
2013 ,"'Serbia' ",60
2013 ,"'Seychelles' ",10
2013 ,"'Sierra Leone' ",5
2013 ,"'Singapore' ",2015
2013 ,"'Slovakia' ",295
2013 ,"'Slovenia' ",65
2013 ,"'South Africa' ",135
2013 ,"'South Sudan' ",5
2013 ,"'Spain' ",1260
2013 ,"'Sri Lanka' ",200
2013 ,"'St Helena' ",5
2013 ,"'St Lucia' ",5
2013 ,"'St Vincent' ",10
2013 ,"'St. Kitts-Nevis' ",5
2013 ,"'Sudan' ",20
2013 ,"'Swaziland' ",10
2013 ,"'Sweden' ",795
2013 ,"'Switzerland' ",705
2013 ,"'Syria' ",20
2013 ,"'Taiwan' ",170
2013 ,"'Tajikistan' ",5
2013 ,"'Tanzania' ",90
2013 ,"'Thailand' ",460
2013 ,"'Trinidad and Tobago' ",90
2013 ,"'Tunisia' ",20
2013 ,"'Turkey' ",250
2013 ,"'Turkmenistan' ",10
2013 ,"'Turks and Caicos Islands' ",25
2013 ,"'USSR (not otherwise specified)' ",5
2013 ,"'Uganda' ",95
2013 ,"'Ukraine' ",225
2013 ,"'United Arab Emirates' ",535
2013 ,"'United States of America' ",1495
2013 ,"'Uruguay' ",5
2013 ,"'Uzbekistan' ",15
2013 ,"'Venezuela' ",40
2013 ,"'Vietnam' ",465
2013 ,"'Yemen' ",10
2013 ,"'Zambia' ",75
2013 ,"'Zimbabwe' ",150
2013 ,"'Unknown' ",125
2014 ,"'United Kingdom' ",447450
2014 ,"'Afghanistan' ",10
2014 ,"'Albania' ",55
2014 ,"'Alderney' ",10
2014 ,"'Algeria' ",10
2014 ,"'Angola' ",70
2014 ,"'Anguilla' ",10
2014 ,"'Antigua and Barbuda' ",5
2014 ,"'Argentina' ",15
2014 ,"'Armenia' ",20
2014 ,"'Australia' ",205
2014 ,"'Austria' ",365
2014 ,"'Azerbaijan' ",165
2014 ,"'Bahamas' ",30
2014 ,"'Bahrain' ",240
2014 ,"'Bangladesh' ",195
2014 ,"'Barbados' ",30
2014 ,"'Belarus' ",25
2014 ,"'Belgium' ",635
2014 ,"'Belize' ",5
2014 ,"'Benin' ",5
2014 ,"'Bermuda' ",105
2014 ,"'Bolivia' ",5
2014 ,"'Bosnia and Herzegovina' ",5
2014 ,"'Botswana' ",80
2014 ,"'Brazil' ",140
2014 ,"'British Antarctic Territory' ",15
2014 ,"'British Indian Ocean Territory' ",5
2014 ,"'British Virgin Islands' ",50
2014 ,"'Brunei' ",470
2014 ,"'Bulgaria' ",1680
2014 ,"'Burma (Myanmar)' ",55
2014 ,"'Burundi' ",5
2014 ,"'Cambodia' ",15
2014 ,"'Cameroon' ",25
2014 ,"'Canada' ",1050
2014 ,"'Canary Islands' ",55
2014 ,"'Cayman Islands' ",80
2014 ,"'Chile' ",15
2014 ,"'China' ",6980
2014 ,"'Colombia' ",50
2014 ,"'Congo (Democratic Republic)' ",5
2014 ,"'Croatia' ",90
2014 ,"'Cyprus (European Union)' ",2510
2014 ,"'Cyprus (Non-European Union)' ",35
2014 ,"'Cyprus (Not otherwise specified)' ",10
2014 ,"'Czech Republic' ",365
2014 ,"'Denmark' ",255
2014 ,"'Dominica' ",5
2014 ,"'Ecuador' ",45
2014 ,"'Egypt' ",260
2014 ,"'El Salvador' ",5
2014 ,"'Eritrea' ",5
2014 ,"'Estonia' ",305
2014 ,"'Ethiopia' ",15
2014 ,"'Falkland Islands' ",5
2014 ,"'Faroe Islands' ",25
2014 ,"'Finland' ",505
2014 ,"'France' ",2630
2014 ,"'Gabon' ",5
2014 ,"'Gambia' ",10
2014 ,"'Georgia' ",25
2014 ,"'Germany' ",1650
2014 ,"'Ghana' ",105
2014 ,"'Gibraltar' ",245
2014 ,"'Greece' ",1650
2014 ,"'Grenada' ",10
2014 ,"'Guatemala' ",5
2014 ,"'Guernsey' ",245
2014 ,"'Hong Kong' ",4100
2014 ,"'Hungary' ",475
2014 ,"'Iceland' ",30
2014 ,"'India' ",1635
2014 ,"'Indonesia' ",285
2014 ,"'Iran' ",135
2014 ,"'Iraq' ",35
2014 ,"'Ireland' ",2065
2014 ,"'Isle of Man' ",400
2014 ,"'Israel' ",50
2014 ,"'Italy' ",2095
2014 ,"'Ivory Coast' ",5
2014 ,"'Jamaica' ",35
2014 ,"'Japan' ",350
2014 ,"'Jersey' ",390
2014 ,"'Jordan' ",215
2014 ,"'Kazakhstan' ",225
2014 ,"'Kenya' ",390
2014 ,"'Korea (South)' ",715
2014 ,"'Kosovo' ",5
2014 ,"'Kuwait' ",285
2014 ,"'Kyrgyzstan' ",10
2014 ,"'Lao PDR' ",5
2014 ,"'Latvia' ",355
2014 ,"'Lebanon' ",95
2014 ,"'Libyan AR' ",60
2014 ,"'Lithuania' ",1100
2014 ,"'Luxembourg' ",300
2014 ,"'Macao' ",120
2014 ,"'Macedonia' ",20
2014 ,"'Madagascar' ",5
2014 ,"'Malawi' ",25
2014 ,"'Malaysia' ",4025
2014 ,"'Maldive Islands' ",40
2014 ,"'Malta' ",60
2014 ,"'Martinique' ",5
2014 ,"'Mauritius' ",255
2014 ,"'Mexico' ",70
2014 ,"'Moldova' ",20
2014 ,"'Monaco' ",30
2014 ,"'Mongolia' ",20
2014 ,"'Montenegro' ",10
2014 ,"'Montserrat' ",5
2014 ,"'Morocco' ",120
2014 ,"'Mozambique' ",20
2014 ,"'Namibia' ",10
2014 ,"'Nepal' ",55
2014 ,"'Netherlands' ",410
2014 ,"'New Zealand' ",60
2014 ,"'Nigeria' ",1285
2014 ,"'Norway' ",1520
2014 ,"'Oman' ",205
2014 ,"'Pakistan' ",740
2014 ,"'Palestine' ",15
2014 ,"'Panama' ",5
2014 ,"'Peru' ",30
2014 ,"'Philippines' ",70
2014 ,"'Poland' ",1320
2014 ,"'Portugal' ",590
2014 ,"'Qatar' ",235
2014 ,"'Reunion' ",5
2014 ,"'Romania' ",1825
2014 ,"'Russia' ",885
2014 ,"'Rwanda' ",10
2014 ,"'Saudi Arabia' ",525
2014 ,"'Serbia' ",50
2014 ,"'Seychelles' ",20
2014 ,"'Sierra Leone' ",10
2014 ,"'Singapore' ",1975
2014 ,"'Sint Maarten (Dutch Part)' ",5
2014 ,"'Slovakia' ",380
2014 ,"'Slovenia' ",80
2014 ,"'Somalia' ",5
2014 ,"'South Africa' ",140
2014 ,"'Spain' ",1535
2014 ,"'Sri Lanka' ",170
2014 ,"'St Lucia' ",10
2014 ,"'St Vincent' ",5
2014 ,"'St. Kitts-Nevis' ",5
2014 ,"'Sudan' ",30
2014 ,"'Swaziland' ",5
2014 ,"'Sweden' ",825
2014 ,"'Switzerland' ",725
2014 ,"'Syria' ",10
2014 ,"'Taiwan' ",190
2014 ,"'Tajikistan' ",5
2014 ,"'Tanzania' ",90
2014 ,"'Thailand' ",515
2014 ,"'Trinidad and Tobago' ",70
2014 ,"'Tunisia' ",20
2014 ,"'Turkey' ",275
2014 ,"'Turkmenistan' ",10
2014 ,"'Turks and Caicos Islands' ",35
2014 ,"'USSR (not otherwise specified)' ",5
2014 ,"'Uganda' ",70
2014 ,"'Ukraine' ",225
2014 ,"'United Arab Emirates' ",635
2014 ,"'United States of America' ",1370
2014 ,"'Uruguay' ",10
2014 ,"'Uzbekistan' ",15
2014 ,"'Venezuela' ",35
2014 ,"'Vietnam' ",405
2014 ,"'Yemen' ",10
2014 ,"'Zambia' ",65
2014 ,"'Zimbabwe' ",175
2014 ,"'Unknown' ",155
2015 ,"'United Kingdom' ",463715
2015 ,"'Afghanistan' ",15
2015 ,"'Albania' ",45
2015 ,"'Alderney' ",5
2015 ,"'Algeria' ",30
2015 ,"'Angola' ",165
2015 ,"'Anguilla' ",10
2015 ,"'Antigua and Barbuda' ",5
2015 ,"'Argentina' ",20
2015 ,"'Armenia' ",15
2015 ,"'Australia' ",210
2015 ,"'Austria' ",350
2015 ,"'Azerbaijan' ",145
2015 ,"'Bahamas' ",20
2015 ,"'Bahrain' ",210
2015 ,"'Bangladesh' ",160
2015 ,"'Barbados' ",65
2015 ,"'Belarus' ",30
2015 ,"'Belgium' ",690
2015 ,"'Belize' ",5
2015 ,"'Benin' ",5
2015 ,"'Bermuda' ",125
2015 ,"'Bolivia' ",5
2015 ,"'Bosnia and Herzegovina' ",20
2015 ,"'Botswana' ",105
2015 ,"'Brazil' ",125
2015 ,"'British Antarctic Territory' ",15
2015 ,"'British Virgin Islands' ",35
2015 ,"'Brunei' ",355
2015 ,"'Bulgaria' ",1680
2015 ,"'Burma (Myanmar)' ",55
2015 ,"'Cambodia' ",15
2015 ,"'Cameroon' ",30
2015 ,"'Canada' ",1170
2015 ,"'Canary Islands' ",50
2015 ,"'Cape Verde' ",5
2015 ,"'Cayman Islands' ",70
2015 ,"'Chile' ",25
2015 ,"'China' ",7350
2015 ,"'Colombia' ",50
2015 ,"'Congo (Democratic Republic)' ",5
2015 ,"'Costa Rica' ",5
2015 ,"'Croatia' ",170
2015 ,"'Curacao' ",5
2015 ,"'Cyprus (European Union)' ",2520
2015 ,"'Cyprus (Non-European Union)' ",10
2015 ,"'Cyprus (Not otherwise specified)' ",10
2015 ,"'Czech Republic' ",570
2015 ,"'Denmark' ",270
2015 ,"'Djibouti' ",5
2015 ,"'Ecuador' ",40
2015 ,"'Egypt' ",345
2015 ,"'El Salvador' ",5
2015 ,"'Eritrea' ",5
2015 ,"'Estonia' ",300
2015 ,"'Ethiopia' ",20
2015 ,"'Falkland Islands' ",5
2015 ,"'Faroe Islands' ",20
2015 ,"'Fiji' ",5
2015 ,"'Finland' ",555
2015 ,"'France' ",3045
2015 ,"'Gabon' ",5
2015 ,"'Gambia' ",25
2015 ,"'Georgia' ",35
2015 ,"'Germany' ",1760
2015 ,"'Ghana' ",115
2015 ,"'Gibraltar' ",265
2015 ,"'Greece' ",1610
2015 ,"'Grenada' ",10
2015 ,"'Guatemala' ",5
2015 ,"'Guernsey' ",260
2015 ,"'Guyana' ",5
2015 ,"'Hong Kong' ",3945
2015 ,"'Hungary' ",515
2015 ,"'Iceland' ",35
2015 ,"'India' ",1655
2015 ,"'Indonesia' ",315
2015 ,"'Iran' ",110
2015 ,"'Iraq' ",20
2015 ,"'Ireland' ",2085
2015 ,"'Isle of Man' ",385
2015 ,"'Israel' ",55
2015 ,"'Italy' ",2630
2015 ,"'Ivory Coast' ",5
2015 ,"'Jamaica' ",20
2015 ,"'Japan' ",295
2015 ,"'Jersey' ",405
2015 ,"'Jordan' ",200
2015 ,"'Kazakhstan' ",240
2015 ,"'Kenya' ",390
2015 ,"'Korea (South)' ",780
2015 ,"'Kuwait' ",285
2015 ,"'Kyrgyzstan' ",10
2015 ,"'Lao PDR' ",15
2015 ,"'Latvia' ",350
2015 ,"'Lebanon' ",110
2015 ,"'Lesotho' ",5
2015 ,"'Libyan AR' ",55
2015 ,"'Liechtenstein' ",5
2015 ,"'Lithuania' ",1155
2015 ,"'Luxembourg' ",270
2015 ,"'Macao' ",150
2015 ,"'Macedonia' ",25
2015 ,"'Madagascar' ",10
2015 ,"'Malawi' ",20
2015 ,"'Malaysia' ",3970
2015 ,"'Maldive Islands' ",50
2015 ,"'Malta' ",60
2015 ,"'Mauritius' ",210
2015 ,"'Mexico' ",60
2015 ,"'Moldova' ",15
2015 ,"'Monaco' ",35
2015 ,"'Mongolia' ",25
2015 ,"'Montenegro' ",10
2015 ,"'Montserrat' ",5
2015 ,"'Morocco' ",135
2015 ,"'Mozambique' ",20
2015 ,"'Namibia' ",15
2015 ,"'Nepal' ",40
2015 ,"'Netherlands' ",480
2015 ,"'New Caledonia' ",5
2015 ,"'New Zealand' ",60
2015 ,"'Nigeria' ",1230
2015 ,"'Norway' ",1420
2015 ,"'Oman' ",245
2015 ,"'Pakistan' ",675
2015 ,"'Palestine' ",15
2015 ,"'Panama' ",10
2015 ,"'Peru' ",40
2015 ,"'Philippines' ",80
2015 ,"'Poland' ",1655
2015 ,"'Portugal' ",800
2015 ,"'Qatar' ",230
2015 ,"'Reunion' ",10
2015 ,"'Romania' ",2450
2015 ,"'Russia' ",930
2015 ,"'Rwanda' ",15
2015 ,"'Saudi Arabia' ",530
2015 ,"'Senegal' ",5
2015 ,"'Serbia' ",50
2015 ,"'Seychelles' ",40
2015 ,"'Sierra Leone' ",10
2015 ,"'Singapore' ",1950
2015 ,"'Slovakia' ",370
2015 ,"'Slovenia' ",75
2015 ,"'Somalia' ",5
2015 ,"'South Africa' ",200
2015 ,"'South Sudan' ",5
2015 ,"'Spain' ",1800
2015 ,"'Sri Lanka' ",135
2015 ,"'St Helena' ",5
2015 ,"'St Lucia' ",40
2015 ,"'St Vincent' ",5
2015 ,"'St. Kitts-Nevis' ",5
2015 ,"'Sudan' ",25
2015 ,"'Swaziland' ",10
2015 ,"'Sweden' ",750
2015 ,"'Switzerland' ",825
2015 ,"'Syria' ",10
2015 ,"'Taiwan' ",220
2015 ,"'Tanzania' ",85
2015 ,"'Thailand' ",540
2015 ,"'Trinidad and Tobago' ",105
2015 ,"'Tunisia' ",20
2015 ,"'Turkey' ",270
2015 ,"'Turkmenistan' ",5
2015 ,"'Turks and Caicos Islands' ",30
2015 ,"'USSR (not otherwise specified)' ",5
2015 ,"'Uganda' ",65
2015 ,"'Ukraine' ",175
2015 ,"'United Arab Emirates' ",765
2015 ,"'United States of America' ",1480
2015 ,"'Uruguay' ",5
2015 ,"'Uzbekistan' ",25
2015 ,"'Venezuela' ",35
2015 ,"'Vietnam' ",320
2015 ,"'Yemen' ",5
2015 ,"'Zambia' ",75
2015 ,"'Zimbabwe' ",170
2015 ,"'Unknown' ",225
2016 ,"'United Kingdom' ",465480
2016 ,"'Afghanistan' ",5
2016 ,"'Albania' ",55
2016 ,"'Alderney' ",5
2016 ,"'Algeria' ",30
2016 ,"'Andorra' ",5
2016 ,"'Angola' ",130
2016 ,"'Anguilla' ",10
2016 ,"'Antigua and Barbuda' ",5
2016 ,"'Argentina' ",20
2016 ,"'Armenia' ",30
2016 ,"'Aruba' ",5
2016 ,"'Australia' ",190
2016 ,"'Austria' ",370
2016 ,"'Azerbaijan' ",95
2016 ,"'Bahamas' ",30
2016 ,"'Bahrain' ",200
2016 ,"'Bangladesh' ",125
2016 ,"'Barbados' ",30
2016 ,"'Belarus' ",25
2016 ,"'Belgium' ",645
2016 ,"'Belize' ",5
2016 ,"'Benin' ",5
2016 ,"'Bermuda' ",125
2016 ,"'Bhutan' ",5
2016 ,"'Bolivia' ",10
2016 ,"'Bosnia and Herzegovina' ",10
2016 ,"'Botswana' ",100
2016 ,"'Brazil' ",140
2016 ,"'British Antarctic Territory' ",10
2016 ,"'British Virgin Islands' ",40
2016 ,"'Brunei' ",295
2016 ,"'Bulgaria' ",1830
2016 ,"'Burma (Myanmar)' ",95
2016 ,"'Cambodia' ",15
2016 ,"'Cameroon' ",15
2016 ,"'Canada' ",1125
2016 ,"'Canary Islands' ",70
2016 ,"'Cayman Islands' ",80
2016 ,"'Chile' ",25
2016 ,"'China' ",7990
2016 ,"'Colombia' ",55
2016 ,"'Costa Rica' ",5
2016 ,"'Croatia' ",250
2016 ,"'Curacao' ",5
2016 ,"'Cyprus (European Union)' ",2340
2016 ,"'Cyprus (Non-European Union)' ",15
2016 ,"'Cyprus (Not otherwise specified)' ",10
2016 ,"'Czech Republic' ",750
2016 ,"'Denmark' ",285
2016 ,"'Dominica' ",5
2016 ,"'Dominican Republic' ",5
2016 ,"'Ecuador' ",105
2016 ,"'Egypt' ",405
2016 ,"'El Salvador' ",10
2016 ,"'Eritrea' ",5
2016 ,"'Estonia' ",295
2016 ,"'Ethiopia' ",10
2016 ,"'Falkland Islands' ",10
2016 ,"'Faroe Islands' ",20
2016 ,"'Finland' ",555
2016 ,"'France' ",3130
2016 ,"'French West Indies' ",5
2016 ,"'Gabon' ",5
2016 ,"'Gambia' ",10
2016 ,"'Georgia' ",20
2016 ,"'Germany' ",2120
2016 ,"'Ghana' ",105
2016 ,"'Gibraltar' ",265
2016 ,"'Greece' ",1710
2016 ,"'Grenada' ",5
2016 ,"'Guatemala' ",5
2016 ,"'Guernsey' ",285
2016 ,"'Hong Kong' ",3880
2016 ,"'Hungary' ",575
2016 ,"'Iceland' ",40
2016 ,"'India' ",1700
2016 ,"'Indonesia' ",335
2016 ,"'Iran' ",135
2016 ,"'Iraq' ",20
2016 ,"'Ireland' ",1960
2016 ,"'Isle of Man' ",405
2016 ,"'Israel' ",55
2016 ,"'Italy' ",2665
2016 ,"'Ivory Coast' ",10
2016 ,"'Jamaica' ",25
2016 ,"'Japan' ",285
2016 ,"'Jersey' ",455
2016 ,"'Jordan' ",225
2016 ,"'Kazakhstan' ",205
2016 ,"'Kenya' ",385
2016 ,"'Korea (South)' ",845
2016 ,"'Kosovo' ",5
2016 ,"'Kuwait' ",290
2016 ,"'Kyrgyzstan' ",15
2016 ,"'Lao PDR' ",10
2016 ,"'Latvia' ",375
2016 ,"'Lebanon' ",135
2016 ,"'Lesotho' ",5
2016 ,"'Libyan AR' ",65
2016 ,"'Lithuania' ",1240
2016 ,"'Luxembourg' ",275
2016 ,"'Macao' ",155
2016 ,"'Macedonia' ",25
2016 ,"'Madagascar' ",10
2016 ,"'Malawi' ",35
2016 ,"'Malaysia' ",3460
2016 ,"'Maldive Islands' ",55
2016 ,"'Malta' ",70
2016 ,"'Martinique' ",5
2016 ,"'Mauritania' ",5
2016 ,"'Mauritius' ",190
2016 ,"'Mexico' ",70
2016 ,"'Moldova' ",10
2016 ,"'Monaco' ",40
2016 ,"'Mongolia' ",20
2016 ,"'Montenegro' ",10
2016 ,"'Montserrat' ",5
2016 ,"'Morocco' ",115
2016 ,"'Mozambique' ",20
2016 ,"'Namibia' ",15
2016 ,"'Nepal' ",35
2016 ,"'Netherlands' ",490
2016 ,"'New Caledonia' ",5
2016 ,"'New Zealand' ",60
2016 ,"'Nigeria' ",965
2016 ,"'Norway' ",995
2016 ,"'Oman' ",195
2016 ,"'Pakistan' ",665
2016 ,"'Palestine' ",15
2016 ,"'Panama' ",10
2016 ,"'Paraguay' ",5
2016 ,"'Peru' ",40
2016 ,"'Philippines' ",65
2016 ,"'Poland' ",2105
2016 ,"'Portugal' ",965
2016 ,"'Puerto Rico' ",5
2016 ,"'Qatar' ",225
2016 ,"'Reunion' ",5
2016 ,"'Romania' ",2520
2016 ,"'Russia' ",730
2016 ,"'Rwanda' ",5
2016 ,"'Saudi Arabia' ",455
2016 ,"'Senegal' ",10
2016 ,"'Serbia' ",60
2016 ,"'Seychelles' ",35
2016 ,"'Sierra Leone' ",10
2016 ,"'Singapore' ",1625
2016 ,"'Sint Maarten (Dutch Part)' ",5
2016 ,"'Slovakia' ",555
2016 ,"'Slovenia' ",85
2016 ,"'Somalia' ",5
2016 ,"'South Africa' ",215
2016 ,"'Spain' ",2120
2016 ,"'Sri Lanka' ",125
2016 ,"'St Helena' ",5
2016 ,"'St Lucia' ",20
2016 ,"'St Vincent' ",5
2016 ,"'St. Kitts-Nevis' ",5
2016 ,"'Sudan' ",30
2016 ,"'Swaziland' ",5
2016 ,"'Sweden' ",700
2016 ,"'Switzerland' ",850
2016 ,"'Syria' ",10
2016 ,"'Taiwan' ",225
2016 ,"'Tajikistan' ",5
2016 ,"'Tanzania' ",75
2016 ,"'Thailand' ",560
2016 ,"'Togo' ",5
2016 ,"'Trinidad and Tobago' ",95
2016 ,"'Tunisia' ",25
2016 ,"'Turkey' ",345
2016 ,"'Turks and Caicos Islands' ",40
2016 ,"'US Trust Territories' ",5
2016 ,"'USSR (not otherwise specified)' ",5
2016 ,"'Uganda' ",65
2016 ,"'Ukraine' ",160
2016 ,"'United Arab Emirates' ",755
2016 ,"'United States of America' ",1605
2016 ,"'Uruguay' ",10
2016 ,"'Uzbekistan' ",30
2016 ,"'Venezuela' ",25
2016 ,"'Vietnam' ",310
2016 ,"'Yemen' ",5
2016 ,"'Zambia' ",75
2016 ,"'Zimbabwe' ",170
2016 ,"'Unknown' ",290
