"Statistic:   Number of Applicants"
"Variables:   Achieved A-Level point score , Ethnic Group (Summary Level) , Cycle Year"
"Coverage:   Applied before June deadline, UK domiciled (excluding Scotland) 18 year olds and hold at least 3 A levels"
"For a list of key definitions and descriptions please refer to the PDF file provided - EOC_data_resource_2016-DR2_044_06.pdf"
 
Cycle Year,Achieved A-Level point score , Ethnic Group (Summary Level),Number of Applicants,
2010 ,"'3 points' ","'Asian' ",65
2010 ,"'3 points' ","'Black' ",25
2010 ,"'3 points' ","'Mixed' ",10
2010 ,"'3 points' ","'White' ",340
2010 ,"'3 points' ","'Other' ",5
2010 ,"'3 points' ","'Unknown' ",5
2010 ,"'4 points' ","'Asian' ",210
2010 ,"'4 points' ","'Black' ",90
2010 ,"'4 points' ","'Mixed' ",55
2010 ,"'4 points' ","'White' ",1185
2010 ,"'4 points' ","'Other' ",5
2010 ,"'4 points' ","'Unknown' ",5
2010 ,"'5 points' ","'Asian' ",430
2010 ,"'5 points' ","'Black' ",185
2010 ,"'5 points' ","'Mixed' ",95
2010 ,"'5 points' ","'White' ",2885
2010 ,"'5 points' ","'Other' ",30
2010 ,"'5 points' ","'Unknown' ",15
2010 ,"'6 points' ","'Asian' ",770
2010 ,"'6 points' ","'Black' ",310
2010 ,"'6 points' ","'Mixed' ",195
2010 ,"'6 points' ","'White' ",5275
2010 ,"'6 points' ","'Other' ",60
2010 ,"'6 points' ","'Unknown' ",35
2010 ,"'7 points' ","'Asian' ",1070
2010 ,"'7 points' ","'Black' ",480
2010 ,"'7 points' ","'Mixed' ",275
2010 ,"'7 points' ","'White' ",7950
2010 ,"'7 points' ","'Other' ",85
2010 ,"'7 points' ","'Unknown' ",40
2010 ,"'8 points' ","'Asian' ",1315
2010 ,"'8 points' ","'Black' ",625
2010 ,"'8 points' ","'Mixed' ",375
2010 ,"'8 points' ","'White' ",10705
2010 ,"'8 points' ","'Other' ",105
2010 ,"'8 points' ","'Unknown' ",60
2010 ,"'9 points' ","'Asian' ",1605
2010 ,"'9 points' ","'Black' ",675
2010 ,"'9 points' ","'Mixed' ",470
2010 ,"'9 points' ","'White' ",13455
2010 ,"'9 points' ","'Other' ",130
2010 ,"'9 points' ","'Unknown' ",75
2010 ,"'10 points' ","'Asian' ",1715
2010 ,"'10 points' ","'Black' ",640
2010 ,"'10 points' ","'Mixed' ",550
2010 ,"'10 points' ","'White' ",14815
2010 ,"'10 points' ","'Other' ",145
2010 ,"'10 points' ","'Unknown' ",90
2010 ,"'11 points' ","'Asian' ",1690
2010 ,"'11 points' ","'Black' ",610
2010 ,"'11 points' ","'Mixed' ",565
2010 ,"'11 points' ","'White' ",15650
2010 ,"'11 points' ","'Other' ",165
2010 ,"'11 points' ","'Unknown' ",100
2010 ,"'12 points' ","'Asian' ",1725
2010 ,"'12 points' ","'Black' ",520
2010 ,"'12 points' ","'Mixed' ",590
2010 ,"'12 points' ","'White' ",15980
2010 ,"'12 points' ","'Other' ",175
2010 ,"'12 points' ","'Unknown' ",120
2010 ,"'13 points' ","'Asian' ",1600
2010 ,"'13 points' ","'Black' ",460
2010 ,"'13 points' ","'Mixed' ",545
2010 ,"'13 points' ","'White' ",15110
2010 ,"'13 points' ","'Other' ",145
2010 ,"'13 points' ","'Unknown' ",105
2010 ,"'14 points' ","'Asian' ",1470
2010 ,"'14 points' ","'Black' ",340
2010 ,"'14 points' ","'Mixed' ",505
2010 ,"'14 points' ","'White' ",13840
2010 ,"'14 points' ","'Other' ",120
2010 ,"'14 points' ","'Unknown' ",100
2010 ,"'15 points' ","'Asian' ",1570
2010 ,"'15 points' ","'Black' ",245
2010 ,"'15 points' ","'Mixed' ",495
2010 ,"'15 points' ","'White' ",13805
2010 ,"'15 points' ","'Other' ",145
2010 ,"'15 points' ","'Unknown' ",140
2010 ,"'16 points' ","'Asian' ",1105
2010 ,"'16 points' ","'Black' ",150
2010 ,"'16 points' ","'Mixed' ",420
2010 ,"'16 points' ","'White' ",10105
2010 ,"'16 points' ","'Other' ",85
2010 ,"'16 points' ","'Unknown' ",100
2010 ,"'17 points' ","'Asian' ",695
2010 ,"'17 points' ","'Black' ",75
2010 ,"'17 points' ","'Mixed' ",250
2010 ,"'17 points' ","'White' ",5945
2010 ,"'17 points' ","'Other' ",45
2010 ,"'17 points' ","'Unknown' ",80
2010 ,"'18 points' ","'Asian' ",630
2010 ,"'18 points' ","'Black' ",25
2010 ,"'18 points' ","'Mixed' ",210
2010 ,"'18 points' ","'White' ",4380
2010 ,"'18 points' ","'Other' ",40
2010 ,"'18 points' ","'Unknown' ",75
2011 ,"'3 points' ","'Asian' ",60
2011 ,"'3 points' ","'Black' ",25
2011 ,"'3 points' ","'Mixed' ",10
2011 ,"'3 points' ","'White' ",240
2011 ,"'4 points' ","'Asian' ",195
2011 ,"'4 points' ","'Black' ",95
2011 ,"'4 points' ","'Mixed' ",45
2011 ,"'4 points' ","'White' ",940
2011 ,"'4 points' ","'Other' ",10
2011 ,"'4 points' ","'Unknown' ",10
2011 ,"'5 points' ","'Asian' ",400
2011 ,"'5 points' ","'Black' ",230
2011 ,"'5 points' ","'Mixed' ",90
2011 ,"'5 points' ","'White' ",2385
2011 ,"'5 points' ","'Other' ",25
2011 ,"'5 points' ","'Unknown' ",15
2011 ,"'6 points' ","'Asian' ",795
2011 ,"'6 points' ","'Black' ",345
2011 ,"'6 points' ","'Mixed' ",185
2011 ,"'6 points' ","'White' ",4560
2011 ,"'6 points' ","'Other' ",60
2011 ,"'6 points' ","'Unknown' ",20
2011 ,"'7 points' ","'Asian' ",1105
2011 ,"'7 points' ","'Black' ",515
2011 ,"'7 points' ","'Mixed' ",285
2011 ,"'7 points' ","'White' ",7390
2011 ,"'7 points' ","'Other' ",85
2011 ,"'7 points' ","'Unknown' ",30
2011 ,"'8 points' ","'Asian' ",1355
2011 ,"'8 points' ","'Black' ",640
2011 ,"'8 points' ","'Mixed' ",405
2011 ,"'8 points' ","'White' ",10335
2011 ,"'8 points' ","'Other' ",120
2011 ,"'8 points' ","'Unknown' ",65
2011 ,"'9 points' ","'Asian' ",1645
2011 ,"'9 points' ","'Black' ",740
2011 ,"'9 points' ","'Mixed' ",550
2011 ,"'9 points' ","'White' ",13215
2011 ,"'9 points' ","'Other' ",155
2011 ,"'9 points' ","'Unknown' ",60
2011 ,"'10 points' ","'Asian' ",1790
2011 ,"'10 points' ","'Black' ",675
2011 ,"'10 points' ","'Mixed' ",585
2011 ,"'10 points' ","'White' ",15165
2011 ,"'10 points' ","'Other' ",155
2011 ,"'10 points' ","'Unknown' ",80
2011 ,"'11 points' ","'Asian' ",1735
2011 ,"'11 points' ","'Black' ",635
2011 ,"'11 points' ","'Mixed' ",635
2011 ,"'11 points' ","'White' ",15605
2011 ,"'11 points' ","'Other' ",150
2011 ,"'11 points' ","'Unknown' ",80
2011 ,"'12 points' ","'Asian' ",1710
2011 ,"'12 points' ","'Black' ",610
2011 ,"'12 points' ","'Mixed' ",650
2011 ,"'12 points' ","'White' ",16160
2011 ,"'12 points' ","'Other' ",170
2011 ,"'12 points' ","'Unknown' ",95
2011 ,"'13 points' ","'Asian' ",1630
2011 ,"'13 points' ","'Black' ",470
2011 ,"'13 points' ","'Mixed' ",630
2011 ,"'13 points' ","'White' ",15070
2011 ,"'13 points' ","'Other' ",155
2011 ,"'13 points' ","'Unknown' ",105
2011 ,"'14 points' ","'Asian' ",1450
2011 ,"'14 points' ","'Black' ",385
2011 ,"'14 points' ","'Mixed' ",605
2011 ,"'14 points' ","'White' ",13880
2011 ,"'14 points' ","'Other' ",145
2011 ,"'14 points' ","'Unknown' ",95
2011 ,"'15 points' ","'Asian' ",1535
2011 ,"'15 points' ","'Black' ",290
2011 ,"'15 points' ","'Mixed' ",550
2011 ,"'15 points' ","'White' ",13535
2011 ,"'15 points' ","'Other' ",145
2011 ,"'15 points' ","'Unknown' ",110
2011 ,"'16 points' ","'Asian' ",1175
2011 ,"'16 points' ","'Black' ",190
2011 ,"'16 points' ","'Mixed' ",455
2011 ,"'16 points' ","'White' ",10160
2011 ,"'16 points' ","'Other' ",100
2011 ,"'16 points' ","'Unknown' ",120
2011 ,"'17 points' ","'Asian' ",700
2011 ,"'17 points' ","'Black' ",105
2011 ,"'17 points' ","'Mixed' ",270
2011 ,"'17 points' ","'White' ",6015
2011 ,"'17 points' ","'Other' ",55
2011 ,"'17 points' ","'Unknown' ",70
2011 ,"'18 points' ","'Asian' ",680
2011 ,"'18 points' ","'Black' ",40
2011 ,"'18 points' ","'Mixed' ",220
2011 ,"'18 points' ","'White' ",4675
2011 ,"'18 points' ","'Other' ",55
2011 ,"'18 points' ","'Unknown' ",85
2012 ,"'3 points' ","'Asian' ",40
2012 ,"'3 points' ","'Black' ",15
2012 ,"'3 points' ","'Mixed' ",10
2012 ,"'3 points' ","'White' ",170
2012 ,"'3 points' ","'Other' ",5
2012 ,"'4 points' ","'Asian' ",170
2012 ,"'4 points' ","'Black' ",100
2012 ,"'4 points' ","'Mixed' ",50
2012 ,"'4 points' ","'White' ",830
2012 ,"'4 points' ","'Other' ",15
2012 ,"'4 points' ","'Unknown' ",5
2012 ,"'5 points' ","'Asian' ",395
2012 ,"'5 points' ","'Black' ",230
2012 ,"'5 points' ","'Mixed' ",95
2012 ,"'5 points' ","'White' ",2035
2012 ,"'5 points' ","'Other' ",35
2012 ,"'5 points' ","'Unknown' ",10
2012 ,"'6 points' ","'Asian' ",725
2012 ,"'6 points' ","'Black' ",375
2012 ,"'6 points' ","'Mixed' ",190
2012 ,"'6 points' ","'White' ",4140
2012 ,"'6 points' ","'Other' ",65
2012 ,"'6 points' ","'Unknown' ",30
2012 ,"'7 points' ","'Asian' ",1040
2012 ,"'7 points' ","'Black' ",540
2012 ,"'7 points' ","'Mixed' ",300
2012 ,"'7 points' ","'White' ",6695
2012 ,"'7 points' ","'Other' ",90
2012 ,"'7 points' ","'Unknown' ",40
2012 ,"'8 points' ","'Asian' ",1320
2012 ,"'8 points' ","'Black' ",650
2012 ,"'8 points' ","'Mixed' ",385
2012 ,"'8 points' ","'White' ",9385
2012 ,"'8 points' ","'Other' ",120
2012 ,"'8 points' ","'Unknown' ",50
2012 ,"'9 points' ","'Asian' ",1570
2012 ,"'9 points' ","'Black' ",725
2012 ,"'9 points' ","'Mixed' ",510
2012 ,"'9 points' ","'White' ",12245
2012 ,"'9 points' ","'Other' ",170
2012 ,"'9 points' ","'Unknown' ",60
2012 ,"'10 points' ","'Asian' ",1665
2012 ,"'10 points' ","'Black' ",730
2012 ,"'10 points' ","'Mixed' ",560
2012 ,"'10 points' ","'White' ",14235
2012 ,"'10 points' ","'Other' ",190
2012 ,"'10 points' ","'Unknown' ",65
2012 ,"'11 points' ","'Asian' ",1760
2012 ,"'11 points' ","'Black' ",665
2012 ,"'11 points' ","'Mixed' ",605
2012 ,"'11 points' ","'White' ",15090
2012 ,"'11 points' ","'Other' ",200
2012 ,"'11 points' ","'Unknown' ",80
2012 ,"'12 points' ","'Asian' ",1765
2012 ,"'12 points' ","'Black' ",625
2012 ,"'12 points' ","'Mixed' ",640
2012 ,"'12 points' ","'White' ",15570
2012 ,"'12 points' ","'Other' ",175
2012 ,"'12 points' ","'Unknown' ",75
2012 ,"'13 points' ","'Asian' ",1665
2012 ,"'13 points' ","'Black' ",485
2012 ,"'13 points' ","'Mixed' ",615
2012 ,"'13 points' ","'White' ",14870
2012 ,"'13 points' ","'Other' ",195
2012 ,"'13 points' ","'Unknown' ",100
2012 ,"'14 points' ","'Asian' ",1440
2012 ,"'14 points' ","'Black' ",395
2012 ,"'14 points' ","'Mixed' ",580
2012 ,"'14 points' ","'White' ",13420
2012 ,"'14 points' ","'Other' ",155
2012 ,"'14 points' ","'Unknown' ",95
2012 ,"'15 points' ","'Asian' ",1580
2012 ,"'15 points' ","'Black' ",260
2012 ,"'15 points' ","'Mixed' ",550
2012 ,"'15 points' ","'White' ",13105
2012 ,"'15 points' ","'Other' ",155
2012 ,"'15 points' ","'Unknown' ",100
2012 ,"'16 points' ","'Asian' ",1205
2012 ,"'16 points' ","'Black' ",160
2012 ,"'16 points' ","'Mixed' ",470
2012 ,"'16 points' ","'White' ",9655
2012 ,"'16 points' ","'Other' ",95
2012 ,"'16 points' ","'Unknown' ",85
2012 ,"'17 points' ","'Asian' ",670
2012 ,"'17 points' ","'Black' ",90
2012 ,"'17 points' ","'Mixed' ",270
2012 ,"'17 points' ","'White' ",5775
2012 ,"'17 points' ","'Other' ",65
2012 ,"'17 points' ","'Unknown' ",60
2012 ,"'18 points' ","'Asian' ",695
2012 ,"'18 points' ","'Black' ",45
2012 ,"'18 points' ","'Mixed' ",240
2012 ,"'18 points' ","'White' ",4485
2012 ,"'18 points' ","'Other' ",55
2012 ,"'18 points' ","'Unknown' ",70
2013 ,"'3 points' ","'Asian' ",45
2013 ,"'3 points' ","'Black' ",25
2013 ,"'3 points' ","'Mixed' ",10
2013 ,"'3 points' ","'White' ",190
2013 ,"'3 points' ","'Other' ",5
2013 ,"'4 points' ","'Asian' ",150
2013 ,"'4 points' ","'Black' ",75
2013 ,"'4 points' ","'Mixed' ",40
2013 ,"'4 points' ","'White' ",695
2013 ,"'4 points' ","'Other' ",15
2013 ,"'4 points' ","'Unknown' ",10
2013 ,"'5 points' ","'Asian' ",380
2013 ,"'5 points' ","'Black' ",215
2013 ,"'5 points' ","'Mixed' ",100
2013 ,"'5 points' ","'White' ",1930
2013 ,"'5 points' ","'Other' ",30
2013 ,"'5 points' ","'Unknown' ",10
2013 ,"'6 points' ","'Asian' ",655
2013 ,"'6 points' ","'Black' ",340
2013 ,"'6 points' ","'Mixed' ",165
2013 ,"'6 points' ","'White' ",3895
2013 ,"'6 points' ","'Other' ",55
2013 ,"'6 points' ","'Unknown' ",15
2013 ,"'7 points' ","'Asian' ",1010
2013 ,"'7 points' ","'Black' ",555
2013 ,"'7 points' ","'Mixed' ",285
2013 ,"'7 points' ","'White' ",6385
2013 ,"'7 points' ","'Other' ",100
2013 ,"'7 points' ","'Unknown' ",35
2013 ,"'8 points' ","'Asian' ",1335
2013 ,"'8 points' ","'Black' ",680
2013 ,"'8 points' ","'Mixed' ",420
2013 ,"'8 points' ","'White' ",9055
2013 ,"'8 points' ","'Other' ",140
2013 ,"'8 points' ","'Unknown' ",40
2013 ,"'9 points' ","'Asian' ",1595
2013 ,"'9 points' ","'Black' ",815
2013 ,"'9 points' ","'Mixed' ",495
2013 ,"'9 points' ","'White' ",12030
2013 ,"'9 points' ","'Other' ",160
2013 ,"'9 points' ","'Unknown' ",45
2013 ,"'10 points' ","'Asian' ",1755
2013 ,"'10 points' ","'Black' ",860
2013 ,"'10 points' ","'Mixed' ",605
2013 ,"'10 points' ","'White' ",14030
2013 ,"'10 points' ","'Other' ",205
2013 ,"'10 points' ","'Unknown' ",70
2013 ,"'11 points' ","'Asian' ",1760
2013 ,"'11 points' ","'Black' ",780
2013 ,"'11 points' ","'Mixed' ",650
2013 ,"'11 points' ","'White' ",14940
2013 ,"'11 points' ","'Other' ",180
2013 ,"'11 points' ","'Unknown' ",55
2013 ,"'12 points' ","'Asian' ",1850
2013 ,"'12 points' ","'Black' ",700
2013 ,"'12 points' ","'Mixed' ",705
2013 ,"'12 points' ","'White' ",15720
2013 ,"'12 points' ","'Other' ",190
2013 ,"'12 points' ","'Unknown' ",75
2013 ,"'13 points' ","'Asian' ",1775
2013 ,"'13 points' ","'Black' ",560
2013 ,"'13 points' ","'Mixed' ",655
2013 ,"'13 points' ","'White' ",14640
2013 ,"'13 points' ","'Other' ",190
2013 ,"'13 points' ","'Unknown' ",90
2013 ,"'14 points' ","'Asian' ",1530
2013 ,"'14 points' ","'Black' ",370
2013 ,"'14 points' ","'Mixed' ",600
2013 ,"'14 points' ","'White' ",13290
2013 ,"'14 points' ","'Other' ",165
2013 ,"'14 points' ","'Unknown' ",75
2013 ,"'15 points' ","'Asian' ",1555
2013 ,"'15 points' ","'Black' ",320
2013 ,"'15 points' ","'Mixed' ",580
2013 ,"'15 points' ","'White' ",12825
2013 ,"'15 points' ","'Other' ",140
2013 ,"'15 points' ","'Unknown' ",100
2013 ,"'16 points' ","'Asian' ",1215
2013 ,"'16 points' ","'Black' ",185
2013 ,"'16 points' ","'Mixed' ",520
2013 ,"'16 points' ","'White' ",9310
2013 ,"'16 points' ","'Other' ",110
2013 ,"'16 points' ","'Unknown' ",80
2013 ,"'17 points' ","'Asian' ",705
2013 ,"'17 points' ","'Black' ",75
2013 ,"'17 points' ","'Mixed' ",280
2013 ,"'17 points' ","'White' ",5500
2013 ,"'17 points' ","'Other' ",60
2013 ,"'17 points' ","'Unknown' ",50
2013 ,"'18 points' ","'Asian' ",710
2013 ,"'18 points' ","'Black' ",45
2013 ,"'18 points' ","'Mixed' ",210
2013 ,"'18 points' ","'White' ",4220
2013 ,"'18 points' ","'Other' ",50
2013 ,"'18 points' ","'Unknown' ",55
2014 ,"'3 points' ","'Asian' ",50
2014 ,"'3 points' ","'Black' ",20
2014 ,"'3 points' ","'Mixed' ",10
2014 ,"'3 points' ","'White' ",195
2014 ,"'4 points' ","'Asian' ",190
2014 ,"'4 points' ","'Black' ",90
2014 ,"'4 points' ","'Mixed' ",40
2014 ,"'4 points' ","'White' ",755
2014 ,"'4 points' ","'Other' ",10
2014 ,"'4 points' ","'Unknown' ",5
2014 ,"'5 points' ","'Asian' ",410
2014 ,"'5 points' ","'Black' ",190
2014 ,"'5 points' ","'Mixed' ",100
2014 ,"'5 points' ","'White' ",1970
2014 ,"'5 points' ","'Other' ",45
2014 ,"'5 points' ","'Unknown' ",15
2014 ,"'6 points' ","'Asian' ",805
2014 ,"'6 points' ","'Black' ",385
2014 ,"'6 points' ","'Mixed' ",200
2014 ,"'6 points' ","'White' ",3990
2014 ,"'6 points' ","'Other' ",70
2014 ,"'6 points' ","'Unknown' ",25
2014 ,"'7 points' ","'Asian' ",1080
2014 ,"'7 points' ","'Black' ",535
2014 ,"'7 points' ","'Mixed' ",290
2014 ,"'7 points' ","'White' ",6460
2014 ,"'7 points' ","'Other' ",115
2014 ,"'7 points' ","'Unknown' ",30
2014 ,"'8 points' ","'Asian' ",1450
2014 ,"'8 points' ","'Black' ",750
2014 ,"'8 points' ","'Mixed' ",450
2014 ,"'8 points' ","'White' ",9215
2014 ,"'8 points' ","'Other' ",140
2014 ,"'8 points' ","'Unknown' ",35
2014 ,"'9 points' ","'Asian' ",1650
2014 ,"'9 points' ","'Black' ",830
2014 ,"'9 points' ","'Mixed' ",560
2014 ,"'9 points' ","'White' ",11770
2014 ,"'9 points' ","'Other' ",180
2014 ,"'9 points' ","'Unknown' ",50
2014 ,"'10 points' ","'Asian' ",1895
2014 ,"'10 points' ","'Black' ",855
2014 ,"'10 points' ","'Mixed' ",635
2014 ,"'10 points' ","'White' ",13710
2014 ,"'10 points' ","'Other' ",195
2014 ,"'10 points' ","'Unknown' ",65
2014 ,"'11 points' ","'Asian' ",1810
2014 ,"'11 points' ","'Black' ",805
2014 ,"'11 points' ","'Mixed' ",640
2014 ,"'11 points' ","'White' ",14485
2014 ,"'11 points' ","'Other' ",235
2014 ,"'11 points' ","'Unknown' ",65
2014 ,"'12 points' ","'Asian' ",1930
2014 ,"'12 points' ","'Black' ",645
2014 ,"'12 points' ","'Mixed' ",670
2014 ,"'12 points' ","'White' ",15095
2014 ,"'12 points' ","'Other' ",230
2014 ,"'12 points' ","'Unknown' ",70
2014 ,"'13 points' ","'Asian' ",1700
2014 ,"'13 points' ","'Black' ",540
2014 ,"'13 points' ","'Mixed' ",645
2014 ,"'13 points' ","'White' ",14015
2014 ,"'13 points' ","'Other' ",195
2014 ,"'13 points' ","'Unknown' ",80
2014 ,"'14 points' ","'Asian' ",1555
2014 ,"'14 points' ","'Black' ",445
2014 ,"'14 points' ","'Mixed' ",605
2014 ,"'14 points' ","'White' ",12570
2014 ,"'14 points' ","'Other' ",145
2014 ,"'14 points' ","'Unknown' ",75
2014 ,"'15 points' ","'Asian' ",1480
2014 ,"'15 points' ","'Black' ",310
2014 ,"'15 points' ","'Mixed' ",610
2014 ,"'15 points' ","'White' ",11600
2014 ,"'15 points' ","'Other' ",150
2014 ,"'15 points' ","'Unknown' ",95
2014 ,"'16 points' ","'Asian' ",1115
2014 ,"'16 points' ","'Black' ",185
2014 ,"'16 points' ","'Mixed' ",455
2014 ,"'16 points' ","'White' ",8930
2014 ,"'16 points' ","'Other' ",130
2014 ,"'16 points' ","'Unknown' ",75
2014 ,"'17 points' ","'Asian' ",680
2014 ,"'17 points' ","'Black' ",90
2014 ,"'17 points' ","'Mixed' ",320
2014 ,"'17 points' ","'White' ",5745
2014 ,"'17 points' ","'Other' ",75
2014 ,"'17 points' ","'Unknown' ",50
2014 ,"'18 points' ","'Asian' ",740
2014 ,"'18 points' ","'Black' ",50
2014 ,"'18 points' ","'Mixed' ",290
2014 ,"'18 points' ","'White' ",4385
2014 ,"'18 points' ","'Other' ",70
2014 ,"'18 points' ","'Unknown' ",45
2015 ,"'3 points' ","'Asian' ",45
2015 ,"'3 points' ","'Black' ",25
2015 ,"'3 points' ","'Mixed' ",10
2015 ,"'3 points' ","'White' ",165
2015 ,"'3 points' ","'Other' ",5
2015 ,"'4 points' ","'Asian' ",175
2015 ,"'4 points' ","'Black' ",100
2015 ,"'4 points' ","'Mixed' ",40
2015 ,"'4 points' ","'White' ",695
2015 ,"'4 points' ","'Other' ",10
2015 ,"'4 points' ","'Unknown' ",5
2015 ,"'5 points' ","'Asian' ",415
2015 ,"'5 points' ","'Black' ",240
2015 ,"'5 points' ","'Mixed' ",95
2015 ,"'5 points' ","'White' ",1835
2015 ,"'5 points' ","'Other' ",35
2015 ,"'5 points' ","'Unknown' ",20
2015 ,"'6 points' ","'Asian' ",745
2015 ,"'6 points' ","'Black' ",430
2015 ,"'6 points' ","'Mixed' ",215
2015 ,"'6 points' ","'White' ",3805
2015 ,"'6 points' ","'Other' ",80
2015 ,"'6 points' ","'Unknown' ",25
2015 ,"'7 points' ","'Asian' ",1155
2015 ,"'7 points' ","'Black' ",610
2015 ,"'7 points' ","'Mixed' ",375
2015 ,"'7 points' ","'White' ",6325
2015 ,"'7 points' ","'Other' ",130
2015 ,"'7 points' ","'Unknown' ",50
2015 ,"'8 points' ","'Asian' ",1495
2015 ,"'8 points' ","'Black' ",770
2015 ,"'8 points' ","'Mixed' ",520
2015 ,"'8 points' ","'White' ",9305
2015 ,"'8 points' ","'Other' ",170
2015 ,"'8 points' ","'Unknown' ",65
2015 ,"'9 points' ","'Asian' ",1825
2015 ,"'9 points' ","'Black' ",840
2015 ,"'9 points' ","'Mixed' ",610
2015 ,"'9 points' ","'White' ",12220
2015 ,"'9 points' ","'Other' ",215
2015 ,"'9 points' ","'Unknown' ",65
2015 ,"'10 points' ","'Asian' ",1965
2015 ,"'10 points' ","'Black' ",895
2015 ,"'10 points' ","'Mixed' ",720
2015 ,"'10 points' ","'White' ",14050
2015 ,"'10 points' ","'Other' ",225
2015 ,"'10 points' ","'Unknown' ",80
2015 ,"'11 points' ","'Asian' ",1945
2015 ,"'11 points' ","'Black' ",820
2015 ,"'11 points' ","'Mixed' ",715
2015 ,"'11 points' ","'White' ",15070
2015 ,"'11 points' ","'Other' ",230
2015 ,"'11 points' ","'Unknown' ",90
2015 ,"'12 points' ","'Asian' ",1960
2015 ,"'12 points' ","'Black' ",710
2015 ,"'12 points' ","'Mixed' ",810
2015 ,"'12 points' ","'White' ",15480
2015 ,"'12 points' ","'Other' ",205
2015 ,"'12 points' ","'Unknown' ",90
2015 ,"'13 points' ","'Asian' ",1800
2015 ,"'13 points' ","'Black' ",545
2015 ,"'13 points' ","'Mixed' ",760
2015 ,"'13 points' ","'White' ",14365
2015 ,"'13 points' ","'Other' ",220
2015 ,"'13 points' ","'Unknown' ",110
2015 ,"'14 points' ","'Asian' ",1595
2015 ,"'14 points' ","'Black' ",420
2015 ,"'14 points' ","'Mixed' ",650
2015 ,"'14 points' ","'White' ",12645
2015 ,"'14 points' ","'Other' ",175
2015 ,"'14 points' ","'Unknown' ",105
2015 ,"'15 points' ","'Asian' ",1485
2015 ,"'15 points' ","'Black' ",335
2015 ,"'15 points' ","'Mixed' ",585
2015 ,"'15 points' ","'White' ",11540
2015 ,"'15 points' ","'Other' ",160
2015 ,"'15 points' ","'Unknown' ",100
2015 ,"'16 points' ","'Asian' ",1185
2015 ,"'16 points' ","'Black' ",215
2015 ,"'16 points' ","'Mixed' ",480
2015 ,"'16 points' ","'White' ",8935
2015 ,"'16 points' ","'Other' ",105
2015 ,"'16 points' ","'Unknown' ",115
2015 ,"'17 points' ","'Asian' ",800
2015 ,"'17 points' ","'Black' ",105
2015 ,"'17 points' ","'Mixed' ",330
2015 ,"'17 points' ","'White' ",5790
2015 ,"'17 points' ","'Other' ",60
2015 ,"'17 points' ","'Unknown' ",75
2015 ,"'18 points' ","'Asian' ",750
2015 ,"'18 points' ","'Black' ",55
2015 ,"'18 points' ","'Mixed' ",255
2015 ,"'18 points' ","'White' ",4465
2015 ,"'18 points' ","'Other' ",65
2015 ,"'18 points' ","'Unknown' ",80
2016 ,"'3 points' ","'Asian' ",50
2016 ,"'3 points' ","'Black' ",15
2016 ,"'3 points' ","'Mixed' ",15
2016 ,"'3 points' ","'White' ",155
2016 ,"'3 points' ","'Other' ",5
2016 ,"'3 points' ","'Unknown' ",5
2016 ,"'4 points' ","'Asian' ",185
2016 ,"'4 points' ","'Black' ",95
2016 ,"'4 points' ","'Mixed' ",40
2016 ,"'4 points' ","'White' ",675
2016 ,"'4 points' ","'Other' ",20
2016 ,"'4 points' ","'Unknown' ",10
2016 ,"'5 points' ","'Asian' ",390
2016 ,"'5 points' ","'Black' ",255
2016 ,"'5 points' ","'Mixed' ",110
2016 ,"'5 points' ","'White' ",1860
2016 ,"'5 points' ","'Other' ",50
2016 ,"'5 points' ","'Unknown' ",15
2016 ,"'6 points' ","'Asian' ",800
2016 ,"'6 points' ","'Black' ",410
2016 ,"'6 points' ","'Mixed' ",240
2016 ,"'6 points' ","'White' ",3700
2016 ,"'6 points' ","'Other' ",70
2016 ,"'6 points' ","'Unknown' ",35
2016 ,"'7 points' ","'Asian' ",1185
2016 ,"'7 points' ","'Black' ",570
2016 ,"'7 points' ","'Mixed' ",360
2016 ,"'7 points' ","'White' ",6400
2016 ,"'7 points' ","'Other' ",125
2016 ,"'7 points' ","'Unknown' ",55
2016 ,"'8 points' ","'Asian' ",1605
2016 ,"'8 points' ","'Black' ",720
2016 ,"'8 points' ","'Mixed' ",510
2016 ,"'8 points' ","'White' ",9195
2016 ,"'8 points' ","'Other' ",195
2016 ,"'8 points' ","'Unknown' ",75
2016 ,"'9 points' ","'Asian' ",1950
2016 ,"'9 points' ","'Black' ",910
2016 ,"'9 points' ","'Mixed' ",615
2016 ,"'9 points' ","'White' ",11970
2016 ,"'9 points' ","'Other' ",235
2016 ,"'9 points' ","'Unknown' ",90
2016 ,"'10 points' ","'Asian' ",2075
2016 ,"'10 points' ","'Black' ",825
2016 ,"'10 points' ","'Mixed' ",770
2016 ,"'10 points' ","'White' ",13820
2016 ,"'10 points' ","'Other' ",240
2016 ,"'10 points' ","'Unknown' ",95
2016 ,"'11 points' ","'Asian' ",2110
2016 ,"'11 points' ","'Black' ",900
2016 ,"'11 points' ","'Mixed' ",775
2016 ,"'11 points' ","'White' ",14805
2016 ,"'11 points' ","'Other' ",225
2016 ,"'11 points' ","'Unknown' ",110
2016 ,"'12 points' ","'Asian' ",2075
2016 ,"'12 points' ","'Black' ",720
2016 ,"'12 points' ","'Mixed' ",840
2016 ,"'12 points' ","'White' ",15470
2016 ,"'12 points' ","'Other' ",255
2016 ,"'12 points' ","'Unknown' ",110
2016 ,"'13 points' ","'Asian' ",1960
2016 ,"'13 points' ","'Black' ",600
2016 ,"'13 points' ","'Mixed' ",725
2016 ,"'13 points' ","'White' ",14220
2016 ,"'13 points' ","'Other' ",190
2016 ,"'13 points' ","'Unknown' ",120
2016 ,"'14 points' ","'Asian' ",1615
2016 ,"'14 points' ","'Black' ",505
2016 ,"'14 points' ","'Mixed' ",665
2016 ,"'14 points' ","'White' ",12615
2016 ,"'14 points' ","'Other' ",190
2016 ,"'14 points' ","'Unknown' ",110
2016 ,"'15 points' ","'Asian' ",1590
2016 ,"'15 points' ","'Black' ",370
2016 ,"'15 points' ","'Mixed' ",640
2016 ,"'15 points' ","'White' ",11275
2016 ,"'15 points' ","'Other' ",155
2016 ,"'15 points' ","'Unknown' ",120
2016 ,"'16 points' ","'Asian' ",1190
2016 ,"'16 points' ","'Black' ",235
2016 ,"'16 points' ","'Mixed' ",515
2016 ,"'16 points' ","'White' ",8920
2016 ,"'16 points' ","'Other' ",130
2016 ,"'16 points' ","'Unknown' ",85
2016 ,"'17 points' ","'Asian' ",760
2016 ,"'17 points' ","'Black' ",95
2016 ,"'17 points' ","'Mixed' ",350
2016 ,"'17 points' ","'White' ",5455
2016 ,"'17 points' ","'Other' ",80
2016 ,"'17 points' ","'Unknown' ",65
2016 ,"'18 points' ","'Asian' ",785
2016 ,"'18 points' ","'Black' ",65
2016 ,"'18 points' ","'Mixed' ",270
2016 ,"'18 points' ","'White' ",3925
2016 ,"'18 points' ","'Other' ",50
2016 ,"'18 points' ","'Unknown' ",40
