"Statistic:   Number of Acceptances"
"Variables:   Applicant Domicile (Low Level � Overseas Country Focus) , Cycle Year"
"Coverage:   Applied before June deadline"
"For a list of key definitions and descriptions please refer to the PDF file provided - EOC_data_resource_2016-DR2_002_05.pdf"
 
Cycle Year,Applicant Domicile (Low Level � Overseas Country Focus),Number of Acceptances,
2006 ,"'United Kingdom' ",316885
2006 ,"'Afghanistan' ",10
2006 ,"'Albania' ",20
2006 ,"'Alderney' ",5
2006 ,"'Algeria' ",15
2006 ,"'Angola' ",35
2006 ,"'Anguilla' ",10
2006 ,"'Antigua and Barbuda' ",5
2006 ,"'Argentina' ",5
2006 ,"'Armenia' ",5
2006 ,"'Australia' ",85
2006 ,"'Austria' ",210
2006 ,"'Azerbaijan' ",25
2006 ,"'Bahamas' ",35
2006 ,"'Bahrain' ",130
2006 ,"'Bangladesh' ",225
2006 ,"'Barbados' ",55
2006 ,"'Belarus' ",20
2006 ,"'Belgium' ",490
2006 ,"'Bermuda' ",35
2006 ,"'Bolivia' ",5
2006 ,"'Bosnia and Herzegovina' ",5
2006 ,"'Botswana' ",110
2006 ,"'Brazil' ",55
2006 ,"'British Antarctic Territory' ",5
2006 ,"'British Virgin Islands' ",15
2006 ,"'Brunei' ",330
2006 ,"'Bulgaria' ",120
2006 ,"'Burma (Myanmar)' ",40
2006 ,"'Cameroon' ",75
2006 ,"'Canada' ",545
2006 ,"'Cayman Islands' ",15
2006 ,"'Chile' ",5
2006 ,"'China' ",3630
2006 ,"'Colombia' ",10
2006 ,"'Congo (Democratic Republic)' ",5
2006 ,"'Congo (Peoples Republic)' ",5
2006 ,"'Croatia' ",15
2006 ,"'Cyprus (Not otherwise specified)' ",1845
2006 ,"'Czech Republic' ",205
2006 ,"'Denmark' ",185
2006 ,"'Dominica' ",5
2006 ,"'Ecuador' ",5
2006 ,"'Egypt' ",50
2006 ,"'El Salvador' ",5
2006 ,"'Equatorial Guinea' ",5
2006 ,"'Eritrea' ",5
2006 ,"'Estonia' ",120
2006 ,"'Ethiopia' ",10
2006 ,"'Falkland Islands' ",10
2006 ,"'Finland' ",315
2006 ,"'France' ",2005
2006 ,"'French West Indies' ",10
2006 ,"'Gambia' ",55
2006 ,"'Georgia' ",10
2006 ,"'Germany' ",1905
2006 ,"'Ghana' ",235
2006 ,"'Gibraltar' ",175
2006 ,"'Greece' ",1235
2006 ,"'Greenland' ",20
2006 ,"'Grenada' ",10
2006 ,"'Guernsey' ",290
2006 ,"'Guinea' ",5
2006 ,"'Guyana' ",10
2006 ,"'Hong Kong' ",2055
2006 ,"'Hungary' ",165
2006 ,"'Iceland' ",25
2006 ,"'India' ",1050
2006 ,"'Indonesia' ",95
2006 ,"'Iran' ",225
2006 ,"'Iraq' ",5
2006 ,"'Ireland' ",2500
2006 ,"'Isle of Man' ",390
2006 ,"'Israel' ",55
2006 ,"'Italy' ",565
2006 ,"'Ivory Coast' ",10
2006 ,"'Jamaica' ",50
2006 ,"'Japan' ",510
2006 ,"'Jersey' ",495
2006 ,"'Jordan' ",140
2006 ,"'Kazakhstan' ",255
2006 ,"'Kenya' ",480
2006 ,"'Korea (South)' ",470
2006 ,"'Korea DRY (North)' ",5
2006 ,"'Kuwait' ",95
2006 ,"'Kyrgyzstan' ",10
2006 ,"'Latvia' ",260
2006 ,"'Lebanon' ",55
2006 ,"'Lesotho' ",5
2006 ,"'Libyan AR' ",20
2006 ,"'Lithuania' ",460
2006 ,"'Luxembourg' ",210
2006 ,"'Macao' ",35
2006 ,"'Macedonia' ",5
2006 ,"'Madagascar' ",5
2006 ,"'Malawi' ",55
2006 ,"'Malaysia' ",1455
2006 ,"'Maldive Islands' ",25
2006 ,"'Malta' ",70
2006 ,"'Mauritius' ",270
2006 ,"'Mexico' ",40
2006 ,"'Moldova' ",20
2006 ,"'Monaco' ",15
2006 ,"'Mongolia' ",15
2006 ,"'Morocco' ",25
2006 ,"'Mozambique' ",5
2006 ,"'Namibia' ",10
2006 ,"'Nepal' ",55
2006 ,"'Netherlands' ",310
2006 ,"'Netherlands Antilles' ",5
2006 ,"'New Zealand' ",20
2006 ,"'Nigeria' ",1620
2006 ,"'Norway' ",495
2006 ,"'Oman' ",75
2006 ,"'Pakistan' ",1135
2006 ,"'Paraguay' ",5
2006 ,"'Peru' ",15
2006 ,"'Philippines' ",35
2006 ,"'Poland' ",1395
2006 ,"'Portugal' ",355
2006 ,"'Qatar' ",45
2006 ,"'Romania' ",75
2006 ,"'Russia' ",365
2006 ,"'Rwanda' ",5
2006 ,"'Saudi Arabia' ",165
2006 ,"'Senegal' ",5
2006 ,"'Serbia' ",30
2006 ,"'Seychelles' ",20
2006 ,"'Sierra Leone' ",15
2006 ,"'Singapore' ",700
2006 ,"'Slovakia' ",175
2006 ,"'Slovenia' ",25
2006 ,"'South Africa' ",135
2006 ,"'Spain' ",650
2006 ,"'Sri Lanka' ",575
2006 ,"'St Lucia' ",25
2006 ,"'St Vincent' ",5
2006 ,"'St. Kitts-Nevis' ",10
2006 ,"'Sudan' ",15
2006 ,"'Swaziland' ",10
2006 ,"'Sweden' ",670
2006 ,"'Switzerland' ",335
2006 ,"'Syria' ",20
2006 ,"'Taiwan' ",170
2006 ,"'Tanzania' ",105
2006 ,"'Thailand' ",230
2006 ,"'Togo' ",5
2006 ,"'Trinidad and Tobago' ",110
2006 ,"'Tunisia' ",10
2006 ,"'Turkey' ",120
2006 ,"'Turkmenistan' ",5
2006 ,"'Turks and Caicos Islands' ",5
2006 ,"'Uganda' ",135
2006 ,"'Ukraine' ",50
2006 ,"'United Arab Emirates' ",225
2006 ,"'United States of America' ",850
2006 ,"'Uzbekistan' ",15
2006 ,"'Venezuela' ",15
2006 ,"'Vietnam' ",265
2006 ,"'Yemen' ",10
2006 ,"'Zambia' ",80
2006 ,"'Zimbabwe' ",345
2007 ,"'United Kingdom' ",334135
2007 ,"'Afghanistan' ",10
2007 ,"'Albania' ",40
2007 ,"'Alderney' ",5
2007 ,"'Algeria' ",20
2007 ,"'Angola' ",55
2007 ,"'Anguilla' ",5
2007 ,"'Antigua and Barbuda' ",10
2007 ,"'Argentina' ",5
2007 ,"'Armenia' ",5
2007 ,"'Australia' ",95
2007 ,"'Austria' ",225
2007 ,"'Azerbaijan' ",15
2007 ,"'Bahamas' ",40
2007 ,"'Bahrain' ",130
2007 ,"'Bangladesh' ",165
2007 ,"'Barbados' ",50
2007 ,"'Belarus' ",10
2007 ,"'Belgium' ",495
2007 ,"'Benin' ",5
2007 ,"'Bermuda' ",55
2007 ,"'Bosnia and Herzegovina' ",5
2007 ,"'Botswana' ",105
2007 ,"'Brazil' ",55
2007 ,"'British Antarctic Territory' ",5
2007 ,"'British Virgin Islands' ",20
2007 ,"'Brunei' ",540
2007 ,"'Bulgaria' ",380
2007 ,"'Burma (Myanmar)' ",35
2007 ,"'Cambodia' ",5
2007 ,"'Cameroon' ",65
2007 ,"'Canada' ",565
2007 ,"'Cayman Islands' ",20
2007 ,"'Chile' ",5
2007 ,"'China' ",3890
2007 ,"'Colombia' ",10
2007 ,"'Congo (Democratic Republic)' ",5
2007 ,"'Costa Rica' ",5
2007 ,"'Croatia' ",20
2007 ,"'Cyprus (Not otherwise specified)' ",2335
2007 ,"'Czech Republic' ",200
2007 ,"'Denmark' ",195
2007 ,"'Dominica' ",10
2007 ,"'Dominican Republic' ",5
2007 ,"'Ecuador' ",5
2007 ,"'Egypt' ",50
2007 ,"'Estonia' ",185
2007 ,"'Ethiopia' ",10
2007 ,"'Falkland Islands' ",5
2007 ,"'Faroe Islands' ",35
2007 ,"'Fiji' ",5
2007 ,"'Finland' ",345
2007 ,"'France' ",2255
2007 ,"'French West Indies' ",5
2007 ,"'Gabon' ",5
2007 ,"'Gambia' ",50
2007 ,"'Georgia' ",15
2007 ,"'Germany' ",2025
2007 ,"'Ghana' ",205
2007 ,"'Gibraltar' ",170
2007 ,"'Greece' ",1385
2007 ,"'Grenada' ",5
2007 ,"'Guernsey' ",300
2007 ,"'Guinea' ",10
2007 ,"'Guyana' ",10
2007 ,"'Hong Kong' ",2225
2007 ,"'Hungary' ",145
2007 ,"'Iceland' ",30
2007 ,"'India' ",1075
2007 ,"'Indonesia' ",75
2007 ,"'Iran' ",295
2007 ,"'Iraq' ",10
2007 ,"'Ireland' ",2410
2007 ,"'Isle of Man' ",365
2007 ,"'Israel' ",35
2007 ,"'Italy' ",615
2007 ,"'Ivory Coast' ",5
2007 ,"'Jamaica' ",50
2007 ,"'Japan' ",435
2007 ,"'Jersey' ",485
2007 ,"'Jordan' ",165
2007 ,"'Kazakhstan' ",340
2007 ,"'Kenya' ",415
2007 ,"'Korea (South)' ",490
2007 ,"'Kuwait' ",95
2007 ,"'Kyrgyzstan' ",10
2007 ,"'Latvia' ",305
2007 ,"'Lebanon' ",30
2007 ,"'Lesotho' ",5
2007 ,"'Libyan AR' ",25
2007 ,"'Lithuania' ",545
2007 ,"'Luxembourg' ",220
2007 ,"'Macao' ",40
2007 ,"'Macedonia' ",5
2007 ,"'Malawi' ",70
2007 ,"'Malaysia' ",1660
2007 ,"'Maldive Islands' ",30
2007 ,"'Malta' ",65
2007 ,"'Mauritius' ",250
2007 ,"'Mexico' ",50
2007 ,"'Moldova' ",20
2007 ,"'Monaco' ",20
2007 ,"'Mongolia' ",10
2007 ,"'Montserrat' ",5
2007 ,"'Morocco' ",35
2007 ,"'Mozambique' ",5
2007 ,"'Namibia' ",10
2007 ,"'Nepal' ",45
2007 ,"'Netherlands' ",380
2007 ,"'New Zealand' ",30
2007 ,"'Nigeria' ",1435
2007 ,"'Norway' ",560
2007 ,"'Oman' ",100
2007 ,"'Pakistan' ",1135
2007 ,"'Palestine' ",5
2007 ,"'Peru' ",20
2007 ,"'Philippines' ",30
2007 ,"'Poland' ",1735
2007 ,"'Portugal' ",345
2007 ,"'Qatar' ",70
2007 ,"'Romania' ",245
2007 ,"'Russia' ",375
2007 ,"'Rwanda' ",5
2007 ,"'Saudi Arabia' ",200
2007 ,"'Senegal' ",5
2007 ,"'Serbia' ",25
2007 ,"'Seychelles' ",20
2007 ,"'Sierra Leone' ",30
2007 ,"'Singapore' ",705
2007 ,"'Slovakia' ",190
2007 ,"'Slovenia' ",35
2007 ,"'South Africa' ",130
2007 ,"'Spain' ",680
2007 ,"'Sri Lanka' ",595
2007 ,"'St Lucia' ",35
2007 ,"'St Vincent' ",10
2007 ,"'St. Kitts-Nevis' ",5
2007 ,"'Sudan' ",10
2007 ,"'Swaziland' ",10
2007 ,"'Sweden' ",695
2007 ,"'Switzerland' ",325
2007 ,"'Syria' ",10
2007 ,"'Taiwan' ",150
2007 ,"'Tajikistan' ",5
2007 ,"'Tanzania' ",95
2007 ,"'Thailand' ",210
2007 ,"'Togo' ",5
2007 ,"'Trinidad and Tobago' ",95
2007 ,"'Tunisia' ",15
2007 ,"'Turkey' ",160
2007 ,"'Turkmenistan' ",5
2007 ,"'Turks and Caicos Islands' ",10
2007 ,"'Uganda' ",120
2007 ,"'Ukraine' ",70
2007 ,"'United Arab Emirates' ",250
2007 ,"'United States of America' ",890
2007 ,"'Uzbekistan' ",20
2007 ,"'Venezuela' ",20
2007 ,"'Vietnam' ",265
2007 ,"'Yemen' ",10
2007 ,"'Zambia' ",70
2007 ,"'Zimbabwe' ",250
2007 ,"'Unknown' ",35
2008 ,"'United Kingdom' ",368610
2008 ,"'Afghanistan' ",5
2008 ,"'Albania' ",30
2008 ,"'Alderney' ",10
2008 ,"'Algeria' ",10
2008 ,"'Angola' ",50
2008 ,"'Anguilla' ",10
2008 ,"'Antigua and Barbuda' ",10
2008 ,"'Argentina' ",10
2008 ,"'Armenia' ",5
2008 ,"'Australia' ",135
2008 ,"'Austria' ",240
2008 ,"'Azerbaijan' ",40
2008 ,"'Bahamas' ",40
2008 ,"'Bahrain' ",140
2008 ,"'Bangladesh' ",195
2008 ,"'Barbados' ",50
2008 ,"'Belarus' ",20
2008 ,"'Belgium' ",515
2008 ,"'Benin' ",5
2008 ,"'Bermuda' ",110
2008 ,"'Bolivia' ",5
2008 ,"'Bosnia and Herzegovina' ",5
2008 ,"'Botswana' ",165
2008 ,"'Brazil' ",60
2008 ,"'British Antarctic Territory' ",30
2008 ,"'British Virgin Islands' ",25
2008 ,"'Brunei' ",455
2008 ,"'Bulgaria' ",790
2008 ,"'Burma (Myanmar)' ",25
2008 ,"'Cambodia' ",5
2008 ,"'Cameroon' ",65
2008 ,"'Canada' ",730
2008 ,"'Cayman Islands' ",25
2008 ,"'Chile' ",5
2008 ,"'China' ",4450
2008 ,"'Colombia' ",20
2008 ,"'Congo (Democratic Republic)' ",15
2008 ,"'Croatia' ",15
2008 ,"'Cyprus (Not otherwise specified)' ",2100
2008 ,"'Czech Republic' ",190
2008 ,"'Denmark' ",225
2008 ,"'Dominica' ",5
2008 ,"'Dominican Republic' ",5
2008 ,"'Ecuador' ",5
2008 ,"'Egypt' ",65
2008 ,"'El Salvador' ",5
2008 ,"'Equatorial Guinea' ",5
2008 ,"'Estonia' ",215
2008 ,"'Ethiopia' ",15
2008 ,"'Falkland Islands' ",5
2008 ,"'Faroe Islands' ",30
2008 ,"'Finland' ",360
2008 ,"'France' ",2265
2008 ,"'French West Indies' ",5
2008 ,"'Gambia' ",50
2008 ,"'Georgia' ",10
2008 ,"'Germany' ",2090
2008 ,"'Ghana' ",165
2008 ,"'Gibraltar' ",175
2008 ,"'Greece' ",1405
2008 ,"'Grenada' ",5
2008 ,"'Guatemala' ",5
2008 ,"'Guernsey' ",280
2008 ,"'Guinea' ",5
2008 ,"'Guyana' ",10
2008 ,"'Hong Kong' ",2255
2008 ,"'Hungary' ",180
2008 ,"'Iceland' ",45
2008 ,"'India' ",1105
2008 ,"'Indonesia' ",85
2008 ,"'Iran' ",255
2008 ,"'Iraq' ",5
2008 ,"'Ireland' ",2405
2008 ,"'Isle of Man' ",380
2008 ,"'Israel' ",55
2008 ,"'Italy' ",650
2008 ,"'Ivory Coast' ",10
2008 ,"'Jamaica' ",35
2008 ,"'Japan' ",350
2008 ,"'Jersey' ",475
2008 ,"'Jordan' ",145
2008 ,"'Kazakhstan' ",265
2008 ,"'Kenya' ",435
2008 ,"'Korea (South)' ",515
2008 ,"'Kuwait' ",80
2008 ,"'Kyrgyzstan' ",10
2008 ,"'Latvia' ",300
2008 ,"'Lebanon' ",30
2008 ,"'Libyan AR' ",35
2008 ,"'Liechtenstein' ",5
2008 ,"'Lithuania' ",635
2008 ,"'Luxembourg' ",225
2008 ,"'Macao' ",45
2008 ,"'Macedonia' ",5
2008 ,"'Madagascar' ",5
2008 ,"'Malawi' ",50
2008 ,"'Malaysia' ",1745
2008 ,"'Maldive Islands' ",30
2008 ,"'Malta' ",80
2008 ,"'Mauritius' ",220
2008 ,"'Mexico' ",50
2008 ,"'Moldova' ",25
2008 ,"'Monaco' ",20
2008 ,"'Mongolia' ",10
2008 ,"'Montenegro' ",5
2008 ,"'Montserrat' ",5
2008 ,"'Morocco' ",30
2008 ,"'Namibia' ",10
2008 ,"'Nepal' ",30
2008 ,"'Netherlands' ",420
2008 ,"'Netherlands Antilles' ",5
2008 ,"'New Zealand' ",40
2008 ,"'Nigeria' ",1345
2008 ,"'Norway' ",705
2008 ,"'Oman' ",105
2008 ,"'Pakistan' ",1105
2008 ,"'Palestine' ",10
2008 ,"'Panama' ",5
2008 ,"'Peru' ",10
2008 ,"'Philippines' ",45
2008 ,"'Poland' ",1300
2008 ,"'Portugal' ",325
2008 ,"'Qatar' ",95
2008 ,"'Reunion' ",5
2008 ,"'Romania' ",530
2008 ,"'Russia' ",420
2008 ,"'Rwanda' ",10
2008 ,"'Saudi Arabia' ",285
2008 ,"'Senegal' ",15
2008 ,"'Serbia' ",25
2008 ,"'Seychelles' ",15
2008 ,"'Sierra Leone' ",10
2008 ,"'Singapore' ",880
2008 ,"'Slovakia' ",225
2008 ,"'Slovenia' ",40
2008 ,"'Somalia' ",5
2008 ,"'South Africa' ",135
2008 ,"'Spain' ",660
2008 ,"'Sri Lanka' ",555
2008 ,"'St Helena' ",5
2008 ,"'St Lucia' ",15
2008 ,"'St Vincent' ",15
2008 ,"'St. Kitts-Nevis' ",5
2008 ,"'Sudan' ",20
2008 ,"'Swaziland' ",10
2008 ,"'Sweden' ",730
2008 ,"'Switzerland' ",385
2008 ,"'Syria' ",10
2008 ,"'Taiwan' ",185
2008 ,"'Tanzania' ",115
2008 ,"'Thailand' ",265
2008 ,"'Togo' ",5
2008 ,"'Trinidad and Tobago' ",75
2008 ,"'Tunisia' ",5
2008 ,"'Turkey' ",180
2008 ,"'Turkmenistan' ",5
2008 ,"'Turks and Caicos Islands' ",10
2008 ,"'Uganda' ",120
2008 ,"'Ukraine' ",75
2008 ,"'United Arab Emirates' ",320
2008 ,"'United States of America' ",905
2008 ,"'Uzbekistan' ",15
2008 ,"'Venezuela' ",20
2008 ,"'Vietnam' ",255
2008 ,"'Yemen' ",10
2008 ,"'Zambia' ",65
2008 ,"'Zimbabwe' ",205
2008 ,"'Unknown' ",150
2009 ,"'United Kingdom' ",393710
2009 ,"'Afghanistan' ",5
2009 ,"'Albania' ",35
2009 ,"'Alderney' ",5
2009 ,"'Algeria' ",20
2009 ,"'Angola' ",30
2009 ,"'Anguilla' ",10
2009 ,"'Antigua and Barbuda' ",5
2009 ,"'Argentina' ",10
2009 ,"'Armenia' ",10
2009 ,"'Australia' ",105
2009 ,"'Austria' ",270
2009 ,"'Azerbaijan' ",60
2009 ,"'Bahamas' ",40
2009 ,"'Bahrain' ",125
2009 ,"'Bangladesh' ",210
2009 ,"'Barbados' ",60
2009 ,"'Belarus' ",15
2009 ,"'Belgium' ",580
2009 ,"'Belize' ",5
2009 ,"'Benin' ",5
2009 ,"'Bermuda' ",125
2009 ,"'Bolivia' ",5
2009 ,"'Bosnia and Herzegovina' ",5
2009 ,"'Botswana' ",105
2009 ,"'Brazil' ",55
2009 ,"'British Antarctic Territory' ",15
2009 ,"'British Indian Ocean Territory' ",5
2009 ,"'British Virgin Islands' ",25
2009 ,"'Brunei' ",495
2009 ,"'Bulgaria' ",1235
2009 ,"'Burma (Myanmar)' ",35
2009 ,"'Cambodia' ",5
2009 ,"'Cameroon' ",45
2009 ,"'Canada' ",820
2009 ,"'Canary Islands' ",5
2009 ,"'Cayman Islands' ",30
2009 ,"'Chile' ",5
2009 ,"'China' ",4730
2009 ,"'Colombia' ",15
2009 ,"'Congo (Democratic Republic)' ",5
2009 ,"'Congo (Peoples Republic)' ",5
2009 ,"'Costa Rica' ",5
2009 ,"'Croatia' ",20
2009 ,"'Cyprus (European Union)' ",1345
2009 ,"'Cyprus (Non-European Union)' ",20
2009 ,"'Cyprus (Not otherwise specified)' ",1135
2009 ,"'Czech Republic' ",190
2009 ,"'Denmark' ",210
2009 ,"'Ecuador' ",10
2009 ,"'Egypt' ",75
2009 ,"'El Salvador' ",5
2009 ,"'Eritrea' ",5
2009 ,"'Estonia' ",295
2009 ,"'Ethiopia' ",10
2009 ,"'Falkland Islands' ",15
2009 ,"'Faroe Islands' ",40
2009 ,"'Fiji' ",5
2009 ,"'Finland' ",410
2009 ,"'France' ",2515
2009 ,"'French Polynesia' ",5
2009 ,"'French West Indies' ",5
2009 ,"'Gambia' ",55
2009 ,"'Georgia' ",35
2009 ,"'Germany' ",2250
2009 ,"'Ghana' ",90
2009 ,"'Gibraltar' ",165
2009 ,"'Greece' ",1410
2009 ,"'Grenada' ",5
2009 ,"'Guatemala' ",5
2009 ,"'Guernsey' ",275
2009 ,"'Guinea' ",5
2009 ,"'Guyana' ",5
2009 ,"'Hong Kong' ",2185
2009 ,"'Hungary' ",215
2009 ,"'Iceland' ",20
2009 ,"'India' ",1175
2009 ,"'Indonesia' ",100
2009 ,"'Iran' ",340
2009 ,"'Iraq' ",5
2009 ,"'Ireland' ",2640
2009 ,"'Isle of Man' ",365
2009 ,"'Israel' ",35
2009 ,"'Italy' ",835
2009 ,"'Ivory Coast' ",5
2009 ,"'Jamaica' ",20
2009 ,"'Japan' ",270
2009 ,"'Jersey' ",450
2009 ,"'Jordan' ",145
2009 ,"'Kazakhstan' ",350
2009 ,"'Kenya' ",375
2009 ,"'Korea (South)' ",525
2009 ,"'Kuwait' ",90
2009 ,"'Kyrgyzstan' ",5
2009 ,"'Latvia' ",410
2009 ,"'Lebanon' ",25
2009 ,"'Libyan AR' ",60
2009 ,"'Lithuania' ",850
2009 ,"'Luxembourg' ",235
2009 ,"'Macao' ",60
2009 ,"'Macedonia' ",5
2009 ,"'Madagascar' ",5
2009 ,"'Malawi' ",40
2009 ,"'Malaysia' ",2025
2009 ,"'Maldive Islands' ",20
2009 ,"'Malta' ",60
2009 ,"'Mauritius' ",280
2009 ,"'Mexico' ",50
2009 ,"'Moldova' ",30
2009 ,"'Monaco' ",30
2009 ,"'Mongolia' ",10
2009 ,"'Montenegro' ",5
2009 ,"'Montserrat' ",5
2009 ,"'Morocco' ",45
2009 ,"'Mozambique' ",5
2009 ,"'Namibia' ",10
2009 ,"'Nepal' ",70
2009 ,"'Netherlands' ",410
2009 ,"'Netherlands Antilles' ",5
2009 ,"'New Zealand' ",40
2009 ,"'Nigeria' ",1270
2009 ,"'Norway' ",880
2009 ,"'Oman' ",80
2009 ,"'Pakistan' ",890
2009 ,"'Palestine' ",15
2009 ,"'Panama' ",5
2009 ,"'Papua New Guinea' ",5
2009 ,"'Peru' ",15
2009 ,"'Philippines' ",45
2009 ,"'Poland' ",1110
2009 ,"'Portugal' ",310
2009 ,"'Qatar' ",125
2009 ,"'Reunion' ",5
2009 ,"'Romania' ",855
2009 ,"'Russia' ",415
2009 ,"'Rwanda' ",10
2009 ,"'Saudi Arabia' ",360
2009 ,"'Senegal' ",15
2009 ,"'Serbia' ",40
2009 ,"'Seychelles' ",10
2009 ,"'Sierra Leone' ",15
2009 ,"'Singapore' ",1065
2009 ,"'Slovakia' ",245
2009 ,"'Slovenia' ",35
2009 ,"'South Africa' ",130
2009 ,"'Spain' ",795
2009 ,"'Sri Lanka' ",355
2009 ,"'St Lucia' ",25
2009 ,"'St Vincent' ",15
2009 ,"'St. Kitts-Nevis' ",5
2009 ,"'Sudan' ",15
2009 ,"'Swaziland' ",5
2009 ,"'Sweden' ",775
2009 ,"'Switzerland' ",440
2009 ,"'Syria' ",10
2009 ,"'Taiwan' ",135
2009 ,"'Tanzania' ",85
2009 ,"'Thailand' ",275
2009 ,"'Togo' ",5
2009 ,"'Trinidad and Tobago' ",85
2009 ,"'Tunisia' ",10
2009 ,"'Turkey' ",170
2009 ,"'Turkmenistan' ",10
2009 ,"'Turks and Caicos Islands' ",20
2009 ,"'USSR (not otherwise specified)' ",5
2009 ,"'Uganda' ",105
2009 ,"'Ukraine' ",100
2009 ,"'United Arab Emirates' ",340
2009 ,"'United States of America' ",1000
2009 ,"'Uruguay' ",5
2009 ,"'Uzbekistan' ",15
2009 ,"'Venezuela' ",20
2009 ,"'Vietnam' ",340
2009 ,"'Yemen' ",10
2009 ,"'Zambia' ",50
2009 ,"'Zimbabwe' ",180
2009 ,"'Unknown' ",105
2010 ,"'United Kingdom' ",404125
2010 ,"'Afghanistan' ",5
2010 ,"'Albania' ",50
2010 ,"'Alderney' ",10
2010 ,"'Algeria' ",10
2010 ,"'Angola' ",50
2010 ,"'Anguilla' ",10
2010 ,"'Antigua and Barbuda' ",5
2010 ,"'Argentina' ",5
2010 ,"'Armenia' ",5
2010 ,"'Australia' ",150
2010 ,"'Austria' ",285
2010 ,"'Azerbaijan' ",140
2010 ,"'Bahamas' ",15
2010 ,"'Bahrain' ",145
2010 ,"'Bangladesh' ",215
2010 ,"'Barbados' ",50
2010 ,"'Belarus' ",30
2010 ,"'Belgium' ",600
2010 ,"'Belize' ",5
2010 ,"'Bermuda' ",165
2010 ,"'Bolivia' ",5
2010 ,"'Bosnia and Herzegovina' ",5
2010 ,"'Botswana' ",140
2010 ,"'Brazil' ",80
2010 ,"'British Antarctic Territory' ",15
2010 ,"'British Indian Ocean Territory' ",5
2010 ,"'British Virgin Islands' ",30
2010 ,"'Brunei' ",550
2010 ,"'Bulgaria' ",1485
2010 ,"'Burma (Myanmar)' ",35
2010 ,"'Cambodia' ",10
2010 ,"'Cameroon' ",45
2010 ,"'Canada' ",915
2010 ,"'Canary Islands' ",35
2010 ,"'Cayman Islands' ",45
2010 ,"'Chile' ",5
2010 ,"'China' ",5065
2010 ,"'Colombia' ",30
2010 ,"'Congo (Democratic Republic)' ",5
2010 ,"'Costa Rica' ",5
2010 ,"'Croatia' ",15
2010 ,"'Cyprus (European Union)' ",2460
2010 ,"'Cyprus (Non-European Union)' ",25
2010 ,"'Cyprus (Not otherwise specified)' ",30
2010 ,"'Czech Republic' ",235
2010 ,"'Denmark' ",250
2010 ,"'Dominica' ",5
2010 ,"'Ecuador' ",10
2010 ,"'Egypt' ",75
2010 ,"'Eritrea' ",5
2010 ,"'Estonia' ",310
2010 ,"'Ethiopia' ",15
2010 ,"'Falkland Islands' ",5
2010 ,"'Faroe Islands' ",25
2010 ,"'Finland' ",435
2010 ,"'France' ",2075
2010 ,"'French West Indies' ",5
2010 ,"'Gambia' ",35
2010 ,"'Georgia' ",30
2010 ,"'Germany' ",2190
2010 ,"'Ghana' ",105
2010 ,"'Gibraltar' ",200
2010 ,"'Greece' ",1435
2010 ,"'Grenada' ",10
2010 ,"'Guadeloupe' ",5
2010 ,"'Guernsey' ",275
2010 ,"'Guyana' ",5
2010 ,"'Honduras' ",5
2010 ,"'Hong Kong' ",2455
2010 ,"'Hungary' ",215
2010 ,"'Iceland' ",25
2010 ,"'India' ",1205
2010 ,"'Indonesia' ",100
2010 ,"'Iran' ",335
2010 ,"'Iraq' ",5
2010 ,"'Ireland' ",2895
2010 ,"'Isle of Man' ",445
2010 ,"'Israel' ",50
2010 ,"'Italy' ",975
2010 ,"'Ivory Coast' ",5
2010 ,"'Jamaica' ",25
2010 ,"'Japan' ",260
2010 ,"'Jersey' ",465
2010 ,"'Jordan' ",165
2010 ,"'Kazakhstan' ",390
2010 ,"'Kenya' ",370
2010 ,"'Korea (South)' ",600
2010 ,"'Kuwait' ",125
2010 ,"'Kyrgyzstan' ",10
2010 ,"'Latvia' ",670
2010 ,"'Lebanon' ",40
2010 ,"'Lesotho' ",5
2010 ,"'Libyan AR' ",60
2010 ,"'Lithuania' ",1480
2010 ,"'Luxembourg' ",235
2010 ,"'Macao' ",70
2010 ,"'Macedonia' ",5
2010 ,"'Malawi' ",40
2010 ,"'Malaysia' ",1930
2010 ,"'Maldive Islands' ",40
2010 ,"'Mali' ",5
2010 ,"'Malta' ",70
2010 ,"'Mauritius' ",250
2010 ,"'Mexico' ",60
2010 ,"'Moldova' ",20
2010 ,"'Monaco' ",25
2010 ,"'Mongolia' ",15
2010 ,"'Montenegro' ",5
2010 ,"'Montserrat' ",5
2010 ,"'Morocco' ",45
2010 ,"'Mozambique' ",10
2010 ,"'Namibia' ",15
2010 ,"'Nepal' ",65
2010 ,"'Netherlands' ",420
2010 ,"'New Zealand' ",35
2010 ,"'Nigeria' ",1150
2010 ,"'Norway' ",1035
2010 ,"'Oman' ",105
2010 ,"'Pakistan' ",790
2010 ,"'Palestine' ",20
2010 ,"'Panama' ",10
2010 ,"'Peru' ",20
2010 ,"'Philippines' ",55
2010 ,"'Poland' ",945
2010 ,"'Portugal' ",315
2010 ,"'Qatar' ",95
2010 ,"'Reunion' ",5
2010 ,"'Romania' ",1405
2010 ,"'Russia' ",465
2010 ,"'Rwanda' ",5
2010 ,"'Saudi Arabia' ",385
2010 ,"'Senegal' ",5
2010 ,"'Serbia' ",30
2010 ,"'Seychelles' ",15
2010 ,"'Sierra Leone' ",10
2010 ,"'Singapore' ",1365
2010 ,"'Slovakia' ",270
2010 ,"'Slovenia' ",50
2010 ,"'Somalia' ",5
2010 ,"'South Africa' ",135
2010 ,"'Spain' ",850
2010 ,"'Sri Lanka' ",325
2010 ,"'St Helena' ",5
2010 ,"'St Lucia' ",25
2010 ,"'St Vincent' ",5
2010 ,"'St. Kitts-Nevis' ",5
2010 ,"'Sudan' ",25
2010 ,"'Sweden' ",880
2010 ,"'Switzerland' ",530
2010 ,"'Syria' ",10
2010 ,"'Taiwan' ",150
2010 ,"'Tanzania' ",95
2010 ,"'Thailand' ",320
2010 ,"'Togo' ",5
2010 ,"'Trinidad and Tobago' ",85
2010 ,"'Tunisia' ",10
2010 ,"'Turkey' ",195
2010 ,"'Turkmenistan' ",10
2010 ,"'Turks and Caicos Islands' ",30
2010 ,"'Uganda' ",105
2010 ,"'Ukraine' ",135
2010 ,"'United Arab Emirates' ",385
2010 ,"'United States of America' ",1065
2010 ,"'Uruguay' ",5
2010 ,"'Uzbekistan' ",15
2010 ,"'Venezuela' ",25
2010 ,"'Vietnam' ",425
2010 ,"'Yemen' ",10
2010 ,"'Zambia' ",65
2010 ,"'Zimbabwe' ",165
2010 ,"'Unknown' ",85
2011 ,"'United Kingdom' ",413400
2011 ,"'Afghanistan' ",5
2011 ,"'Albania' ",45
2011 ,"'Alderney' ",5
2011 ,"'Algeria' ",15
2011 ,"'Angola' ",30
2011 ,"'Anguilla' ",10
2011 ,"'Argentina' ",10
2011 ,"'Armenia' ",10
2011 ,"'Australia' ",160
2011 ,"'Austria' ",315
2011 ,"'Azerbaijan' ",100
2011 ,"'Bahamas' ",30
2011 ,"'Bahrain' ",165
2011 ,"'Bangladesh' ",160
2011 ,"'Barbados' ",40
2011 ,"'Belarus' ",25
2011 ,"'Belgium' ",575
2011 ,"'Benin' ",5
2011 ,"'Bermuda' ",115
2011 ,"'Bolivia' ",5
2011 ,"'Bosnia and Herzegovina' ",10
2011 ,"'Botswana' ",100
2011 ,"'Brazil' ",65
2011 ,"'British Antarctic Territory' ",10
2011 ,"'British Virgin Islands' ",30
2011 ,"'Brunei' ",540
2011 ,"'Bulgaria' ",1795
2011 ,"'Burma (Myanmar)' ",45
2011 ,"'Cambodia' ",5
2011 ,"'Cameroon' ",25
2011 ,"'Canada' ",955
2011 ,"'Canary Islands' ",35
2011 ,"'Cayman Islands' ",65
2011 ,"'Chile' ",5
2011 ,"'China' ",5485
2011 ,"'Colombia' ",25
2011 ,"'Congo (Democratic Republic)' ",5
2011 ,"'Costa Rica' ",5
2011 ,"'Croatia' ",20
2011 ,"'Cyprus (European Union)' ",2830
2011 ,"'Cyprus (Non-European Union)' ",20
2011 ,"'Cyprus (Not otherwise specified)' ",20
2011 ,"'Czech Republic' ",260
2011 ,"'Denmark' ",230
2011 ,"'Ecuador' ",5
2011 ,"'Egypt' ",95
2011 ,"'El Salvador' ",5
2011 ,"'Estonia' ",380
2011 ,"'Ethiopia' ",10
2011 ,"'Falkland Islands' ",5
2011 ,"'Faroe Islands' ",30
2011 ,"'Finland' ",530
2011 ,"'France' ",2220
2011 ,"'Gabon' ",5
2011 ,"'Gambia' ",25
2011 ,"'Georgia' ",25
2011 ,"'Germany' ",2155
2011 ,"'Ghana' ",80
2011 ,"'Gibraltar' ",220
2011 ,"'Greece' ",1705
2011 ,"'Grenada' ",5
2011 ,"'Guatemala' ",5
2011 ,"'Guernsey' ",240
2011 ,"'Guinea' ",5
2011 ,"'Guyana' ",5
2011 ,"'Hong Kong' ",2885
2011 ,"'Hungary' ",255
2011 ,"'Iceland' ",25
2011 ,"'India' ",1285
2011 ,"'Indonesia' ",140
2011 ,"'Iran' ",250
2011 ,"'Iraq' ",5
2011 ,"'Ireland' ",2270
2011 ,"'Isle of Man' ",435
2011 ,"'Israel' ",35
2011 ,"'Italy' ",1220
2011 ,"'Ivory Coast' ",5
2011 ,"'Jamaica' ",20
2011 ,"'Japan' ",265
2011 ,"'Jersey' ",475
2011 ,"'Jordan' ",165
2011 ,"'Kazakhstan' ",315
2011 ,"'Kenya' ",330
2011 ,"'Korea (South)' ",665
2011 ,"'Kosovo' ",5
2011 ,"'Kuwait' ",135
2011 ,"'Kyrgyzstan' ",10
2011 ,"'Latvia' ",605
2011 ,"'Lebanon' ",50
2011 ,"'Lesotho' ",5
2011 ,"'Libyan AR' ",40
2011 ,"'Liechtenstein' ",5
2011 ,"'Lithuania' ",1855
2011 ,"'Luxembourg' ",235
2011 ,"'Macao' ",70
2011 ,"'Macedonia' ",5
2011 ,"'Madagascar' ",5
2011 ,"'Malawi' ",20
2011 ,"'Malaysia' ",2245
2011 ,"'Maldive Islands' ",25
2011 ,"'Mali' ",5
2011 ,"'Malta' ",65
2011 ,"'Martinique' ",5
2011 ,"'Mauritius' ",230
2011 ,"'Mexico' ",50
2011 ,"'Moldova' ",20
2011 ,"'Monaco' ",25
2011 ,"'Mongolia' ",10
2011 ,"'Montenegro' ",10
2011 ,"'Morocco' ",65
2011 ,"'Namibia' ",10
2011 ,"'Nepal' ",80
2011 ,"'Netherlands' ",415
2011 ,"'Netherlands Antilles' ",10
2011 ,"'New Zealand' ",45
2011 ,"'Nigeria' ",1190
2011 ,"'Norway' ",1200
2011 ,"'Oman' ",90
2011 ,"'Pakistan' ",730
2011 ,"'Palestine' ",10
2011 ,"'Peru' ",20
2011 ,"'Philippines' ",45
2011 ,"'Poland' ",910
2011 ,"'Portugal' ",320
2011 ,"'Qatar' ",110
2011 ,"'Reunion' ",5
2011 ,"'Romania' ",1890
2011 ,"'Russia' ",495
2011 ,"'Rwanda' ",5
2011 ,"'Saudi Arabia' ",275
2011 ,"'Senegal' ",5
2011 ,"'Serbia' ",40
2011 ,"'Seychelles' ",10
2011 ,"'Sierra Leone' ",5
2011 ,"'Singapore' ",1520
2011 ,"'Slovakia' ",305
2011 ,"'Slovenia' ",50
2011 ,"'South Africa' ",115
2011 ,"'Spain' ",995
2011 ,"'Sri Lanka' ",300
2011 ,"'St Helena' ",5
2011 ,"'St Lucia' ",5
2011 ,"'St Vincent' ",5
2011 ,"'St. Kitts-Nevis' ",5
2011 ,"'Sudan' ",10
2011 ,"'Swaziland' ",5
2011 ,"'Sweden' ",835
2011 ,"'Switzerland' ",545
2011 ,"'Syria' ",15
2011 ,"'Taiwan' ",145
2011 ,"'Tanzania' ",85
2011 ,"'Thailand' ",375
2011 ,"'Togo' ",5
2011 ,"'Trinidad and Tobago' ",75
2011 ,"'Tunisia' ",10
2011 ,"'Turkey' ",185
2011 ,"'Turkmenistan' ",10
2011 ,"'Turks and Caicos Islands' ",35
2011 ,"'Uganda' ",65
2011 ,"'Ukraine' ",140
2011 ,"'United Arab Emirates' ",390
2011 ,"'United States of America' ",1065
2011 ,"'Uzbekistan' ",15
2011 ,"'Venezuela' ",30
2011 ,"'Vietnam' ",470
2011 ,"'Yemen' ",5
2011 ,"'Zambia' ",55
2011 ,"'Zimbabwe' ",130
2011 ,"'Unknown' ",90
2012 ,"'United Kingdom' ",382630
2012 ,"'Afghanistan' ",10
2012 ,"'Albania' ",50
2012 ,"'Alderney' ",5
2012 ,"'Algeria' ",15
2012 ,"'Angola' ",45
2012 ,"'Anguilla' ",5
2012 ,"'Antigua and Barbuda' ",5
2012 ,"'Argentina' ",10
2012 ,"'Armenia' ",25
2012 ,"'Australia' ",160
2012 ,"'Austria' ",295
2012 ,"'Azerbaijan' ",130
2012 ,"'Bahamas' ",25
2012 ,"'Bahrain' ",175
2012 ,"'Bangladesh' ",150
2012 ,"'Barbados' ",40
2012 ,"'Belarus' ",20
2012 ,"'Belgium' ",515
2012 ,"'Benin' ",5
2012 ,"'Bermuda' ",105
2012 ,"'Bolivia' ",5
2012 ,"'Bosnia and Herzegovina' ",10
2012 ,"'Botswana' ",115
2012 ,"'Brazil' ",85
2012 ,"'British Antarctic Territory' ",10
2012 ,"'British Virgin Islands' ",35
2012 ,"'Brunei' ",440
2012 ,"'Bulgaria' ",1645
2012 ,"'Burma (Myanmar)' ",45
2012 ,"'Cambodia' ",5
2012 ,"'Cameroon' ",20
2012 ,"'Canada' ",1010
2012 ,"'Canary Islands' ",30
2012 ,"'Cayman Islands' ",70
2012 ,"'Chile' ",10
2012 ,"'China' ",5690
2012 ,"'Colombia' ",30
2012 ,"'Congo (Democratic Republic)' ",5
2012 ,"'Croatia' ",15
2012 ,"'Cyprus (European Union)' ",2255
2012 ,"'Cyprus (Non-European Union)' ",15
2012 ,"'Cyprus (Not otherwise specified)' ",15
2012 ,"'Czech Republic' ",265
2012 ,"'Denmark' ",200
2012 ,"'Ecuador' ",10
2012 ,"'Egypt' ",115
2012 ,"'El Salvador' ",5
2012 ,"'Estonia' ",290
2012 ,"'Ethiopia' ",10
2012 ,"'Falkland Islands' ",5
2012 ,"'Faroe Islands' ",30
2012 ,"'Finland' ",405
2012 ,"'France' ",1940
2012 ,"'Gambia' ",25
2012 ,"'Georgia' ",30
2012 ,"'Germany' ",1650
2012 ,"'Ghana' ",75
2012 ,"'Gibraltar' ",220
2012 ,"'Greece' ",1440
2012 ,"'Grenada' ",5
2012 ,"'Guatemala' ",5
2012 ,"'Guernsey' ",250
2012 ,"'Guyana' ",5
2012 ,"'Hong Kong' ",3525
2012 ,"'Hungary' ",330
2012 ,"'Iceland' ",30
2012 ,"'India' ",1285
2012 ,"'Indonesia' ",175
2012 ,"'Iran' ",230
2012 ,"'Ireland' ",1910
2012 ,"'Isle of Man' ",415
2012 ,"'Israel' ",50
2012 ,"'Italy' ",1300
2012 ,"'Jamaica' ",30
2012 ,"'Japan' ",280
2012 ,"'Jersey' ",465
2012 ,"'Jordan' ",160
2012 ,"'Kazakhstan' ",205
2012 ,"'Kenya' ",355
2012 ,"'Korea (South)' ",690
2012 ,"'Kosovo' ",5
2012 ,"'Kuwait' ",145
2012 ,"'Kyrgyzstan' ",10
2012 ,"'Latvia' ",415
2012 ,"'Lebanon' ",40
2012 ,"'Libyan AR' ",30
2012 ,"'Lithuania' ",1255
2012 ,"'Luxembourg' ",230
2012 ,"'Macao' ",100
2012 ,"'Macedonia' ",10
2012 ,"'Madagascar' ",5
2012 ,"'Malawi' ",30
2012 ,"'Malaysia' ",2265
2012 ,"'Maldive Islands' ",35
2012 ,"'Malta' ",60
2012 ,"'Mauritius' ",225
2012 ,"'Mexico' ",55
2012 ,"'Moldova' ",15
2012 ,"'Monaco' ",25
2012 ,"'Mongolia' ",10
2012 ,"'Montenegro' ",10
2012 ,"'Morocco' ",75
2012 ,"'Mozambique' ",5
2012 ,"'Namibia' ",5
2012 ,"'Nepal' ",60
2012 ,"'Netherlands' ",390
2012 ,"'Netherlands Antilles' ",5
2012 ,"'New Zealand' ",45
2012 ,"'Nigeria' ",1025
2012 ,"'Norway' ",1290
2012 ,"'Oman' ",90
2012 ,"'Pakistan' ",610
2012 ,"'Palestine' ",15
2012 ,"'Panama' ",5
2012 ,"'Peru' ",20
2012 ,"'Philippines' ",35
2012 ,"'Poland' ",815
2012 ,"'Portugal' ",360
2012 ,"'Qatar' ",135
2012 ,"'Romania' ",1655
2012 ,"'Russia' ",545
2012 ,"'Rwanda' ",5
2012 ,"'Saudi Arabia' ",285
2012 ,"'Serbia' ",45
2012 ,"'Seychelles' ",20
2012 ,"'Sierra Leone' ",5
2012 ,"'Singapore' ",1745
2012 ,"'Slovakia' ",315
2012 ,"'Slovenia' ",50
2012 ,"'South Africa' ",110
2012 ,"'Spain' ",945
2012 ,"'Sri Lanka' ",195
2012 ,"'St Helena' ",5
2012 ,"'St Lucia' ",5
2012 ,"'St Vincent' ",5
2012 ,"'St. Kitts-Nevis' ",5
2012 ,"'Sudan' ",25
2012 ,"'Swaziland' ",5
2012 ,"'Sweden' ",710
2012 ,"'Switzerland' ",580
2012 ,"'Syria' ",20
2012 ,"'Taiwan' ",165
2012 ,"'Tanzania' ",65
2012 ,"'Thailand' ",415
2012 ,"'Togo' ",5
2012 ,"'Trinidad and Tobago' ",80
2012 ,"'Tunisia' ",10
2012 ,"'Turkey' ",205
2012 ,"'Turkmenistan' ",10
2012 ,"'Turks and Caicos Islands' ",15
2012 ,"'Uganda' ",85
2012 ,"'Ukraine' ",155
2012 ,"'United Arab Emirates' ",410
2012 ,"'United States of America' ",1085
2012 ,"'Uruguay' ",5
2012 ,"'Uzbekistan' ",15
2012 ,"'Venezuela' ",30
2012 ,"'Vietnam' ",450
2012 ,"'Yemen' ",10
2012 ,"'Zambia' ",50
2012 ,"'Zimbabwe' ",135
2012 ,"'Unknown' ",60
2013 ,"'United Kingdom' ",405510
2013 ,"'Afghanistan' ",10
2013 ,"'Albania' ",45
2013 ,"'Alderney' ",5
2013 ,"'Algeria' ",10
2013 ,"'Angola' ",45
2013 ,"'Anguilla' ",5
2013 ,"'Argentina' ",10
2013 ,"'Armenia' ",20
2013 ,"'Australia' ",190
2013 ,"'Austria' ",315
2013 ,"'Azerbaijan' ",130
2013 ,"'Bahamas' ",30
2013 ,"'Bahrain' ",175
2013 ,"'Bangladesh' ",125
2013 ,"'Barbados' ",35
2013 ,"'Belarus' ",25
2013 ,"'Belgium' ",580
2013 ,"'Belize' ",5
2013 ,"'Benin' ",5
2013 ,"'Bermuda' ",110
2013 ,"'Bhutan' ",5
2013 ,"'Bolivia' ",5
2013 ,"'Bosnia and Herzegovina' ",5
2013 ,"'Botswana' ",65
2013 ,"'Brazil' ",90
2013 ,"'British Antarctic Territory' ",10
2013 ,"'British Indian Ocean Territory' ",5
2013 ,"'British Virgin Islands' ",25
2013 ,"'Brunei' ",410
2013 ,"'Bulgaria' ",1755
2013 ,"'Burma (Myanmar)' ",30
2013 ,"'Cambodia' ",10
2013 ,"'Cameroon' ",30
2013 ,"'Canada' ",1030
2013 ,"'Canary Islands' ",35
2013 ,"'Cayman Islands' ",70
2013 ,"'Chile' ",15
2013 ,"'China' ",6000
2013 ,"'Colombia' ",25
2013 ,"'Congo (Democratic Republic)' ",5
2013 ,"'Costa Rica' ",5
2013 ,"'Croatia' ",30
2013 ,"'Cuba' ",5
2013 ,"'Cyprus (European Union)' ",2360
2013 ,"'Cyprus (Non-European Union)' ",20
2013 ,"'Cyprus (Not otherwise specified)' ",15
2013 ,"'Czech Republic' ",285
2013 ,"'Denmark' ",215
2013 ,"'Dominican Republic' ",5
2013 ,"'Ecuador' ",20
2013 ,"'Egypt' ",180
2013 ,"'El Salvador' ",5
2013 ,"'Estonia' ",330
2013 ,"'Ethiopia' ",15
2013 ,"'Falkland Islands' ",10
2013 ,"'Faroe Islands' ",20
2013 ,"'Finland' ",440
2013 ,"'France' ",2000
2013 ,"'Gambia' ",20
2013 ,"'Georgia' ",30
2013 ,"'Germany' ",1555
2013 ,"'Ghana' ",75
2013 ,"'Gibraltar' ",245
2013 ,"'Greece' ",1515
2013 ,"'Grenada' ",10
2013 ,"'Guatemala' ",5
2013 ,"'Guernsey' ",265
2013 ,"'Guinea' ",5
2013 ,"'Guyana' ",5
2013 ,"'Honduras' ",5
2013 ,"'Hong Kong' ",3595
2013 ,"'Hungary' ",435
2013 ,"'Iceland' ",30
2013 ,"'India' ",1430
2013 ,"'Indonesia' ",240
2013 ,"'Iran' ",125
2013 ,"'Iraq' ",5
2013 ,"'Ireland' ",2035
2013 ,"'Isle of Man' ",390
2013 ,"'Israel' ",45
2013 ,"'Italy' ",1540
2013 ,"'Ivory Coast' ",5
2013 ,"'Jamaica' ",20
2013 ,"'Japan' ",265
2013 ,"'Jersey' ",410
2013 ,"'Jordan' ",175
2013 ,"'Kazakhstan' ",205
2013 ,"'Kenya' ",370
2013 ,"'Korea (South)' ",725
2013 ,"'Kosovo' ",10
2013 ,"'Kuwait' ",145
2013 ,"'Kyrgyzstan' ",10
2013 ,"'Latvia' ",330
2013 ,"'Lebanon' ",55
2013 ,"'Lesotho' ",5
2013 ,"'Libyan AR' ",35
2013 ,"'Lithuania' ",1140
2013 ,"'Luxembourg' ",255
2013 ,"'Macao' ",90
2013 ,"'Macedonia' ",10
2013 ,"'Malawi' ",30
2013 ,"'Malaysia' ",2910
2013 ,"'Maldive Islands' ",50
2013 ,"'Malta' ",50
2013 ,"'Mauritania' ",5
2013 ,"'Mauritius' ",200
2013 ,"'Mexico' ",55
2013 ,"'Moldova' ",20
2013 ,"'Monaco' ",30
2013 ,"'Mongolia' ",20
2013 ,"'Montenegro' ",15
2013 ,"'Morocco' ",70
2013 ,"'Mozambique' ",15
2013 ,"'Namibia' ",10
2013 ,"'Nepal' ",60
2013 ,"'Netherlands' ",380
2013 ,"'New Zealand' ",35
2013 ,"'Nigeria' ",1220
2013 ,"'Norway' ",1390
2013 ,"'Oman' ",130
2013 ,"'Pakistan' ",590
2013 ,"'Palestine' ",15
2013 ,"'Panama' ",10
2013 ,"'Peru' ",30
2013 ,"'Philippines' ",55
2013 ,"'Poland' ",1060
2013 ,"'Portugal' ",455
2013 ,"'Qatar' ",145
2013 ,"'Romania' ",1650
2013 ,"'Russia' ",670
2013 ,"'Rwanda' ",5
2013 ,"'Saudi Arabia' ",305
2013 ,"'Senegal' ",5
2013 ,"'Serbia' ",60
2013 ,"'Seychelles' ",10
2013 ,"'Sierra Leone' ",5
2013 ,"'Singapore' ",1970
2013 ,"'Slovakia' ",290
2013 ,"'Slovenia' ",60
2013 ,"'South Africa' ",125
2013 ,"'South Sudan' ",5
2013 ,"'Spain' ",1200
2013 ,"'Sri Lanka' ",170
2013 ,"'St Helena' ",5
2013 ,"'St Lucia' ",5
2013 ,"'St Vincent' ",5
2013 ,"'St. Kitts-Nevis' ",5
2013 ,"'Sudan' ",20
2013 ,"'Swaziland' ",5
2013 ,"'Sweden' ",755
2013 ,"'Switzerland' ",680
2013 ,"'Syria' ",15
2013 ,"'Taiwan' ",155
2013 ,"'Tanzania' ",85
2013 ,"'Thailand' ",430
2013 ,"'Trinidad and Tobago' ",85
2013 ,"'Tunisia' ",15
2013 ,"'Turkey' ",220
2013 ,"'Turkmenistan' ",10
2013 ,"'Turks and Caicos Islands' ",25
2013 ,"'Uganda' ",90
2013 ,"'Ukraine' ",215
2013 ,"'United Arab Emirates' ",495
2013 ,"'United States of America' ",1195
2013 ,"'Uruguay' ",5
2013 ,"'Uzbekistan' ",10
2013 ,"'Venezuela' ",40
2013 ,"'Vietnam' ",430
2013 ,"'Yemen' ",5
2013 ,"'Zambia' ",70
2013 ,"'Zimbabwe' ",145
2013 ,"'Unknown' ",55
2014 ,"'United Kingdom' ",419570
2014 ,"'Afghanistan' ",10
2014 ,"'Albania' ",50
2014 ,"'Alderney' ",10
2014 ,"'Algeria' ",10
2014 ,"'Angola' ",60
2014 ,"'Anguilla' ",10
2014 ,"'Antigua and Barbuda' ",5
2014 ,"'Argentina' ",15
2014 ,"'Armenia' ",20
2014 ,"'Australia' ",195
2014 ,"'Austria' ",360
2014 ,"'Azerbaijan' ",150
2014 ,"'Bahamas' ",30
2014 ,"'Bahrain' ",170
2014 ,"'Bangladesh' ",130
2014 ,"'Barbados' ",30
2014 ,"'Belarus' ",25
2014 ,"'Belgium' ",615
2014 ,"'Belize' ",5
2014 ,"'Benin' ",5
2014 ,"'Bermuda' ",100
2014 ,"'Bolivia' ",5
2014 ,"'Bosnia and Herzegovina' ",5
2014 ,"'Botswana' ",70
2014 ,"'Brazil' ",115
2014 ,"'British Antarctic Territory' ",10
2014 ,"'British Indian Ocean Territory' ",5
2014 ,"'British Virgin Islands' ",45
2014 ,"'Brunei' ",430
2014 ,"'Bulgaria' ",1660
2014 ,"'Burma (Myanmar)' ",50
2014 ,"'Cambodia' ",15
2014 ,"'Cameroon' ",20
2014 ,"'Canada' ",975
2014 ,"'Canary Islands' ",55
2014 ,"'Cayman Islands' ",75
2014 ,"'Chile' ",15
2014 ,"'China' ",5660
2014 ,"'Colombia' ",35
2014 ,"'Congo (Democratic Republic)' ",5
2014 ,"'Croatia' ",85
2014 ,"'Cyprus (European Union)' ",2405
2014 ,"'Cyprus (Non-European Union)' ",35
2014 ,"'Cyprus (Not otherwise specified)' ",10
2014 ,"'Czech Republic' ",360
2014 ,"'Denmark' ",235
2014 ,"'Dominica' ",5
2014 ,"'Ecuador' ",40
2014 ,"'Egypt' ",230
2014 ,"'El Salvador' ",5
2014 ,"'Eritrea' ",5
2014 ,"'Estonia' ",300
2014 ,"'Ethiopia' ",15
2014 ,"'Falkland Islands' ",5
2014 ,"'Faroe Islands' ",25
2014 ,"'Finland' ",485
2014 ,"'France' ",2395
2014 ,"'Gabon' ",5
2014 ,"'Gambia' ",10
2014 ,"'Georgia' ",20
2014 ,"'Germany' ",1585
2014 ,"'Ghana' ",95
2014 ,"'Gibraltar' ",235
2014 ,"'Greece' ",1540
2014 ,"'Grenada' ",5
2014 ,"'Guernsey' ",245
2014 ,"'Hong Kong' ",3560
2014 ,"'Hungary' ",460
2014 ,"'Iceland' ",30
2014 ,"'India' ",1440
2014 ,"'Indonesia' ",275
2014 ,"'Iran' ",115
2014 ,"'Iraq' ",30
2014 ,"'Ireland' ",1970
2014 ,"'Isle of Man' ",395
2014 ,"'Israel' ",45
2014 ,"'Italy' ",2020
2014 ,"'Jamaica' ",30
2014 ,"'Japan' ",315
2014 ,"'Jersey' ",380
2014 ,"'Jordan' ",200
2014 ,"'Kazakhstan' ",205
2014 ,"'Kenya' ",365
2014 ,"'Korea (South)' ",675
2014 ,"'Kosovo' ",5
2014 ,"'Kuwait' ",165
2014 ,"'Kyrgyzstan' ",10
2014 ,"'Lao PDR' ",5
2014 ,"'Latvia' ",350
2014 ,"'Lebanon' ",85
2014 ,"'Libyan AR' ",50
2014 ,"'Lithuania' ",1080
2014 ,"'Luxembourg' ",295
2014 ,"'Macao' ",115
2014 ,"'Macedonia' ",20
2014 ,"'Madagascar' ",5
2014 ,"'Malawi' ",25
2014 ,"'Malaysia' ",3775
2014 ,"'Maldive Islands' ",35
2014 ,"'Malta' ",55
2014 ,"'Martinique' ",5
2014 ,"'Mauritius' ",240
2014 ,"'Mexico' ",60
2014 ,"'Moldova' ",20
2014 ,"'Monaco' ",30
2014 ,"'Mongolia' ",15
2014 ,"'Montenegro' ",10
2014 ,"'Montserrat' ",5
2014 ,"'Morocco' ",105
2014 ,"'Mozambique' ",20
2014 ,"'Namibia' ",10
2014 ,"'Nepal' ",40
2014 ,"'Netherlands' ",390
2014 ,"'New Zealand' ",55
2014 ,"'Nigeria' ",1080
2014 ,"'Norway' ",1430
2014 ,"'Oman' ",110
2014 ,"'Pakistan' ",600
2014 ,"'Palestine' ",15
2014 ,"'Panama' ",5
2014 ,"'Peru' ",30
2014 ,"'Philippines' ",70
2014 ,"'Poland' ",1280
2014 ,"'Portugal' ",530
2014 ,"'Qatar' ",145
2014 ,"'Reunion' ",5
2014 ,"'Romania' ",1780
2014 ,"'Russia' ",820
2014 ,"'Rwanda' ",10
2014 ,"'Saudi Arabia' ",310
2014 ,"'Serbia' ",50
2014 ,"'Seychelles' ",20
2014 ,"'Sierra Leone' ",10
2014 ,"'Singapore' ",1935
2014 ,"'Sint Maarten (Dutch Part)' ",5
2014 ,"'Slovakia' ",375
2014 ,"'Slovenia' ",75
2014 ,"'South Africa' ",130
2014 ,"'Spain' ",1475
2014 ,"'Sri Lanka' ",150
2014 ,"'St Lucia' ",10
2014 ,"'St Vincent' ",5
2014 ,"'St. Kitts-Nevis' ",5
2014 ,"'Sudan' ",25
2014 ,"'Swaziland' ",5
2014 ,"'Sweden' ",770
2014 ,"'Switzerland' ",705
2014 ,"'Syria' ",5
2014 ,"'Taiwan' ",170
2014 ,"'Tajikistan' ",5
2014 ,"'Tanzania' ",85
2014 ,"'Thailand' ",495
2014 ,"'Trinidad and Tobago' ",65
2014 ,"'Tunisia' ",15
2014 ,"'Turkey' ",235
2014 ,"'Turkmenistan' ",5
2014 ,"'Turks and Caicos Islands' ",35
2014 ,"'USSR (not otherwise specified)' ",5
2014 ,"'Uganda' ",65
2014 ,"'Ukraine' ",210
2014 ,"'United Arab Emirates' ",585
2014 ,"'United States of America' ",1245
2014 ,"'Uruguay' ",10
2014 ,"'Uzbekistan' ",15
2014 ,"'Venezuela' ",30
2014 ,"'Vietnam' ",365
2014 ,"'Yemen' ",10
2014 ,"'Zambia' ",55
2014 ,"'Zimbabwe' ",165
2014 ,"'Unknown' ",95
2015 ,"'United Kingdom' ",431775
2015 ,"'Afghanistan' ",10
2015 ,"'Albania' ",40
2015 ,"'Alderney' ",5
2015 ,"'Algeria' ",25
2015 ,"'Angola' ",150
2015 ,"'Anguilla' ",10
2015 ,"'Antigua and Barbuda' ",5
2015 ,"'Argentina' ",15
2015 ,"'Armenia' ",15
2015 ,"'Australia' ",200
2015 ,"'Austria' ",345
2015 ,"'Azerbaijan' ",135
2015 ,"'Bahamas' ",20
2015 ,"'Bahrain' ",160
2015 ,"'Bangladesh' ",140
2015 ,"'Barbados' ",65
2015 ,"'Belarus' ",30
2015 ,"'Belgium' ",665
2015 ,"'Belize' ",5
2015 ,"'Benin' ",5
2015 ,"'Bermuda' ",120
2015 ,"'Bolivia' ",5
2015 ,"'Bosnia and Herzegovina' ",20
2015 ,"'Botswana' ",100
2015 ,"'Brazil' ",105
2015 ,"'British Antarctic Territory' ",15
2015 ,"'British Virgin Islands' ",30
2015 ,"'Brunei' ",325
2015 ,"'Bulgaria' ",1655
2015 ,"'Burma (Myanmar)' ",45
2015 ,"'Cambodia' ",15
2015 ,"'Cameroon' ",25
2015 ,"'Canada' ",1085
2015 ,"'Canary Islands' ",50
2015 ,"'Cape Verde' ",5
2015 ,"'Cayman Islands' ",65
2015 ,"'Chile' ",20
2015 ,"'China' ",6015
2015 ,"'Colombia' ",45
2015 ,"'Congo (Democratic Republic)' ",5
2015 ,"'Costa Rica' ",5
2015 ,"'Croatia' ",165
2015 ,"'Curacao' ",5
2015 ,"'Cyprus (European Union)' ",2415
2015 ,"'Cyprus (Non-European Union)' ",10
2015 ,"'Cyprus (Not otherwise specified)' ",5
2015 ,"'Czech Republic' ",560
2015 ,"'Denmark' ",255
2015 ,"'Djibouti' ",5
2015 ,"'Ecuador' ",35
2015 ,"'Egypt' ",315
2015 ,"'El Salvador' ",5
2015 ,"'Eritrea' ",5
2015 ,"'Estonia' ",290
2015 ,"'Ethiopia' ",20
2015 ,"'Falkland Islands' ",5
2015 ,"'Faroe Islands' ",20
2015 ,"'Fiji' ",5
2015 ,"'Finland' ",530
2015 ,"'France' ",2750
2015 ,"'Gambia' ",20
2015 ,"'Georgia' ",30
2015 ,"'Germany' ",1675
2015 ,"'Ghana' ",100
2015 ,"'Gibraltar' ",260
2015 ,"'Greece' ",1500
2015 ,"'Grenada' ",10
2015 ,"'Guatemala' ",5
2015 ,"'Guernsey' ",260
2015 ,"'Guyana' ",5
2015 ,"'Hong Kong' ",3470
2015 ,"'Hungary' ",505
2015 ,"'Iceland' ",30
2015 ,"'India' ",1530
2015 ,"'Indonesia' ",295
2015 ,"'Iran' ",100
2015 ,"'Iraq' ",15
2015 ,"'Ireland' ",1995
2015 ,"'Isle of Man' ",385
2015 ,"'Israel' ",50
2015 ,"'Italy' ",2550
2015 ,"'Ivory Coast' ",5
2015 ,"'Jamaica' ",20
2015 ,"'Japan' ",270
2015 ,"'Jersey' ",395
2015 ,"'Jordan' ",190
2015 ,"'Kazakhstan' ",220
2015 ,"'Kenya' ",365
2015 ,"'Korea (South)' ",740
2015 ,"'Kuwait' ",190
2015 ,"'Kyrgyzstan' ",10
2015 ,"'Lao PDR' ",15
2015 ,"'Latvia' ",335
2015 ,"'Lebanon' ",100
2015 ,"'Lesotho' ",5
2015 ,"'Libyan AR' ",40
2015 ,"'Liechtenstein' ",5
2015 ,"'Lithuania' ",1125
2015 ,"'Luxembourg' ",265
2015 ,"'Macao' ",145
2015 ,"'Macedonia' ",25
2015 ,"'Madagascar' ",10
2015 ,"'Malawi' ",20
2015 ,"'Malaysia' ",3755
2015 ,"'Maldive Islands' ",45
2015 ,"'Malta' ",55
2015 ,"'Mauritius' ",205
2015 ,"'Mexico' ",55
2015 ,"'Moldova' ",15
2015 ,"'Monaco' ",35
2015 ,"'Mongolia' ",20
2015 ,"'Montenegro' ",10
2015 ,"'Montserrat' ",5
2015 ,"'Morocco' ",125
2015 ,"'Mozambique' ",20
2015 ,"'Namibia' ",10
2015 ,"'Nepal' ",35
2015 ,"'Netherlands' ",455
2015 ,"'New Caledonia' ",5
2015 ,"'New Zealand' ",55
2015 ,"'Nigeria' ",1035
2015 ,"'Norway' ",1355
2015 ,"'Oman' ",150
2015 ,"'Pakistan' ",585
2015 ,"'Palestine' ",10
2015 ,"'Panama' ",10
2015 ,"'Peru' ",40
2015 ,"'Philippines' ",80
2015 ,"'Poland' ",1600
2015 ,"'Portugal' ",705
2015 ,"'Qatar' ",165
2015 ,"'Reunion' ",10
2015 ,"'Romania' ",2325
2015 ,"'Russia' ",895
2015 ,"'Rwanda' ",10
2015 ,"'Saudi Arabia' ",355
2015 ,"'Senegal' ",5
2015 ,"'Serbia' ",50
2015 ,"'Seychelles' ",40
2015 ,"'Sierra Leone' ",10
2015 ,"'Singapore' ",1905
2015 ,"'Slovakia' ",365
2015 ,"'Slovenia' ",75
2015 ,"'South Africa' ",190
2015 ,"'South Sudan' ",5
2015 ,"'Spain' ",1730
2015 ,"'Sri Lanka' ",120
2015 ,"'St Helena' ",5
2015 ,"'St Lucia' ",20
2015 ,"'St Vincent' ",5
2015 ,"'St. Kitts-Nevis' ",5
2015 ,"'Sudan' ",20
2015 ,"'Swaziland' ",10
2015 ,"'Sweden' ",705
2015 ,"'Switzerland' ",800
2015 ,"'Syria' ",10
2015 ,"'Taiwan' ",205
2015 ,"'Tanzania' ",75
2015 ,"'Thailand' ",510
2015 ,"'Trinidad and Tobago' ",100
2015 ,"'Tunisia' ",15
2015 ,"'Turkey' ",245
2015 ,"'Turkmenistan' ",5
2015 ,"'Turks and Caicos Islands' ",30
2015 ,"'USSR (not otherwise specified)' ",5
2015 ,"'Uganda' ",65
2015 ,"'Ukraine' ",160
2015 ,"'United Arab Emirates' ",705
2015 ,"'United States of America' ",1360
2015 ,"'Uruguay' ",5
2015 ,"'Uzbekistan' ",20
2015 ,"'Venezuela' ",35
2015 ,"'Vietnam' ",280
2015 ,"'Yemen' ",5
2015 ,"'Zambia' ",70
2015 ,"'Zimbabwe' ",155
2015 ,"'Unknown' ",95
2016 ,"'United Kingdom' ",434625
2016 ,"'Afghanistan' ",5
2016 ,"'Albania' ",55
2016 ,"'Alderney' ",5
2016 ,"'Algeria' ",30
2016 ,"'Andorra' ",5
2016 ,"'Angola' ",110
2016 ,"'Anguilla' ",10
2016 ,"'Antigua and Barbuda' ",5
2016 ,"'Argentina' ",20
2016 ,"'Armenia' ",30
2016 ,"'Aruba' ",5
2016 ,"'Australia' ",180
2016 ,"'Austria' ",365
2016 ,"'Azerbaijan' ",85
2016 ,"'Bahamas' ",30
2016 ,"'Bahrain' ",170
2016 ,"'Bangladesh' ",100
2016 ,"'Barbados' ",30
2016 ,"'Belarus' ",25
2016 ,"'Belgium' ",625
2016 ,"'Belize' ",5
2016 ,"'Benin' ",5
2016 ,"'Bermuda' ",120
2016 ,"'Bhutan' ",5
2016 ,"'Bolivia' ",10
2016 ,"'Bosnia and Herzegovina' ",10
2016 ,"'Botswana' ",95
2016 ,"'Brazil' ",130
2016 ,"'British Antarctic Territory' ",5
2016 ,"'British Virgin Islands' ",35
2016 ,"'Brunei' ",275
2016 ,"'Bulgaria' ",1810
2016 ,"'Burma (Myanmar)' ",85
2016 ,"'Cambodia' ",15
2016 ,"'Cameroon' ",10
2016 ,"'Canada' ",1030
2016 ,"'Canary Islands' ",70
2016 ,"'Cayman Islands' ",80
2016 ,"'Chile' ",20
2016 ,"'China' ",6580
2016 ,"'Colombia' ",40
2016 ,"'Costa Rica' ",5
2016 ,"'Croatia' ",240
2016 ,"'Curacao' ",5
2016 ,"'Cyprus (European Union)' ",2260
2016 ,"'Cyprus (Non-European Union)' ",15
2016 ,"'Cyprus (Not otherwise specified)' ",10
2016 ,"'Czech Republic' ",735
2016 ,"'Denmark' ",270
2016 ,"'Dominica' ",5
2016 ,"'Dominican Republic' ",5
2016 ,"'Ecuador' ",95
2016 ,"'Egypt' ",360
2016 ,"'El Salvador' ",10
2016 ,"'Eritrea' ",5
2016 ,"'Estonia' ",290
2016 ,"'Ethiopia' ",5
2016 ,"'Falkland Islands' ",10
2016 ,"'Faroe Islands' ",20
2016 ,"'Finland' ",545
2016 ,"'France' ",2920
2016 ,"'French West Indies' ",5
2016 ,"'Gabon' ",5
2016 ,"'Gambia' ",5
2016 ,"'Georgia' ",15
2016 ,"'Germany' ",1935
2016 ,"'Ghana' ",95
2016 ,"'Gibraltar' ",260
2016 ,"'Greece' ",1630
2016 ,"'Grenada' ",5
2016 ,"'Guatemala' ",5
2016 ,"'Guernsey' ",280
2016 ,"'Hong Kong' ",3425
2016 ,"'Hungary' ",565
2016 ,"'Iceland' ",40
2016 ,"'India' ",1600
2016 ,"'Indonesia' ",320
2016 ,"'Iran' ",125
2016 ,"'Iraq' ",15
2016 ,"'Ireland' ",1890
2016 ,"'Isle of Man' ",400
2016 ,"'Israel' ",50
2016 ,"'Italy' ",2560
2016 ,"'Ivory Coast' ",10
2016 ,"'Jamaica' ",20
2016 ,"'Japan' ",265
2016 ,"'Jersey' ",445
2016 ,"'Jordan' ",205
2016 ,"'Kazakhstan' ",185
2016 ,"'Kenya' ",365
2016 ,"'Korea (South)' ",800
2016 ,"'Kosovo' ",5
2016 ,"'Kuwait' ",220
2016 ,"'Kyrgyzstan' ",15
2016 ,"'Lao PDR' ",10
2016 ,"'Latvia' ",360
2016 ,"'Lebanon' ",130
2016 ,"'Lesotho' ",5
2016 ,"'Libyan AR' ",60
2016 ,"'Lithuania' ",1205
2016 ,"'Luxembourg' ",270
2016 ,"'Macao' ",130
2016 ,"'Macedonia' ",20
2016 ,"'Madagascar' ",10
2016 ,"'Malawi' ",35
2016 ,"'Malaysia' ",3300
2016 ,"'Maldive Islands' ",50
2016 ,"'Malta' ",65
2016 ,"'Martinique' ",5
2016 ,"'Mauritania' ",5
2016 ,"'Mauritius' ",185
2016 ,"'Mexico' ",65
2016 ,"'Moldova' ",10
2016 ,"'Monaco' ",40
2016 ,"'Mongolia' ",15
2016 ,"'Montenegro' ",10
2016 ,"'Montserrat' ",5
2016 ,"'Morocco' ",105
2016 ,"'Mozambique' ",15
2016 ,"'Namibia' ",15
2016 ,"'Nepal' ",35
2016 ,"'Netherlands' ",470
2016 ,"'New Caledonia' ",5
2016 ,"'New Zealand' ",60
2016 ,"'Nigeria' ",840
2016 ,"'Norway' ",955
2016 ,"'Oman' ",155
2016 ,"'Pakistan' ",580
2016 ,"'Palestine' ",15
2016 ,"'Panama' ",10
2016 ,"'Paraguay' ",5
2016 ,"'Peru' ",40
2016 ,"'Philippines' ",65
2016 ,"'Poland' ",2025
2016 ,"'Portugal' ",860
2016 ,"'Puerto Rico' ",5
2016 ,"'Qatar' ",170
2016 ,"'Reunion' ",5
2016 ,"'Romania' ",2375
2016 ,"'Russia' ",700
2016 ,"'Rwanda' ",5
2016 ,"'Saudi Arabia' ",310
2016 ,"'Senegal' ",10
2016 ,"'Serbia' ",60
2016 ,"'Seychelles' ",35
2016 ,"'Sierra Leone' ",10
2016 ,"'Singapore' ",1565
2016 ,"'Sint Maarten (Dutch Part)' ",5
2016 ,"'Slovakia' ",545
2016 ,"'Slovenia' ",80
2016 ,"'South Africa' ",200
2016 ,"'Spain' ",2025
2016 ,"'Sri Lanka' ",115
2016 ,"'St Helena' ",5
2016 ,"'St Lucia' ",20
2016 ,"'St Vincent' ",5
2016 ,"'St. Kitts-Nevis' ",5
2016 ,"'Sudan' ",30
2016 ,"'Swaziland' ",5
2016 ,"'Sweden' ",680
2016 ,"'Switzerland' ",815
2016 ,"'Syria' ",5
2016 ,"'Taiwan' ",205
2016 ,"'Tajikistan' ",5
2016 ,"'Tanzania' ",70
2016 ,"'Thailand' ",535
2016 ,"'Togo' ",5
2016 ,"'Trinidad and Tobago' ",95
2016 ,"'Tunisia' ",20
2016 ,"'Turkey' ",290
2016 ,"'Turks and Caicos Islands' ",35
2016 ,"'USSR (not otherwise specified)' ",5
2016 ,"'Uganda' ",60
2016 ,"'Ukraine' ",150
2016 ,"'United Arab Emirates' ",715
2016 ,"'United States of America' ",1435
2016 ,"'Uruguay' ",10
2016 ,"'Uzbekistan' ",20
2016 ,"'Venezuela' ",25
2016 ,"'Vietnam' ",245
2016 ,"'Zambia' ",70
2016 ,"'Zimbabwe' ",160
2016 ,"'Unknown' ",60
