"Statistic:   Number of Acceptances"
"Variables:   Achieved A-Level point score , Sex , Cycle Year"
"Coverage:   Applied before June deadline, UK domiciled (excluding Scotland) 18 year olds and hold at least 3 A levels"
"For a list of key definitions and descriptions please refer to the PDF file provided - EOC_data_resource_2016-DR2_043_05.pdf"
 
Cycle Year,Achieved A-Level point score , Sex,Number of Acceptances,
2010 ,"'3 points' ","'Men' ",115
2010 ,"'3 points' ","'Women' ",90
2010 ,"'4 points' ","'Men' ",450
2010 ,"'4 points' ","'Women' ",360
2010 ,"'5 points' ","'Men' ",1155
2010 ,"'5 points' ","'Women' ",1015
2010 ,"'6 points' ","'Men' ",2300
2010 ,"'6 points' ","'Women' ",2170
2010 ,"'7 points' ","'Men' ",3520
2010 ,"'7 points' ","'Women' ",3705
2010 ,"'8 points' ","'Men' ",4680
2010 ,"'8 points' ","'Women' ",5420
2010 ,"'9 points' ","'Men' ",5780
2010 ,"'9 points' ","'Women' ",7520
2010 ,"'10 points' ","'Men' ",6345
2010 ,"'10 points' ","'Women' ",8500
2010 ,"'11 points' ","'Men' ",6505
2010 ,"'11 points' ","'Women' ",9165
2010 ,"'12 points' ","'Men' ",6865
2010 ,"'12 points' ","'Women' ",9600
2010 ,"'13 points' ","'Men' ",6625
2010 ,"'13 points' ","'Women' ",9245
2010 ,"'14 points' ","'Men' ",6215
2010 ,"'14 points' ","'Women' ",8490
2010 ,"'15 points' ","'Men' ",6385
2010 ,"'15 points' ","'Women' ",8415
2010 ,"'16 points' ","'Men' ",4715
2010 ,"'16 points' ","'Women' ",6135
2010 ,"'17 points' ","'Men' ",2850
2010 ,"'17 points' ","'Women' ",3525
2010 ,"'18 points' ","'Men' ",2585
2010 ,"'18 points' ","'Women' ",2295
2011 ,"'3 points' ","'Men' ",100
2011 ,"'3 points' ","'Women' ",55
2011 ,"'4 points' ","'Men' ",330
2011 ,"'4 points' ","'Women' ",315
2011 ,"'5 points' ","'Men' ",935
2011 ,"'5 points' ","'Women' ",855
2011 ,"'6 points' ","'Men' ",1930
2011 ,"'6 points' ","'Women' ",1910
2011 ,"'7 points' ","'Men' ",3295
2011 ,"'7 points' ","'Women' ",3490
2011 ,"'8 points' ","'Men' ",4730
2011 ,"'8 points' ","'Women' ",5410
2011 ,"'9 points' ","'Men' ",6095
2011 ,"'9 points' ","'Women' ",7535
2011 ,"'10 points' ","'Men' ",6790
2011 ,"'10 points' ","'Women' ",8990
2011 ,"'11 points' ","'Men' ",6810
2011 ,"'11 points' ","'Women' ",9670
2011 ,"'12 points' ","'Men' ",7115
2011 ,"'12 points' ","'Women' ",10175
2011 ,"'13 points' ","'Men' ",6970
2011 ,"'13 points' ","'Women' ",9450
2011 ,"'14 points' ","'Men' ",6425
2011 ,"'14 points' ","'Women' ",8855
2011 ,"'15 points' ","'Men' ",6460
2011 ,"'15 points' ","'Women' ",8470
2011 ,"'16 points' ","'Men' ",4935
2011 ,"'16 points' ","'Women' ",6410
2011 ,"'17 points' ","'Men' ",3040
2011 ,"'17 points' ","'Women' ",3650
2011 ,"'18 points' ","'Men' ",2950
2011 ,"'18 points' ","'Women' ",2425
2012 ,"'3 points' ","'Men' ",80
2012 ,"'3 points' ","'Women' ",40
2012 ,"'4 points' ","'Men' ",365
2012 ,"'4 points' ","'Women' ",295
2012 ,"'5 points' ","'Men' ",955
2012 ,"'5 points' ","'Women' ",820
2012 ,"'6 points' ","'Men' ",1840
2012 ,"'6 points' ","'Women' ",1950
2012 ,"'7 points' ","'Men' ",3090
2012 ,"'7 points' ","'Women' ",3395
2012 ,"'8 points' ","'Men' ",4280
2012 ,"'8 points' ","'Women' ",5165
2012 ,"'9 points' ","'Men' ",5480
2012 ,"'9 points' ","'Women' ",7030
2012 ,"'10 points' ","'Men' ",6125
2012 ,"'10 points' ","'Women' ",8520
2012 ,"'11 points' ","'Men' ",6340
2012 ,"'11 points' ","'Women' ",9375
2012 ,"'12 points' ","'Men' ",6675
2012 ,"'12 points' ","'Women' ",9930
2012 ,"'13 points' ","'Men' ",6730
2012 ,"'13 points' ","'Women' ",9525
2012 ,"'14 points' ","'Men' ",6035
2012 ,"'14 points' ","'Women' ",8710
2012 ,"'15 points' ","'Men' ",6070
2012 ,"'15 points' ","'Women' ",8255
2012 ,"'16 points' ","'Men' ",4650
2012 ,"'16 points' ","'Women' ",5990
2012 ,"'17 points' ","'Men' ",2890
2012 ,"'17 points' ","'Women' ",3380
2012 ,"'18 points' ","'Men' ",2840
2012 ,"'18 points' ","'Women' ",2310
2013 ,"'3 points' ","'Men' ",85
2013 ,"'3 points' ","'Women' ",75
2013 ,"'4 points' ","'Men' ",325
2013 ,"'4 points' ","'Women' ",295
2013 ,"'5 points' ","'Men' ",935
2013 ,"'5 points' ","'Women' ",880
2013 ,"'6 points' ","'Men' ",1890
2013 ,"'6 points' ","'Women' ",1915
2013 ,"'7 points' ","'Men' ",3080
2013 ,"'7 points' ","'Women' ",3490
2013 ,"'8 points' ","'Men' ",4360
2013 ,"'8 points' ","'Women' ",5165
2013 ,"'9 points' ","'Men' ",5570
2013 ,"'9 points' ","'Women' ",7170
2013 ,"'10 points' ","'Men' ",6120
2013 ,"'10 points' ","'Women' ",8925
2013 ,"'11 points' ","'Men' ",6410
2013 ,"'11 points' ","'Women' ",9655
2013 ,"'12 points' ","'Men' ",6940
2013 ,"'12 points' ","'Women' ",10350
2013 ,"'13 points' ","'Men' ",6760
2013 ,"'13 points' ","'Women' ",9780
2013 ,"'14 points' ","'Men' ",6060
2013 ,"'14 points' ","'Women' ",8725
2013 ,"'15 points' ","'Men' ",5990
2013 ,"'15 points' ","'Women' ",8120
2013 ,"'16 points' ","'Men' ",4685
2013 ,"'16 points' ","'Women' ",5680
2013 ,"'17 points' ","'Men' ",2880
2013 ,"'17 points' ","'Women' ",3185
2013 ,"'18 points' ","'Men' ",2800
2013 ,"'18 points' ","'Women' ",2080
2014 ,"'3 points' ","'Men' ",85
2014 ,"'3 points' ","'Women' ",65
2014 ,"'4 points' ","'Men' ",385
2014 ,"'4 points' ","'Women' ",310
2014 ,"'5 points' ","'Men' ",985
2014 ,"'5 points' ","'Women' ",910
2014 ,"'6 points' ","'Men' ",2020
2014 ,"'6 points' ","'Women' ",2095
2014 ,"'7 points' ","'Men' ",3215
2014 ,"'7 points' ","'Women' ",3545
2014 ,"'8 points' ","'Men' ",4305
2014 ,"'8 points' ","'Women' ",5550
2014 ,"'9 points' ","'Men' ",5400
2014 ,"'9 points' ","'Women' ",7280
2014 ,"'10 points' ","'Men' ",6025
2014 ,"'10 points' ","'Women' ",8760
2014 ,"'11 points' ","'Men' ",6270
2014 ,"'11 points' ","'Women' ",9430
2014 ,"'12 points' ","'Men' ",6595
2014 ,"'12 points' ","'Women' ",10080
2014 ,"'13 points' ","'Men' ",6500
2014 ,"'13 points' ","'Women' ",9365
2014 ,"'14 points' ","'Men' ",5830
2014 ,"'14 points' ","'Women' ",8355
2014 ,"'15 points' ","'Men' ",5545
2014 ,"'15 points' ","'Women' ",7445
2014 ,"'16 points' ","'Men' ",4455
2014 ,"'16 points' ","'Women' ",5520
2014 ,"'17 points' ","'Men' ",3035
2014 ,"'17 points' ","'Women' ",3395
2014 ,"'18 points' ","'Men' ",2980
2014 ,"'18 points' ","'Women' ",2195
2015 ,"'3 points' ","'Men' ",85
2015 ,"'3 points' ","'Women' ",60
2015 ,"'4 points' ","'Men' ",365
2015 ,"'4 points' ","'Women' ",305
2015 ,"'5 points' ","'Men' ",1000
2015 ,"'5 points' ","'Women' ",910
2015 ,"'6 points' ","'Men' ",2030
2015 ,"'6 points' ","'Women' ",2035
2015 ,"'7 points' ","'Men' ",3200
2015 ,"'7 points' ","'Women' ",3785
2015 ,"'8 points' ","'Men' ",4370
2015 ,"'8 points' ","'Women' ",5820
2015 ,"'9 points' ","'Men' ",5525
2015 ,"'9 points' ","'Women' ",7790
2015 ,"'10 points' ","'Men' ",6230
2015 ,"'10 points' ","'Women' ",9210
2015 ,"'11 points' ","'Men' ",6500
2015 ,"'11 points' ","'Women' ",10110
2015 ,"'12 points' ","'Men' ",6915
2015 ,"'12 points' ","'Women' ",10570
2015 ,"'13 points' ","'Men' ",6460
2015 ,"'13 points' ","'Women' ",9805
2015 ,"'14 points' ","'Men' ",5740
2015 ,"'14 points' ","'Women' ",8625
2015 ,"'15 points' ","'Men' ",5440
2015 ,"'15 points' ","'Women' ",7645
2015 ,"'16 points' ","'Men' ",4500
2015 ,"'16 points' ","'Women' ",5695
2015 ,"'17 points' ","'Men' ",3175
2015 ,"'17 points' ","'Women' ",3430
2015 ,"'18 points' ","'Men' ",3125
2015 ,"'18 points' ","'Women' ",2155
2016 ,"'3 points' ","'Men' ",85
2016 ,"'3 points' ","'Women' ",70
2016 ,"'4 points' ","'Men' ",375
2016 ,"'4 points' ","'Women' ",340
2016 ,"'5 points' ","'Men' ",1005
2016 ,"'5 points' ","'Women' ",985
2016 ,"'6 points' ","'Men' ",1990
2016 ,"'6 points' ","'Women' ",2135
2016 ,"'7 points' ","'Men' ",3210
2016 ,"'7 points' ","'Women' ",3850
2016 ,"'8 points' ","'Men' ",4500
2016 ,"'8 points' ","'Women' ",5795
2016 ,"'9 points' ","'Men' ",5715
2016 ,"'9 points' ","'Women' ",7925
2016 ,"'10 points' ","'Men' ",6250
2016 ,"'10 points' ","'Women' ",9290
2016 ,"'11 points' ","'Men' ",6625
2016 ,"'11 points' ","'Women' ",10050
2016 ,"'12 points' ","'Men' ",6960
2016 ,"'12 points' ","'Women' ",10695
2016 ,"'13 points' ","'Men' ",6395
2016 ,"'13 points' ","'Women' ",9930
2016 ,"'14 points' ","'Men' ",5860
2016 ,"'14 points' ","'Women' ",8555
2016 ,"'15 points' ","'Men' ",5395
2016 ,"'15 points' ","'Women' ",7635
2016 ,"'16 points' ","'Men' ",4400
2016 ,"'16 points' ","'Women' ",5835
2016 ,"'17 points' ","'Men' ",3060
2016 ,"'17 points' ","'Women' ",3220
2016 ,"'18 points' ","'Men' ",2785
2016 ,"'18 points' ","'Women' ",1995
